ISO-10303-21;
HEADER;
FILE_DESCRIPTION (( 'STEP AP214' ),
    '1' );
FILE_NAME ('I6A4W010A033V-001-R.STEP',
    '2021-09-02T09:45:45',
    ( '' ),
    ( '' ),
    'SwSTEP 2.0',
    'SolidWorks 2017',
    '' );
FILE_SCHEMA (( 'AUTOMOTIVE_DESIGN' ));
ENDSEC;

DATA;
#1 = VERTEX_POINT ( 'NONE', #3299 ) ;
#2 = DIRECTION ( 'NONE',  ( 0.0000000000000000000, -0.0000000000000000000, 1.000000000000000000 ) ) ;
#3 = ORIENTED_EDGE ( 'NONE', *, *, #2477, .T. ) ;
#4 =( BOUNDED_CURVE ( )  B_SPLINE_CURVE ( 3, ( #1911, #5074, #2511, #2973 ),
 .UNSPECIFIED., .F., .T. ) 
 B_SPLINE_CURVE_WITH_KNOTS ( ( 4, 4 ),
 ( 3.141592653589793100, 4.104143401474478200 ),
 .UNSPECIFIED. ) 
 CURVE ( )  GEOMETRIC_REPRESENTATION_ITEM ( )  RATIONAL_B_SPLINE_CURVE ( ( 1.000000000000000000, 0.9242701736186124100, 0.9242701736186124100, 1.000000000000000000 ) ) 
 REPRESENTATION_ITEM ( '' )  );
#5 = ADVANCED_FACE ( 'NONE', ( #2687 ), #2793, .F. ) ;
#6 = LINE ( 'NONE', #3903, #1566 ) ;
#7 = CARTESIAN_POINT ( 'NONE',  ( -0.5500000000000000400, -0.1300000000021914500, 6.829619984160658000E-017 ) ) ;
#8 = VERTEX_POINT ( 'NONE', #5390 ) ;
#9 = FILL_AREA_STYLE_COLOUR ( '', #3900 ) ;
#10 = EDGE_LOOP ( 'NONE', ( #813, #2721, #3271, #3476, #1971, #5991, #1054, #1157 ) ) ;
#11 =( CONVERSION_BASED_UNIT ( 'INCH', #3342 ) LENGTH_UNIT ( ) NAMED_UNIT ( #3496 ) );
#12 = EDGE_CURVE ( 'NONE', #4405, #1150, #630, .T. ) ;
#13 = ORIENTED_EDGE ( 'NONE', *, *, #624, .F. ) ;
#14 = CARTESIAN_POINT ( 'NONE',  ( 0.5750675341375365300, 0.08401010114738471900, -0.1220760542113804300 ) ) ;
#15 = DIRECTION ( 'NONE',  ( 2.103589985011867000E-032, 1.000000000000000000, 2.316735806382460300E-016 ) ) ;
#16 = ORIENTED_EDGE ( 'NONE', *, *, #687, .F. ) ;
#17 = FACE_OUTER_BOUND ( 'NONE', #5226, .T. ) ;
#18 = CARTESIAN_POINT ( 'NONE',  ( -0.3420157480314957600, 0.2544251968503935500, -0.2407874015748163500 ) ) ;
#19 = VERTEX_POINT ( 'NONE', #5891 ) ;
#20 = VERTEX_POINT ( 'NONE', #1773 ) ;
#21 = VERTEX_POINT ( 'NONE', #1198 ) ;
#22 = EDGE_LOOP ( 'NONE', ( #4891, #148, #2877, #4424 ) ) ;
#23 = ADVANCED_FACE ( 'NONE', ( #5112 ), #4339, .T. ) ;
#24 = ORIENTED_EDGE ( 'NONE', *, *, #4449, .F. ) ;
#25 = AXIS2_PLACEMENT_3D ( 'NONE', #1232, #4929, #1827 ) ;
#26 = DIRECTION ( 'NONE',  ( -1.000000000000000000, 0.0000000000000000000, -2.775557561562890700E-017 ) ) ;
#27 = PLANE ( 'NONE',  #1462 ) ;
#28 = LINE ( 'NONE', #3803, #670 ) ;
#29 = EDGE_CURVE ( 'NONE', #3503, #4324, #3746, .T. ) ;
#30 = ORIENTED_EDGE ( 'NONE', *, *, #4462, .T. ) ;
#31 = CARTESIAN_POINT ( 'NONE',  ( 0.5904969134626352200, -2.827884352710569300E-017, 0.3309999999999847000 ) ) ;
#32 = FILL_AREA_STYLE_COLOUR ( '', #1383 ) ;
#33 = VECTOR ( 'NONE', #2126, 39.37007874015748100 ) ;
#34 = DIRECTION ( 'NONE',  ( -1.000000000000000000, 0.0000000000000000000, -0.0000000000000000000 ) ) ;
#35 = EDGE_CURVE ( 'NONE', #424, #1900, #1142, .T. ) ;
#36 = EDGE_CURVE ( 'NONE', #4397, #5144, #4751, .T. ) ;
#37 = CLOSED_SHELL ( 'NONE', ( #4158, #4057, #4635, #3474, #302, #2647 ) ) ;
#38 = ADVANCED_FACE ( 'NONE', ( #982 ), #3385, .T. ) ;
#39 = LINE ( 'NONE', #4375, #6394 ) ;
#40 = VERTEX_POINT ( 'NONE', #2346 ) ;
#41 = DIRECTION ( 'NONE',  ( 0.0000000000000000000, 2.220446049250313100E-016, -1.000000000000000000 ) ) ;
#42 = ORIENTED_EDGE ( 'NONE', *, *, #1306, .F. ) ;
#43 = LINE ( 'NONE', #909, #2249 ) ;
#44 = AXIS2_PLACEMENT_3D ( 'NONE', #4151, #3138, #6212 ) ;
#45 = LINE ( 'NONE', #4536, #3383 ) ;
#46 = CARTESIAN_POINT ( 'NONE',  ( -0.5499999999999998200, -0.1300000000021914200, -0.2999999999999999900 ) ) ;
#47 = VECTOR ( 'NONE', #3028, 39.37007874015748100 ) ;
#48 = VECTOR ( 'NONE', #6429, 39.37007874015748100 ) ;
#49 = CARTESIAN_POINT ( 'NONE',  ( 0.08850393700787395600, 0.02700787401574805700, -0.07301574803149810100 ) ) ;
#50 = DIRECTION ( 'NONE',  ( 0.0000000000000000000, 0.0000000000000000000, 1.000000000000000000 ) ) ;
#51 = ORIENTED_EDGE ( 'NONE', *, *, #5086, .F. ) ;
#52 = EDGE_CURVE ( 'NONE', #3893, #5631, #3948, .T. ) ;
#53 = DIRECTION ( 'NONE',  ( -1.000000000000000000, -0.0000000000000000000, -0.0000000000000000000 ) ) ;
#54 = ADVANCED_FACE ( 'NONE', ( #3045 ), #768, .F. ) ;
#55 = SURFACE_STYLE_FILL_AREA ( #5496 ) ;
#56 = ORIENTED_EDGE ( 'NONE', *, *, #1212, .T. ) ;
#57 = LINE ( 'NONE', #2420, #3980 ) ;
#58 = ORIENTED_EDGE ( 'NONE', *, *, #6029, .T. ) ;
#59 = DIRECTION ( 'NONE',  ( 3.902639990948943500E-015, 5.551115123125798700E-017, -1.000000000000000000 ) ) ;
#60 = DIRECTION ( 'NONE',  ( -0.0000000000000000000, 6.982962677686265900E-015, 1.000000000000000000 ) ) ;
#61 = CARTESIAN_POINT ( 'NONE',  ( 0.5095030865373667600, 1.208478162094115100E-016, -0.2690000000000001300 ) ) ;
#62 = CIRCLE ( 'NONE', #4585, 0.01999999999999990700 ) ;
#63 = ORIENTED_EDGE ( 'NONE', *, *, #3781, .F. ) ;
#64 = DIRECTION ( 'NONE',  ( 4.268512490759537700E-016, 1.000000000000000000, -1.822019888377020100E-031 ) ) ;
#65 = DIRECTION ( 'NONE',  ( -1.000000000000000000, -0.0000000000000000000, 0.0000000000000000000 ) ) ;
#66 = DIRECTION ( 'NONE',  ( -1.000000000000000000, 0.0000000000000000000, 0.0000000000000000000 ) ) ;
#67 = LINE ( 'NONE', #2515, #3807 ) ;
#68 = AXIS2_PLACEMENT_3D ( 'NONE', #5222, #6396, #2770 ) ;
#69 = CARTESIAN_POINT ( 'NONE',  ( -0.6500000000000000200, 0.08999999999999538900, -0.1990000000000020900 ) ) ;
#70 = DIRECTION ( 'NONE',  ( -1.000000000000000000, 0.0000000000000000000, -3.197460410711471300E-015 ) ) ;
#71 = EDGE_CURVE ( 'NONE', #5740, #88, #5732, .T. ) ;
#72 = CARTESIAN_POINT ( 'NONE',  ( 0.5859999999999999700, 0.09000000000000013500, 0.01586072192556194400 ) ) ;
#73 = FACE_OUTER_BOUND ( 'NONE', #6189, .T. ) ;
#74 = CARTESIAN_POINT ( 'NONE',  ( -0.3419999999999992500, 0.2544251968503936600, 0.2192125984251971100 ) ) ;
#75 = FACE_OUTER_BOUND ( 'NONE', #10, .T. ) ;
#76 = ORIENTED_EDGE ( 'NONE', *, *, #687, .T. ) ;
#77 = VERTEX_POINT ( 'NONE', #3498 ) ;
#78 = AXIS2_PLACEMENT_3D ( 'NONE', #5852, #79, #5054 ) ;
#79 = DIRECTION ( 'NONE',  ( 2.428612866367530200E-017, 1.000000000000000000, 5.551115123125781500E-017 ) ) ;
#80 = PLANE ( 'NONE',  #4273 ) ;
#81 = CIRCLE ( 'NONE', #3772, 0.01999999999999990700 ) ;
#82 = CARTESIAN_POINT ( 'NONE',  ( -0.5635324800440386600, 0.08049654212842387300, -0.2649999999999999600 ) ) ;
#83 = VECTOR ( 'NONE', #65, 39.37007874015748100 ) ;
#84 = DIRECTION ( 'NONE',  ( -0.7071067811865475700, -4.937700262164529900E-015, -0.7071067811865475700 ) ) ;
#85 = AXIS2_PLACEMENT_3D ( 'NONE', #1201, #1798, #5979 ) ;
#86 = EDGE_LOOP ( 'NONE', ( #5323, #5959, #5211, #1254 ) ) ;
#87 = DIRECTION ( 'NONE',  ( -1.000000000000000000, -1.878372261753385200E-016, -7.298942468355438900E-032 ) ) ;
#88 = VERTEX_POINT ( 'NONE', #3457 ) ;
#89 = DIRECTION ( 'NONE',  ( -1.000000000000000000, -1.117039367744597100E-032, -1.550203531853473500E-048 ) ) ;
#90 =( BOUNDED_CURVE ( )  B_SPLINE_CURVE ( 3, ( #3313, #246, #1283, #1834 ),
 .UNSPECIFIED., .F., .F. ) 
 B_SPLINE_CURVE_WITH_KNOTS ( ( 4, 4 ),
 ( 2.052050785681585500, 3.141592653589789600 ),
 .UNSPECIFIED. ) 
 CURVE ( )  GEOMETRIC_REPRESENTATION_ITEM ( )  RATIONAL_B_SPLINE_CURVE ( ( 1.000000000000000000, 0.9034973468845370900, 0.9034973468845370900, 1.000000000000000000 ) ) 
 REPRESENTATION_ITEM ( '' )  );
#91 = VECTOR ( 'NONE', #4253, 39.37007874015748100 ) ;
#92 = PRODUCT_RELATED_PRODUCT_CATEGORY ( 'part', '', ( #5846 ) ) ;
#93 = VERTEX_POINT ( 'NONE', #855 ) ;
#94 =( CONVERSION_BASED_UNIT ( 'INCH', #4388 ) LENGTH_UNIT ( ) NAMED_UNIT ( #202 ) );
#95 = ORIENTED_EDGE ( 'NONE', *, *, #5041, .T. ) ;
#96 = AXIS2_PLACEMENT_3D ( 'NONE', #1252, #733, #3787 ) ;
#97 = DIRECTION ( 'NONE',  ( 1.665334536937734800E-016, 0.0000000000000000000, 1.000000000000000000 ) ) ;
#98 = CARTESIAN_POINT ( 'NONE',  ( -0.4130000000000000900, 0.02700787401574796700, 0.2855039370078653000 ) ) ;
#99 = ORIENTED_EDGE ( 'NONE', *, *, #523, .T. ) ;
#100 = LENGTH_MEASURE_WITH_UNIT ( LENGTH_MEASURE( 0.02539999999999999900 ), #4006 );
#101 = FILL_AREA_STYLE_COLOUR ( '', #4921 ) ;
#102 = CARTESIAN_POINT ( 'NONE',  ( -0.01546456692913367200, 0.05062992125983971400, 0.06014960629919809100 ) ) ;
#103 = ORIENTED_EDGE ( 'NONE', *, *, #4156, .T. ) ;
#104 = ORIENTED_EDGE ( 'NONE', *, *, #2818, .F. ) ;
#105 = ORIENTED_EDGE ( 'NONE', *, *, #3567, .F. ) ;
#106 = CARTESIAN_POINT ( 'NONE',  ( 0.4125039370078740200, 0.08999999999999498700, -0.2540157480315059500 ) ) ;
#107 = ORIENTED_EDGE ( 'NONE', *, *, #2029, .T. ) ;
#108 = VECTOR ( 'NONE', #1387, 39.37007874015748100 ) ;
#109 = CARTESIAN_POINT ( 'NONE',  ( -0.5499999999999999300, -0.1300000000000000900, 0.2800000000000004200 ) ) ;
#110 = EDGE_LOOP ( 'NONE', ( #2233, #317, #6331, #574, #2152 ) ) ;
#111 = CARTESIAN_POINT ( 'NONE',  ( -0.6500000000000000200, 0.1559999999999994400, 0.3833779527559023600 ) ) ;
#112 = DIRECTION ( 'NONE',  ( 1.951319995474473700E-015, 2.775557561562893800E-017, -1.000000000000000000 ) ) ;
#113 = DIRECTION ( 'NONE',  ( 0.0000000000000000000, -1.817932429810995400E-016, 1.000000000000000000 ) ) ;
#114 = ORIENTED_EDGE ( 'NONE', *, *, #3076, .T. ) ;
#115 = ORIENTED_EDGE ( 'NONE', *, *, #3857, .F. ) ;
#116 = CARTESIAN_POINT ( 'NONE',  ( -0.6500000000000000200, 0.08999999999999483400, -0.2763925329609464000 ) ) ;
#117 = VECTOR ( 'NONE', #4669, 39.37007874015748100 ) ;
#118 = VECTOR ( 'NONE', #1920, 39.37007874015748100 ) ;
#119 = AXIS2_PLACEMENT_3D ( 'NONE', #1662, #2124, #2668 ) ;
#120 = FILL_AREA_STYLE ('',( #2488 ) ) ;
#121 = EDGE_CURVE ( 'NONE', #2661, #1077, #4605, .T. ) ;
#122 = ORIENTED_EDGE ( 'NONE', *, *, #869, .T. ) ;
#123 = VECTOR ( 'NONE', #2427, 39.37007874015748100 ) ;
#124 = PLANE ( 'NONE',  #3360 ) ;
#125 = DIRECTION ( 'NONE',  ( 0.0000000000000000000, 1.817932429810994000E-016, -1.000000000000000000 ) ) ;
#126 = CARTESIAN_POINT ( 'NONE',  ( 0.4754960629921261000, 0.02700787401574803900, -0.07301574803150034900 ) ) ;
#127 = VECTOR ( 'NONE', #4988, 39.37007874015748100 ) ;
#128 = EDGE_CURVE ( 'NONE', #5025, #4140, #5989, .T. ) ;
#129 = EDGE_CURVE ( 'NONE', #4602, #6439, #4359, .T. ) ;
#130 = STYLED_ITEM ( 'NONE', ( #5097 ), #1138 ) ;
#131 = CARTESIAN_POINT ( 'NONE',  ( 0.5500000000000000400, 9.588220965226875800E-017, -0.2690000000000001300 ) ) ;
#132 = CARTESIAN_POINT ( 'NONE',  ( -0.2870157480314961000, 0.02700787401574797000, 0.2855039370078653000 ) ) ;
#133 = DIRECTION ( 'NONE',  ( 0.0000000000000000000, -1.000000000000000000, -3.885780586188047400E-016 ) ) ;
#134 = FACE_OUTER_BOUND ( 'NONE', #4993, .T. ) ;
#135 = LENGTH_MEASURE_WITH_UNIT ( LENGTH_MEASURE( 0.02539999999999999900 ), #5603 );
#136 = CARTESIAN_POINT ( 'NONE',  ( -0.05907086614172500600, 0.1993070866141732300, -0.2530708661417397400 ) ) ;
#137 = FACE_OUTER_BOUND ( 'NONE', #3696, .T. ) ;
#138 = PLANE ( 'NONE',  #2225 ) ;
#139 = VERTEX_POINT ( 'NONE', #6031 ) ;
#140 = CARTESIAN_POINT ( 'NONE',  ( 0.5723397459627690400, -0.1450000000001269400, -0.2999999999999998800 ) ) ;
#141 = CARTESIAN_POINT ( 'NONE',  ( 0.5138199173461132100, 0.08368936704111797100, -0.2591061108278848200 ) ) ;
#142 = FACE_OUTER_BOUND ( 'NONE', #1162, .T. ) ;
#143 = DIRECTION ( 'NONE',  ( 1.000000000000000000, 3.727702946345641200E-032, -1.665334536937734800E-016 ) ) ;
#144 = PRESENTATION_STYLE_ASSIGNMENT (( #2191 ) ) ;
#145 = DIRECTION ( 'NONE',  ( 0.0000000000000000000, 0.0000000000000000000, 1.000000000000000000 ) ) ;
#146 = EDGE_CURVE ( 'NONE', #2492, #1244, #763, .T. ) ;
#147 = DIRECTION ( 'NONE',  ( -0.0000000000000000000, 1.000000000000000000, -6.982962677686265900E-015 ) ) ;
#148 = ORIENTED_EDGE ( 'NONE', *, *, #523, .F. ) ;
#149 = DIRECTION ( 'NONE',  ( -5.551115123125788900E-017, 0.0000000000000000000, 1.000000000000000000 ) ) ;
#150 = FACE_OUTER_BOUND ( 'NONE', #2622, .T. ) ;
#151 = CARTESIAN_POINT ( 'NONE',  ( -0.4679842519685034100, 0.1559999999999936400, -0.4500000000000011200 ) ) ;
#152 = CARTESIAN_POINT ( 'NONE',  ( 0.5500000000000000400, 1.355238289297935100E-016, 0.02000000000000005900 ) ) ;
#153 = CARTESIAN_POINT ( 'NONE',  ( 0.5364675199559608700, 0.08049654212842388700, -0.1849999999999999100 ) ) ;
#154 = AXIS2_PLACEMENT_3D ( 'NONE', #785, #2355, #1281 ) ;
#155 = CARTESIAN_POINT ( 'NONE',  ( -0.05785826771653521800, 0.1953700787401574400, 0.3833779527559031400 ) ) ;
#156 = VECTOR ( 'NONE', #2589, 39.37007874015748100 ) ;
#157 = CIRCLE ( 'NONE', #423, 0.01133974596105147500 ) ;
#158 = EDGE_CURVE ( 'NONE', #2095, #732, #6140, .T. ) ;
#159 = ORIENTED_EDGE ( 'NONE', *, *, #4013, .T. ) ;
#160 = CARTESIAN_POINT ( 'NONE',  ( 0.2505039370078740400, 0.02700787401574809800, -0.2540157480314970700 ) ) ;
#161 = DIRECTION ( 'NONE',  ( -1.000000000000000000, -8.998862438468698800E-017, -1.635932385830027800E-032 ) ) ;
#162 = DIRECTION ( 'NONE',  ( 0.0000000000000000000, 0.4447342106578353600, 0.8956625937653933700 ) ) ;
#163 = VECTOR ( 'NONE', #4113, 39.37007874015748100 ) ;
#164 = LINE ( 'NONE', #3677, #890 ) ;
#165 = DIRECTION ( 'NONE',  ( 1.000000000000000000, -1.097892830587056500E-017, 2.931445041047931400E-016 ) ) ;
#166 = EDGE_CURVE ( 'NONE', #4037, #19, #1651, .T. ) ;
#167 = VERTEX_POINT ( 'NONE', #3987 ) ;
#168 = EDGE_CURVE ( 'NONE', #2549, #1977, #3117, .T. ) ;
#169 = DIRECTION ( 'NONE',  ( -0.0000000000000000000, -0.0000000000000000000, -1.000000000000000000 ) ) ;
#170 = SURFACE_STYLE_USAGE ( .BOTH. , #2842 ) ;
#171 = ORIENTED_EDGE ( 'NONE', *, *, #5952, .F. ) ;
#172 = LINE ( 'NONE', #5399, #486 ) ;
#173 =( NAMED_UNIT ( * ) SI_UNIT ( $, .STERADIAN. ) SOLID_ANGLE_UNIT ( ) );
#174 = CARTESIAN_POINT ( 'NONE',  ( -0.6500000000000000200, 0.1559999999999940600, -0.3869291338582751500 ) ) ;
#175 = ORIENTED_EDGE ( 'NONE', *, *, #6370, .T. ) ;
#176 = AXIS2_PLACEMENT_3D ( 'NONE', #5556, #819, #1364 ) ;
#177 = DIRECTION ( 'NONE',  ( 0.0000000000000000000, -2.775557561562874400E-017, 1.000000000000000000 ) ) ;
#178 = EDGE_LOOP ( 'NONE', ( #5280, #5518, #3195, #4173, #2380 ) ) ;
#179 = PLANE ( 'NONE',  #4998 ) ;
#180 = SURFACE_STYLE_FILL_AREA ( #4417 ) ;
#181 = VERTEX_POINT ( 'NONE', #5522 ) ;
#182 = DIRECTION ( 'NONE',  ( 0.0000000000000000000, 1.000000000000000000, 0.0000000000000000000 ) ) ;
#183 = FACE_OUTER_BOUND ( 'NONE', #287, .T. ) ;
#184 = ORIENTED_EDGE ( 'NONE', *, *, #2943, .T. ) ;
#185 = ORIENTED_EDGE ( 'NONE', *, *, #6002, .F. ) ;
#186 = EDGE_CURVE ( 'NONE', #2125, #88, #1517, .T. ) ;
#187 = ORIENTED_EDGE ( 'NONE', *, *, #4325, .F. ) ;
#188 = ORIENTED_EDGE ( 'NONE', *, *, #5672, .T. ) ;
#189 = PLANE ( 'NONE',  #913 ) ;
#190 = CARTESIAN_POINT ( 'NONE',  ( 0.6010000000000019800, -1.280553747030123400E-017, 0.3309999999999847000 ) ) ;
#191 = ORIENTED_EDGE ( 'NONE', *, *, #6317, .F. ) ;
#192 = LINE ( 'NONE', #3302, #5819 ) ;
#193 = DIRECTION ( 'NONE',  ( 1.604619215278546300E-017, 1.000000000000000000, 2.775557561562891400E-017 ) ) ;
#194 = EDGE_LOOP ( 'NONE', ( #2820, #2006, #736, #3143 ) ) ;
#195 = ORIENTED_EDGE ( 'NONE', *, *, #5882, .F. ) ;
#196 = DIRECTION ( 'NONE',  ( 3.572603406767967500E-017, 1.000000000000000000, 0.0000000000000000000 ) ) ;
#197 = ORIENTED_EDGE ( 'NONE', *, *, #5391, .T. ) ;
#198 = LINE ( 'NONE', #2951, #3954 ) ;
#199 = VERTEX_POINT ( 'NONE', #1944 ) ;
#200 = CARTESIAN_POINT ( 'NONE',  ( -0.4679842519685034100, 0.1559999999999994400, 0.1002125984251970400 ) ) ;
#201 = CARTESIAN_POINT ( 'NONE',  ( 0.5500000000000000400, 0.1300000000000001400, 2.048885995248197400E-016 ) ) ;
#202 = DIMENSIONAL_EXPONENTS ( 1.000000000000000000, 0.0000000000000000000, 0.0000000000000000000, 0.0000000000000000000, 0.0000000000000000000, 0.0000000000000000000, 0.0000000000000000000 ) ;
#203 =( CONVERSION_BASED_UNIT ( 'INCH', #3760 ) LENGTH_UNIT ( ) NAMED_UNIT ( #3597 ) );
#204 = ORIENTED_EDGE ( 'NONE', *, *, #2437, .F. ) ;
#205 = LENGTH_MEASURE_WITH_UNIT ( LENGTH_MEASURE( 0.02539999999999999900 ), #4905 );
#206 =( NAMED_UNIT ( * ) PLANE_ANGLE_UNIT ( ) SI_UNIT ( $, .RADIAN. ) );
#207 = CARTESIAN_POINT ( 'NONE',  ( -0.4130000000000000900, 0.02700787401574797000, 0.3484960629921173300 ) ) ;
#208 = DIRECTION ( 'NONE',  ( 0.0000000000000000000, 0.0000000000000000000, -1.000000000000000000 ) ) ;
#209 = EDGE_CURVE ( 'NONE', #3108, #1671, #6211, .T. ) ;
#210 = VECTOR ( 'NONE', #2547, 39.37007874015748100 ) ;
#211 = DIRECTION ( 'NONE',  ( -1.000000000000000000, -0.0000000000000000000, -1.021933762300339900E-014 ) ) ;
#212 = PLANE ( 'NONE',  #85 ) ;
#213 = UNCERTAINTY_MEASURE_WITH_UNIT (LENGTH_MEASURE( 1.000000000000000100E-005 ), #2393, 'distance_accuracy_value', 'NONE');
#214 = FACE_OUTER_BOUND ( 'NONE', #3016, .T. ) ;
#215 = EDGE_CURVE ( 'NONE', #2799, #5970, #671, .T. ) ;
#216 = LINE ( 'NONE', #6398, #5595 ) ;
#217 = CARTESIAN_POINT ( 'NONE',  ( -0.5386602540370186700, -0.1450000000001269200, -0.2999999999999999900 ) ) ;
#218 = EDGE_LOOP ( 'NONE', ( #1084, #2552, #5689, #2306, #2145 ) ) ;
#219 =( LENGTH_UNIT ( ) NAMED_UNIT ( * ) SI_UNIT ( $, .METRE. ) );
#220 = CARTESIAN_POINT ( 'NONE',  ( -0.5787228132326903700, -2.226438938113795900E-017, 0.3200000000000001200 ) ) ;
#221 = FACE_OUTER_BOUND ( 'NONE', #3765, .T. ) ;
#222 = CARTESIAN_POINT ( 'NONE',  ( 0.3944960629921259700, 0.08999999999999626400, -0.07301574803150356900 ) ) ;
#223 = ORIENTED_EDGE ( 'NONE', *, *, #1183, .T. ) ;
#224 = ORIENTED_EDGE ( 'NONE', *, *, #3782, .T. ) ;
#225 = PRESENTATION_LAYER_ASSIGNMENT (  '', '', ( #6150 ) ) ;
#226 = MANIFOLD_SOLID_BREP ( 'I6A4W010A033V-001-R-1-solid9', #6525 ) ;
#227 = CARTESIAN_POINT ( 'NONE',  ( 0.5500000000000000400, 0.1300000000000001400, 0.03500000000000020500 ) ) ;
#228 = DIRECTION ( 'NONE',  ( 1.000000000000000000, 0.0000000000000000000, 0.0000000000000000000 ) ) ;
#229 = CARTESIAN_POINT ( 'NONE',  ( -0.01662992125984251400, 0.04078740157480196400, 0.3426062992125839000 ) ) ;
#230 = COLOUR_RGB ( '',0.5882352941176470800, 0.2941176470588235400, 0.0000000000000000000 ) ;
#231 = VERTEX_POINT ( 'NONE', #397 ) ;
#232 = ADVANCED_FACE ( 'NONE', ( #934 ), #5599, .T. ) ;
#233 =( LENGTH_UNIT ( ) NAMED_UNIT ( * ) SI_UNIT ( $, .METRE. ) );
#234 = DIRECTION ( 'NONE',  ( 0.0000000000000000000, -6.982962677686265900E-015, -1.000000000000000000 ) ) ;
#235 = LENGTH_MEASURE_WITH_UNIT ( LENGTH_MEASURE( 0.02539999999999999900 ), #5702 );
#236 = CARTESIAN_POINT ( 'NONE',  ( -0.5699999999995069000, -0.1300000000000000900, 0.3000000000000003800 ) ) ;
#237 = CARTESIAN_POINT ( 'NONE',  ( 0.5383137692791075700, 0.009374999999999980600, -0.03499999999999979500 ) ) ;
#238 = DIRECTION ( 'NONE',  ( -0.0000000000000000000, 1.000000000000000000, -6.982962677686265900E-015 ) ) ;
#239 = CARTESIAN_POINT ( 'NONE',  ( 0.5500000000000000400, 0.1300000000000000000, -0.1849999999999999100 ) ) ;
#240 = LINE ( 'NONE', #700, #2679 ) ;
#241 = FACE_OUTER_BOUND ( 'NONE', #822, .T. ) ;
#242 = CARTESIAN_POINT ( 'NONE',  ( -0.3419999999999989700, 0.1559999999999936400, -0.4500000000000011200 ) ) ;
#243 = VECTOR ( 'NONE', #4350, 39.37007874015748100 ) ;
#244 = EDGE_LOOP ( 'NONE', ( #2606, #5644, #5259, #3545 ) ) ;
#245 = VERTEX_POINT ( 'NONE', #3524 ) ;
#246 = CARTESIAN_POINT ( 'NONE',  ( 0.5861800826538893200, 0.08368936704111798500, 0.3408938891720992800 ) ) ;
#247 = EDGE_CURVE ( 'NONE', #4050, #2472, #2236, .T. ) ;
#248 = VECTOR ( 'NONE', #3226, 39.37007874015748100 ) ;
#249 = DIRECTION ( 'NONE',  ( 1.443715117715858200E-017, 1.000000000000000000, -1.487922068800906600E-016 ) ) ;
#250 = CARTESIAN_POINT ( 'NONE',  ( 0.4125039370078740800, 0.02700787401574881000, -0.3800000000000098300 ) ) ;
#251 = EDGE_LOOP ( 'NONE', ( #5362, #2945, #508, #6565 ) ) ;
#252 = DIRECTION ( 'NONE',  ( -2.168404344971011000E-017, 1.000000000000000000, 0.0000000000000000000 ) ) ;
#253 = VERTEX_POINT ( 'NONE', #2585 ) ;
#254 = DIRECTION ( 'NONE',  ( -1.000000000000000000, -0.0000000000000000000, -3.491481338843133000E-015 ) ) ;
#255 = ORIENTED_EDGE ( 'NONE', *, *, #5379, .F. ) ;
#256 = EDGE_CURVE ( 'NONE', #1925, #6271, #3453, .T. ) ;
#257 = VECTOR ( 'NONE', #806, 39.37007874015748100 ) ;
#258 = EDGE_CURVE ( 'NONE', #1411, #3855, #2000, .T. ) ;
#259 = CARTESIAN_POINT ( 'NONE',  ( 0.5095030865373690900, 0.0000000000000000000, 0.2689999999999845300 ) ) ;
#260 = VERTEX_POINT ( 'NONE', #5936 ) ;
#261 = ORIENTED_EDGE ( 'NONE', *, *, #3734, .T. ) ;
#262 = VERTEX_POINT ( 'NONE', #4877 ) ;
#263 = LINE ( 'NONE', #5941, #1001 ) ;
#264 = CARTESIAN_POINT ( 'NONE',  ( -0.4679999999999999200, 0.1559999999999958900, -0.1257874015748162700 ) ) ;
#265 = VERTEX_POINT ( 'NONE', #4846 ) ;
#266 = ORIENTED_EDGE ( 'NONE', *, *, #2603, .T. ) ;
#267 = CARTESIAN_POINT ( 'NONE',  ( 0.5500000000000001600, -0.1299999999999999500, -0.1499999999999999700 ) ) ;
#268 = ORIENTED_EDGE ( 'NONE', *, *, #2790, .F. ) ;
#269 = DIRECTION ( 'NONE',  ( 0.0000000000000000000, 0.0000000000000000000, 1.000000000000000000 ) ) ;
#270 = ORIENTED_EDGE ( 'NONE', *, *, #3896, .T. ) ;
#271 = ADVANCED_FACE ( 'NONE', ( #4111 ), #1008, .F. ) ;
#272 = ORIENTED_EDGE ( 'NONE', *, *, #381, .F. ) ;
#273 = CARTESIAN_POINT ( 'NONE',  ( 0.5500000000000000400, 1.707404996040164500E-017, -0.1499999999999999100 ) ) ;
#274 = VECTOR ( 'NONE', #4847, 39.37007874015748100 ) ;
#275 = ORIENTED_EDGE ( 'NONE', *, *, #4462, .F. ) ;
#276 = ORIENTED_EDGE ( 'NONE', *, *, #3654, .F. ) ;
#277 = CARTESIAN_POINT ( 'NONE',  ( -0.5188000400641282800, 0.08999999999999996900, -0.01586072192556194400 ) ) ;
#278 = CARTESIAN_POINT ( 'NONE',  ( -0.5500000000000000400, -5.838498581974958100E-017, 0.01999999999999992400 ) ) ;
#279 = EDGE_LOOP ( 'NONE', ( #3849, #4345, #726, #3173 ) ) ;
#280 = VECTOR ( 'NONE', #2066, 39.37007874015748100 ) ;
#281 = EDGE_CURVE ( 'NONE', #5724, #5355, #6302, .T. ) ;
#282 = VECTOR ( 'NONE', #6119, 39.37007874015748100 ) ;
#283 = DIRECTION ( 'NONE',  ( 0.0000000000000000000, 0.5299989400031777100, -0.8479983040050892400 ) ) ;
#284 = CARTESIAN_POINT ( 'NONE',  ( 0.3944960629921259700, 0.08999999999999362700, -0.4500000000000007300 ) ) ;
#285 = CARTESIAN_POINT ( 'NONE',  ( 0.5500000000000021500, -0.1449999999978890100, 0.2776602540356680700 ) ) ;
#286 = FILL_AREA_STYLE_COLOUR ( '', #5012 ) ;
#287 = EDGE_LOOP ( 'NONE', ( #3773, #3434 ) ) ;
#288 = LINE ( 'NONE', #4805, #6732 ) ;
#289 = DIRECTION ( 'NONE',  ( -5.551115123125773500E-017, 6.982962677686265900E-015, 1.000000000000000000 ) ) ;
#290 = CARTESIAN_POINT ( 'NONE',  ( 0.5811999599358715900, 0.09000000000000013500, -0.01586072192556180900 ) ) ;
#291 = EDGE_CURVE ( 'NONE', #1977, #1220, #354, .T. ) ;
#292 = LINE ( 'NONE', #227, #3875 ) ;
#293 = LINE ( 'NONE', #2036, #1449 ) ;
#294 = DIRECTION ( 'NONE',  ( 1.339141173364835400E-015, 0.0000000000000000000, 1.000000000000000000 ) ) ;
#295 = PLANE ( 'NONE',  #4479 ) ;
#296 = FACE_OUTER_BOUND ( 'NONE', #3167, .T. ) ;
#297 = CARTESIAN_POINT ( 'NONE',  ( -0.6500000000000000200, 0.08999999999999991300, 0.4499999999999991800 ) ) ;
#298 = EDGE_CURVE ( 'NONE', #3172, #5737, #594, .T. ) ;
#299 = EDGE_CURVE ( 'NONE', #1679, #231, #2398, .T. ) ;
#300 = CARTESIAN_POINT ( 'NONE',  ( 0.5661699190787523600, 0.009999999999999969000, 0.3509999999999846600 ) ) ;
#301 =( BOUNDED_CURVE ( )  B_SPLINE_CURVE ( 3, ( #4636, #930, #1959, #3084 ),
 .UNSPECIFIED., .F., .F. ) 
 B_SPLINE_CURVE_WITH_KNOTS ( ( 4, 4 ),
 ( 5.365730481763133500, 6.283185307179586200 ),
 .UNSPECIFIED. ) 
 CURVE ( )  GEOMETRIC_REPRESENTATION_ITEM ( )  RATIONAL_B_SPLINE_CURVE ( ( 1.000000000000000000, 0.9310778230156160400, 0.9310778230156160400, 1.000000000000000000 ) ) 
 REPRESENTATION_ITEM ( '' )  );
#302 = ADVANCED_FACE ( 'NONE', ( #3280 ), #1471, .F. ) ;
#303 = VECTOR ( 'NONE', #4336, 39.37007874015748100 ) ;
#304 = DIRECTION ( 'NONE',  ( 1.000000000000000000, -0.0000000000000000000, 0.0000000000000000000 ) ) ;
#305 = DIRECTION ( 'NONE',  ( 0.0000000000000000000, 0.0000000000000000000, 1.000000000000000000 ) ) ;
#306 = AXIS2_PLACEMENT_3D ( 'NONE', #5964, #6505, #5916 ) ;
#307 = VERTEX_POINT ( 'NONE', #5150 ) ;
#308 = AXIS2_PLACEMENT_3D ( 'NONE', #3067, #5652, #4123 ) ;
#309 = CARTESIAN_POINT ( 'NONE',  ( 0.3315039370078740600, 0.02700787401574811200, -0.1990000000000075600 ) ) ;
#310 = VECTOR ( 'NONE', #993, 39.37007874015748100 ) ;
#311 = ORIENTED_EDGE ( 'NONE', *, *, #3279, .T. ) ;
#312 = DIRECTION ( 'NONE',  ( 1.604619215278546300E-017, 1.000000000000000000, 2.775557561562891400E-017 ) ) ;
#313 = EDGE_CURVE ( 'NONE', #2068, #181, #4922, .T. ) ;
#314 = DIRECTION ( 'NONE',  ( 0.0000000000000000000, 0.8660254037869308300, 0.4999999999956834000 ) ) ;
#315 = COLOUR_RGB ( '',1.000000000000000000, 0.8117647058823529400, 0.5019607843137254800 ) ;
#316 = CARTESIAN_POINT ( 'NONE',  ( 0.5603070866141748300, 0.4739999999999999800, 0.2419370078740151800 ) ) ;
#317 = ORIENTED_EDGE ( 'NONE', *, *, #331, .T. ) ;
#318 =( NAMED_UNIT ( * ) PLANE_ANGLE_UNIT ( ) SI_UNIT ( $, .RADIAN. ) );
#319 = CARTESIAN_POINT ( 'NONE',  ( 0.5603070866141763900, 0.4739999999999999800, -0.1911338582677171400 ) ) ;
#320 = VECTOR ( 'NONE', #3988, 39.37007874015748100 ) ;
#321 = VECTOR ( 'NONE', #4948, 39.37007874015748100 ) ;
#322 = FACE_OUTER_BOUND ( 'NONE', #1583, .T. ) ;
#323 = CARTESIAN_POINT ( 'NONE',  ( 0.5279550328935341800, 0.005993953971255751800, -0.02959032635400898900 ) ) ;
#324 = ORIENTED_EDGE ( 'NONE', *, *, #1695, .F. ) ;
#325 = ORIENTED_EDGE ( 'NONE', *, *, #2753, .F. ) ;
#326 = CARTESIAN_POINT ( 'NONE',  ( -0.5364675199559608700, 0.08049654212842384500, -0.03499999999999996900 ) ) ;
#327 = ADVANCED_FACE ( 'NONE', ( #2074 ), #428, .F. ) ;
#328 =( NAMED_UNIT ( * ) PLANE_ANGLE_UNIT ( ) SI_UNIT ( $, .RADIAN. ) );
#329 = EDGE_LOOP ( 'NONE', ( #4415, #4859, #1581, #3357, #1799 ) ) ;
#330 = AXIS2_PLACEMENT_3D ( 'NONE', #2740, #4309, #4376 ) ;
#331 = EDGE_CURVE ( 'NONE', #4813, #5282, #2894, .T. ) ;
#332 = ORIENTED_EDGE ( 'NONE', *, *, #725, .T. ) ;
#333 = DIRECTION ( 'NONE',  ( 0.0000000000000000000, -6.982962677686265900E-015, -1.000000000000000000 ) ) ;
#334 = DIRECTION ( 'NONE',  ( 0.0000000000000000000, 5.551115123125777200E-017, -1.000000000000000000 ) ) ;
#335 = ORIENTED_EDGE ( 'NONE', *, *, #6197, .F. ) ;
#336 = VECTOR ( 'NONE', #3751, 39.37007874015748100 ) ;
#337 = CARTESIAN_POINT ( 'NONE',  ( -0.4679842519685034100, 0.1559999999999975900, 0.001787401574803257200 ) ) ;
#338 = VERTEX_POINT ( 'NONE', #4100 ) ;
#339 = EDGE_CURVE ( 'NONE', #6475, #4098, #2732, .T. ) ;
#340 = CARTESIAN_POINT ( 'NONE',  ( -0.5500000000000000400, -5.122214988120493500E-017, 0.3000000000000002700 ) ) ;
#341 = VECTOR ( 'NONE', #6390, 39.37007874015748100 ) ;
#342 = PLANE ( 'NONE',  #3033 ) ;
#343 =( NAMED_UNIT ( * ) PLANE_ANGLE_UNIT ( ) SI_UNIT ( $, .RADIAN. ) );
#344 = ORIENTED_EDGE ( 'NONE', *, *, #1574, .F. ) ;
#345 = ORIENTED_EDGE ( 'NONE', *, *, #6382, .F. ) ;
#346 = UNCERTAINTY_MEASURE_WITH_UNIT (LENGTH_MEASURE( 1.000000000000000100E-005 ), #366, 'distance_accuracy_value', 'NONE');
#347 = EDGE_LOOP ( 'NONE', ( #1404, #749, #3274, #6534 ) ) ;
#348 = ORIENTED_EDGE ( 'NONE', *, *, #634, .F. ) ;
#349 = DIRECTION ( 'NONE',  ( 0.0000000000000000000, -6.982962677686265900E-015, -1.000000000000000000 ) ) ;
#350 = PLANE ( 'NONE',  #4209 ) ;
#351 = ORIENTED_EDGE ( 'NONE', *, *, #5271, .T. ) ;
#352 = FACE_OUTER_BOUND ( 'NONE', #4077, .T. ) ;
#353 = CARTESIAN_POINT ( 'NONE',  ( -0.5499999999999998200, 1.059493745877174200E-016, -0.3200000000000000600 ) ) ;
#354 = LINE ( 'NONE', #3570, #5313 ) ;
#355 = AXIS2_PLACEMENT_3D ( 'NONE', #1683, #2077, #5754 ) ;
#356 = DIMENSIONAL_EXPONENTS ( 1.000000000000000000, 0.0000000000000000000, 0.0000000000000000000, 0.0000000000000000000, 0.0000000000000000000, 0.0000000000000000000, 0.0000000000000000000 ) ;
#357 = CARTESIAN_POINT ( 'NONE',  ( -0.5720449671064656800, 0.005993953971255620800, -0.02959032635400915200 ) ) ;
#358 = PLANE ( 'NONE',  #1218 ) ;
#359 = CARTESIAN_POINT ( 'NONE',  ( -0.05907086614173251400, 0.1993070866141731500, -0.2419291338582770000 ) ) ;
#360 = DIRECTION ( 'NONE',  ( -0.0000000000000000000, -1.000000000000000000, -0.0000000000000000000 ) ) ;
#361 = EDGE_CURVE ( 'NONE', #2144, #5951, #1181, .T. ) ;
#362 = CARTESIAN_POINT ( 'NONE',  ( 0.5695015012874148400, 0.08000000000000023800, -0.3509999999999998700 ) ) ;
#363 = ADVANCED_FACE ( 'NONE', ( #1353 ), #1494, .F. ) ;
#364 = FILL_AREA_STYLE_COLOUR ( '', #4741 ) ;
#365 = DIRECTION ( 'NONE',  ( 0.0000000000000000000, 1.000000000000000000, 3.132540046889706200E-016 ) ) ;
#366 =( CONVERSION_BASED_UNIT ( 'INCH', #3216 ) LENGTH_UNIT ( ) NAMED_UNIT ( #5235 ) );
#367 = FACE_OUTER_BOUND ( 'NONE', #3031, .T. ) ;
#368 = PLANE ( 'NONE',  #2112 ) ;
#369 = DIRECTION ( 'NONE',  ( 0.0000000000000000000, -1.000000000000000000, 6.982962677686265900E-015 ) ) ;
#370 = EDGE_CURVE ( 'NONE', #3946, #1422, #5880, .T. ) ;
#371 = CARTESIAN_POINT ( 'NONE',  ( -0.5787228132326903700, -2.226438938113795900E-017, 0.3200000000000001200 ) ) ;
#372 = VECTOR ( 'NONE', #2239, 39.37007874015748100 ) ;
#373 = DIRECTION ( 'NONE',  ( -0.0000000000000000000, 1.000000000000000000, -6.982962677686265900E-015 ) ) ;
#374 = ORIENTED_EDGE ( 'NONE', *, *, #3775, .F. ) ;
#375 = ORIENTED_EDGE ( 'NONE', *, *, #339, .T. ) ;
#376 = STYLED_ITEM ( 'NONE', ( #518 ), #5249 ) ;
#377 = DIRECTION ( 'NONE',  ( -5.473822126268816700E-048, 1.349401336733507000E-079, -1.000000000000000000 ) ) ;
#378 = DIRECTION ( 'NONE',  ( -8.537024980547505500E-016, 1.000000000000000000, 0.0000000000000000000 ) ) ;
#379 = EDGE_CURVE ( 'NONE', #2864, #3264, #1479, .T. ) ;
#380 = LINE ( 'NONE', #2041, #2991 ) ;
#381 = EDGE_CURVE ( 'NONE', #3681, #904, #5704, .T. ) ;
#382 = CARTESIAN_POINT ( 'NONE',  ( 0.5603070866141781600, 0.2347401574803148200, -0.3053070866141738300 ) ) ;
#383 = CLOSED_SHELL ( 'NONE', ( #3093, #5627, #1916, #2104, #4070, #6630 ) ) ;
#384 = PRESENTATION_STYLE_ASSIGNMENT (( #6425 ) ) ;
#385 = CARTESIAN_POINT ( 'NONE',  ( -0.5500000000000000400, 0.1299999999999999500, 0.2650000000000002900 ) ) ;
#386 = AXIS2_PLACEMENT_3D ( 'NONE', #3009, #4612, #3054 ) ;
#387 = CARTESIAN_POINT ( 'NONE',  ( 0.5500000000000000400, 0.08388434700220578900, -0.2999999999999998800 ) ) ;
#388 = CARTESIAN_POINT ( 'NONE',  ( -0.5500000000000000400, -1.002427937049625600E-017, 0.3200000000000001200 ) ) ;
#389 = CARTESIAN_POINT ( 'NONE',  ( 0.3315039370078740600, 0.02700787401574811200, -0.1990000000000075600 ) ) ;
#390 = ADVANCED_FACE ( 'NONE', ( #4236 ), #6179, .F. ) ;
#391 = ORIENTED_EDGE ( 'NONE', *, *, #3868, .F. ) ;
#392 = CARTESIAN_POINT ( 'NONE',  ( 0.5603070866141786100, 0.4739999999999999800, -0.3053070866141738300 ) ) ;
#393 = EDGE_LOOP ( 'NONE', ( #5557, #4162, #4167, #572, #6297, #6544, #6543, #6541 ) ) ;
#394 = VECTOR ( 'NONE', #3133, 39.37007874015748100 ) ;
#395 = EDGE_CURVE ( 'NONE', #1355, #6676, #1139, .T. ) ;
#396 = LINE ( 'NONE', #3286, #2680 ) ;
#397 = CARTESIAN_POINT ( 'NONE',  ( -0.3420157480314957600, 0.2544251968503935500, -0.2407874015748163500 ) ) ;
#398 = VECTOR ( 'NONE', #2905, 39.37007874015748100 ) ;
#399 = DIRECTION ( 'NONE',  ( 0.0000000000000000000, 1.000000000000000000, -0.0000000000000000000 ) ) ;
#400 = ORIENTED_EDGE ( 'NONE', *, *, #3300, .F. ) ;
#401 = VERTEX_POINT ( 'NONE', #6242 ) ;
#402 = VECTOR ( 'NONE', #6480, 39.37007874015748100 ) ;
#403 = VECTOR ( 'NONE', #4938, 39.37007874015748100 ) ;
#404 = SHAPE_DEFINITION_REPRESENTATION ( #3461, #4358 ) ;
#405 = CARTESIAN_POINT ( 'NONE',  ( -0.5499999999999998200, 8.537024980200822600E-017, -0.2999999999999999900 ) ) ;
#406 = ORIENTED_EDGE ( 'NONE', *, *, #71, .F. ) ;
#407 = CARTESIAN_POINT ( 'NONE',  ( -0.1985354330708660200, 0.05062992125984038000, 0.06014960629919795900 ) ) ;
#408 = ORIENTED_EDGE ( 'NONE', *, *, #4978, .F. ) ;
#409 = DIRECTION ( 'NONE',  ( 0.0000000000000000000, 6.982962677686265900E-015, 1.000000000000000000 ) ) ;
#410 = CARTESIAN_POINT ( 'NONE',  ( 0.08850393700787388700, 0.08999999999999626400, -0.07301574803149810100 ) ) ;
#411 = EDGE_LOOP ( 'NONE', ( #191, #2863, #6234 ) ) ;
#412 = ADVANCED_FACE ( 'NONE', ( #3091 ), #4328, .T. ) ;
#413 = ORIENTED_EDGE ( 'NONE', *, *, #2913, .T. ) ;
#414 = CONICAL_SURFACE ( 'NONE', #4107, 0.01999999999691170700, 0.5235987755586940500 ) ;
#415 = DIRECTION ( 'NONE',  ( -1.000000000000000000, 2.428612866367530200E-017, 1.348150961071064900E-033 ) ) ;
#416 = ORIENTED_EDGE ( 'NONE', *, *, #3517, .F. ) ;
#417 = PLANE ( 'NONE',  #1489 ) ;
#418 =( BOUNDED_CURVE ( )  B_SPLINE_CURVE ( 3, ( #2888, #237, #323, #2333 ),
 .UNSPECIFIED., .F., .F. ) 
 B_SPLINE_CURVE_WITH_KNOTS ( ( 4, 4 ),
 ( 3.141592653589793100, 4.104143401474475500 ),
 .UNSPECIFIED. ) 
 CURVE ( )  GEOMETRIC_REPRESENTATION_ITEM ( )  RATIONAL_B_SPLINE_CURVE ( ( 1.000000000000000000, 0.9242701736186128600, 0.9242701736186128600, 1.000000000000000000 ) ) 
 REPRESENTATION_ITEM ( '' )  );
#419 = ORIENTED_EDGE ( 'NONE', *, *, #1172, .T. ) ;
#420 = AXIS2_PLACEMENT_3D ( 'NONE', #160, #1192, #5335 ) ;
#421 = EDGE_CURVE ( 'NONE', #1, #4018, #1636, .T. ) ;
#422 = CIRCLE ( 'NONE', #5534, 0.03099999999999988900 ) ;
#423 = AXIS2_PLACEMENT_3D ( 'NONE', #3982, #4543, #6654 ) ;
#424 = VERTEX_POINT ( 'NONE', #2708 ) ;
#425 = ORIENTED_EDGE ( 'NONE', *, *, #6533, .T. ) ;
#426 = ORIENTED_EDGE ( 'NONE', *, *, #158, .T. ) ;
#427 = CARTESIAN_POINT ( 'NONE',  ( 0.2505039370078740400, 0.02700787401574809800, -0.2540157480314970700 ) ) ;
#428 = PLANE ( 'NONE',  #642 ) ;
#429 = EDGE_LOOP ( 'NONE', ( #3447, #3658, #6548, #3563, #2530 ) ) ;
#430 = ORIENTED_EDGE ( 'NONE', *, *, #1914, .T. ) ;
#431 = ADVANCED_FACE ( 'NONE', ( #5194 ), #4769, .F. ) ;
#432 = ORIENTED_EDGE ( 'NONE', *, *, #5807, .F. ) ;
#433 = AXIS2_PLACEMENT_3D ( 'NONE', #2301, #2829, #6465 ) ;
#434 = AXIS2_PLACEMENT_3D ( 'NONE', #5010, #4468, #2926 ) ;
#435 = DIRECTION ( 'NONE',  ( -0.0000000000000000000, 1.000000000000000000, -6.982962677686265900E-015 ) ) ;
#436 = DIRECTION ( 'NONE',  ( 0.0000000000000000000, 0.0000000000000000000, 1.000000000000000000 ) ) ;
#437 = VECTOR ( 'NONE', #5055, 39.37007874015748100 ) ;
#438 = VECTOR ( 'NONE', #1285, 39.37007874015748100 ) ;
#439 = DIRECTION ( 'NONE',  ( 0.0000000000000000000, -6.982962677686265900E-015, -1.000000000000000000 ) ) ;
#440 = ADVANCED_FACE ( 'NONE', ( #1962 ), #4186, .T. ) ;
#441 = DIRECTION ( 'NONE',  ( 0.0000000000000000000, 0.0000000000000000000, -1.000000000000000000 ) ) ;
#442 = CARTESIAN_POINT ( 'NONE',  ( 0.3315039370078740600, 0.02700787401574807400, -0.07301574803150363800 ) ) ;
#443 = EDGE_LOOP ( 'NONE', ( #1071, #1973, #3771, #4839 ) ) ;
#444 = LINE ( 'NONE', #710, #2161 ) ;
#445 = AXIS2_PLACEMENT_3D ( 'NONE', #2777, #4306, #1697 ) ;
#446 = CARTESIAN_POINT ( 'NONE',  ( -0.4679842519685029600, 0.2544251968503936600, 0.2357874015748034100 ) ) ;
#447 = ADVANCED_FACE ( 'NONE', ( #241 ), #4694, .F. ) ;
#448 = CIRCLE ( 'NONE', #2749, 0.05099999999999998300 ) ;
#449 = CARTESIAN_POINT ( 'NONE',  ( 0.5811999599358712600, 0.08999999999999792900, -0.1341392780744382300 ) ) ;
#450 = DIRECTION ( 'NONE',  ( 1.000000000000000000, 0.0000000000000000000, 0.0000000000000000000 ) ) ;
#451 = LINE ( 'NONE', #705, #5841 ) ;
#452 =( NAMED_UNIT ( * ) PLANE_ANGLE_UNIT ( ) SI_UNIT ( $, .RADIAN. ) );
#453 = AXIS2_PLACEMENT_3D ( 'NONE', #866, #4514, #305 ) ;
#454 = CARTESIAN_POINT ( 'NONE',  ( -0.6500000000000000200, 0.08999999999999451500, -0.3236074670390690100 ) ) ;
#455 = CIRCLE ( 'NONE', #3600, 0.03500000000000003800 ) ;
#456 = FACE_OUTER_BOUND ( 'NONE', #4214, .T. ) ;
#457 = EDGE_CURVE ( 'NONE', #4181, #20, #164, .T. ) ;
#458 = ORIENTED_EDGE ( 'NONE', *, *, #4156, .F. ) ;
#459 = ADVANCED_FACE ( 'NONE', ( #2855 ), #6296, .F. ) ;
#460 = DIRECTION ( 'NONE',  ( -1.000000000000000000, 0.0000000000000000000, 0.0000000000000000000 ) ) ;
#461 =( GEOMETRIC_REPRESENTATION_CONTEXT ( 3 ) GLOBAL_UNCERTAINTY_ASSIGNED_CONTEXT ( ( #496 ) ) GLOBAL_UNIT_ASSIGNED_CONTEXT ( ( #2322, #5903, #2778 ) ) REPRESENTATION_CONTEXT ( 'NONE', 'WORKASPACE' ) );
#462 = DIRECTION ( 'NONE',  ( -5.551115123125782700E-017, 0.0000000000000000000, 1.000000000000000000 ) ) ;
#463 = DIRECTION ( 'NONE',  ( -8.998862438468697500E-017, 1.000000000000000000, 1.817932429810993000E-016 ) ) ;
#464 = EDGE_CURVE ( 'NONE', #912, #4178, #3821, .T. ) ;
#465 = EDGE_CURVE ( 'NONE', #3550, #3405, #6514, .T. ) ;
#466 = AXIS2_PLACEMENT_3D ( 'NONE', #1143, #2117, #5316 ) ;
#467 = ADVANCED_FACE ( 'NONE', ( #5536 ), #5191, .F. ) ;
#468 = LINE ( 'NONE', #5407, #3985 ) ;
#469 = ORIENTED_EDGE ( 'NONE', *, *, #3528, .F. ) ;
#470 = PLANE ( 'NONE',  #4112 ) ;
#471 = VECTOR ( 'NONE', #3851, 39.37007874015748100 ) ;
#472 = VECTOR ( 'NONE', #3473, 39.37007874015748100 ) ;
#473 = ADVANCED_FACE ( 'NONE', ( #4157 ), #5037, .T. ) ;
#474 = STYLED_ITEM ( 'NONE', ( #6184 ), #2853 ) ;
#475 = ORIENTED_EDGE ( 'NONE', *, *, #6646, .F. ) ;
#476 = DIRECTION ( 'NONE',  ( 0.0000000000000000000, 1.000000000000000000, 0.0000000000000000000 ) ) ;
#477 = PLANE ( 'NONE',  #3614 ) ;
#478 = DIRECTION ( 'NONE',  ( 1.097892830587222400E-017, 1.000000000000000000, 6.094529495444110200E-034 ) ) ;
#479 = LINE ( 'NONE', #6246, #5200 ) ;
#480 = FACE_OUTER_BOUND ( 'NONE', #6723, .T. ) ;
#481 = CARTESIAN_POINT ( 'NONE',  ( 0.3315039370078740100, 0.08999999999999498700, -0.2540157480315091100 ) ) ;
#482 = ORIENTED_EDGE ( 'NONE', *, *, #5155, .T. ) ;
#483 = VERTEX_POINT ( 'NONE', #550 ) ;
#484 = EDGE_CURVE ( 'NONE', #5281, #1322, #5559, .T. ) ;
#485 = DIRECTION ( 'NONE',  ( -1.127570259384924600E-017, 1.000000000000000000, 2.775557561562891400E-017 ) ) ;
#486 = VECTOR ( 'NONE', #4346, 39.37007874015748100 ) ;
#487 = CARTESIAN_POINT ( 'NONE',  ( -0.5300000000008121500, -0.1300000000021913900, -0.2999999999999999900 ) ) ;
#488 = LINE ( 'NONE', #876, #3431 ) ;
#489 = VERTEX_POINT ( 'NONE', #2780 ) ;
#490 = VERTEX_POINT ( 'NONE', #666 ) ;
#491 = ADVANCED_FACE ( 'NONE', ( #1476 ), #2232, .F. ) ;
#492 = AXIS2_PLACEMENT_3D ( 'NONE', #1391, #893, #2990 ) ;
#493 = VECTOR ( 'NONE', #1262, 39.37007874015748100 ) ;
#494 = CARTESIAN_POINT ( 'NONE',  ( 0.6009999999999999800, 0.09000000000000013500, -0.3236074670390535800 ) ) ;
#495 = EDGE_CURVE ( 'NONE', #5717, #1092, #3860, .T. ) ;
#496 = UNCERTAINTY_MEASURE_WITH_UNIT (LENGTH_MEASURE( 1.000000000000000100E-005 ), #2322, 'distance_accuracy_value', 'NONE');
#497 = VERTEX_POINT ( 'NONE', #4675 ) ;
#498 = FILL_AREA_STYLE ('',( #6757 ) ) ;
#499 = ORIENTED_EDGE ( 'NONE', *, *, #4101, .T. ) ;
#500 = VECTOR ( 'NONE', #5803, 39.37007874015748100 ) ;
#501 = CARTESIAN_POINT ( 'NONE',  ( -0.6500000000000000200, 0.08999999999999412600, -0.3800000000000012300 ) ) ;
#502 = CARTESIAN_POINT ( 'NONE',  ( -0.5720449671064661300, 0.005993953971255725800, 0.3295903263540094200 ) ) ;
#503 = VERTEX_POINT ( 'NONE', #1188 ) ;
#504 = STYLED_ITEM ( 'NONE', ( #6151 ), #4768 ) ;
#505 = ORIENTED_EDGE ( 'NONE', *, *, #6255, .T. ) ;
#506 = EDGE_CURVE ( 'NONE', #1153, #5905, #5783, .T. ) ;
#507 = EDGE_CURVE ( 'NONE', #2802, #5822, #555, .T. ) ;
#508 = ORIENTED_EDGE ( 'NONE', *, *, #3734, .F. ) ;
#509 = VECTOR ( 'NONE', #2371, 39.37007874015748100 ) ;
#510 = ADVANCED_FACE ( 'NONE', ( #6611 ), #4785, .F. ) ;
#511 = DIRECTION ( 'NONE',  ( -8.537024980547505500E-016, 1.000000000000000000, 0.0000000000000000000 ) ) ;
#512 = DIRECTION ( 'NONE',  ( 8.998862438468698800E-017, -1.000000000000000000, -1.817932429810993200E-016 ) ) ;
#513 = CARTESIAN_POINT ( 'NONE',  ( -0.1985354330708660200, 0.05062992125984071300, 0.2038503937007727100 ) ) ;
#514 = VECTOR ( 'NONE', #3837, 39.37007874015748100 ) ;
#515 = EDGE_CURVE ( 'NONE', #2544, #830, #2779, .T. ) ;
#516 = AXIS2_PLACEMENT_3D ( 'NONE', #1889, #1390, #1908 ) ;
#517 = DIRECTION ( 'NONE',  ( 7.298942468355438900E-032, 1.371013107269264100E-047, -1.000000000000000000 ) ) ;
#518 = PRESENTATION_STYLE_ASSIGNMENT (( #5419 ) ) ;
#519 = DIRECTION ( 'NONE',  ( 0.0000000000000000000, 0.0000000000000000000, -1.000000000000000000 ) ) ;
#520 = CARTESIAN_POINT ( 'NONE',  ( 0.4125039370078740800, 0.02700787401574881000, -0.2540157480315059500 ) ) ;
#521 = CARTESIAN_POINT ( 'NONE',  ( -0.3420157480314957600, 0.2544251968503935500, -0.2407874015748163500 ) ) ;
#522 = DIRECTION ( 'NONE',  ( 1.000000000000000000, 0.0000000000000000000, 0.0000000000000000000 ) ) ;
#523 = EDGE_CURVE ( 'NONE', #4140, #6438, #2444, .T. ) ;
#524 = ADVANCED_FACE ( 'NONE', ( #1726 ), #1235, .F. ) ;
#525 = FACE_OUTER_BOUND ( 'NONE', #6515, .T. ) ;
#526 = CARTESIAN_POINT ( 'NONE',  ( -0.01662992125984251400, 0.04078740157480230400, 0.3426062992125839000 ) ) ;
#527 = CARTESIAN_POINT ( 'NONE',  ( 0.3944960629921259700, 0.02700787401574811200, -0.07301574803150363800 ) ) ;
#528 = DIRECTION ( 'NONE',  ( 0.0000000000000000000, -2.316735806382460300E-016, 1.000000000000000000 ) ) ;
#529 = CIRCLE ( 'NONE', #4772, 0.03500000000000003800 ) ;
#530 = LINE ( 'NONE', #5763, #1706 ) ;
#531 = ADVANCED_FACE ( 'NONE', ( #73 ), #6436, .F. ) ;
#532 = CARTESIAN_POINT ( 'NONE',  ( -0.5500000000000000400, 0.009375000000000070800, 0.3350000000000004100 ) ) ;
#533 = ORIENTED_EDGE ( 'NONE', *, *, #3857, .T. ) ;
#534 = PLANE ( 'NONE',  #767 ) ;
#535 = VECTOR ( 'NONE', #228, 39.37007874015748100 ) ;
#536 = DIRECTION ( 'NONE',  ( 0.0000000000000000000, -1.000000000000000000, 0.0000000000000000000 ) ) ;
#537 = CARTESIAN_POINT ( 'NONE',  ( 0.6010000000000019800, 0.01000000000000000000, 0.3509999999999848800 ) ) ;
#538 = ADVANCED_FACE ( 'NONE', ( #6689 ), #179, .F. ) ;
#539 = ORIENTED_EDGE ( 'NONE', *, *, #4689, .T. ) ;
#540 = AXIS2_PLACEMENT_3D ( 'NONE', #3097, #6758, #70 ) ;
#541 = DIRECTION ( 'NONE',  ( 0.0000000000000000000, -0.0000000000000000000, 1.000000000000000000 ) ) ;
#542 = PLANE ( 'NONE',  #5472 ) ;
#543 =( GEOMETRIC_REPRESENTATION_CONTEXT ( 3 ) GLOBAL_UNCERTAINTY_ASSIGNED_CONTEXT ( ( #2643 ) ) GLOBAL_UNIT_ASSIGNED_CONTEXT ( ( #5470, #6559, #3429 ) ) REPRESENTATION_CONTEXT ( 'NONE', 'WORKASPACE' ) );
#544 = PLANE ( 'NONE',  #4579 ) ;
#545 = EDGE_CURVE ( 'NONE', #1140, #637, #396, .T. ) ;
#546 =( BOUNDED_CURVE ( )  B_SPLINE_CURVE ( 3, ( #3487, #3532, #4017, #3050 ),
 .UNSPECIFIED., .F., .T. ) 
 B_SPLINE_CURVE_WITH_KNOTS ( ( 4, 4 ),
 ( 2.179041905705111100, 3.141592653589793100 ),
 .UNSPECIFIED. ) 
 CURVE ( )  GEOMETRIC_REPRESENTATION_ITEM ( )  RATIONAL_B_SPLINE_CURVE ( ( 1.000000000000000000, 0.9242701736186129700, 0.9242701736186129700, 1.000000000000000000 ) ) 
 REPRESENTATION_ITEM ( '' )  );
#547 = PLANE ( 'NONE',  #6103 ) ;
#548 = SURFACE_STYLE_FILL_AREA ( #6071 ) ;
#549 = CARTESIAN_POINT ( 'NONE',  ( -0.5500000000000000400, -5.122214988120493500E-017, 6.829619984160658000E-017 ) ) ;
#550 = CARTESIAN_POINT ( 'NONE',  ( 0.5603070866141746100, 0.1559999999999977200, 0.2813070866141722000 ) ) ;
#551 = ORIENTED_EDGE ( 'NONE', *, *, #5297, .T. ) ;
#552 = EDGE_CURVE ( 'NONE', #1396, #5380, #2110, .T. ) ;
#553 = AXIS2_PLACEMENT_3D ( 'NONE', #675, #2279, #5946 ) ;
#554 = CARTESIAN_POINT ( 'NONE',  ( -0.2901417322834636300, 0.1953700787401574400, 0.1806220472440913400 ) ) ;
#555 = CIRCLE ( 'NONE', #330, 0.01999999999999992400 ) ;
#556 = ADVANCED_FACE ( 'NONE', ( #3162 ), #1234, .T. ) ;
#557 = VECTOR ( 'NONE', #3704, 39.37007874015748100 ) ;
#558 = ORIENTED_EDGE ( 'NONE', *, *, #5749, .F. ) ;
#559 = DIRECTION ( 'NONE',  ( -0.0000000000000000000, 6.982962677686265900E-015, 1.000000000000000000 ) ) ;
#560 = ORIENTED_EDGE ( 'NONE', *, *, #3618, .T. ) ;
#561 = DIRECTION ( 'NONE',  ( 0.0000000000000000000, 0.4472135954999553200, 0.8944271909999171900 ) ) ;
#562 = VECTOR ( 'NONE', #1111, 39.37007874015748100 ) ;
#563 = LINE ( 'NONE', #6467, #403 ) ;
#564 = EDGE_LOOP ( 'NONE', ( #1337, #4663, #2026, #3717 ) ) ;
#565 = ORIENTED_EDGE ( 'NONE', *, *, #5994, .T. ) ;
#566 = ORIENTED_EDGE ( 'NONE', *, *, #4410, .T. ) ;
#567 = ORIENTED_EDGE ( 'NONE', *, *, #1124, .F. ) ;
#568 = DIRECTION ( 'NONE',  ( 0.0000000000000000000, 0.0000000000000000000, -1.000000000000000000 ) ) ;
#569 = CIRCLE ( 'NONE', #5263, 0.05099999999999998300 ) ;
#570 = VERTEX_POINT ( 'NONE', #220 ) ;
#571 = CARTESIAN_POINT ( 'NONE',  ( -0.6969134938320988800, -0.1450000000000000200, -0.4500000000000011200 ) ) ;
#572 = ORIENTED_EDGE ( 'NONE', *, *, #6317, .T. ) ;
#573 = CARTESIAN_POINT ( 'NONE',  ( 0.1695039370078740000, 0.02700787401574808100, -0.1990000000000141100 ) ) ;
#574 = ORIENTED_EDGE ( 'NONE', *, *, #5379, .T. ) ;
#575 = FACE_OUTER_BOUND ( 'NONE', #3464, .T. ) ;
#576 = ORIENTED_EDGE ( 'NONE', *, *, #1406, .F. ) ;
#577 = DIRECTION ( 'NONE',  ( 1.262512617529979900E-032, 1.000000000000000000, 2.238410880014684300E-016 ) ) ;
#578 = EDGE_LOOP ( 'NONE', ( #1178, #1463, #3112, #4592 ) ) ;
#579 = ORIENTED_EDGE ( 'NONE', *, *, #5318, .F. ) ;
#580 =( BOUNDED_CURVE ( )  B_SPLINE_CURVE ( 3, ( #3637, #1557, #3129, #2008 ),
 .UNSPECIFIED., .F., .F. ) 
 B_SPLINE_CURVE_WITH_KNOTS ( ( 4, 4 ),
 ( 0.0000000000000000000, 1.100485391436094600 ),
 .UNSPECIFIED. ) 
 CURVE ( )  GEOMETRIC_REPRESENTATION_ITEM ( )  RATIONAL_B_SPLINE_CURVE ( ( 1.000000000000000000, 0.9015984286673652800, 0.9015984286673652800, 1.000000000000000000 ) ) 
 REPRESENTATION_ITEM ( '' )  );
#581 = VERTEX_POINT ( 'NONE', #5517 ) ;
#582 = CARTESIAN_POINT ( 'NONE',  ( -0.6500000000000000200, 0.1559999999999959500, 0.4499999999999989600 ) ) ;
#583 = CARTESIAN_POINT ( 'NONE',  ( -0.6500000000000000200, 0.1559999999999959500, 0.4499999999999989600 ) ) ;
#584 = ORIENTED_EDGE ( 'NONE', *, *, #2921, .F. ) ;
#585 = DIRECTION ( 'NONE',  ( 1.561437923165035500E-015, 0.8944271909999171900, -0.4472135954999553200 ) ) ;
#586 = EDGE_CURVE ( 'NONE', #2470, #3884, #5441, .T. ) ;
#587 = ORIENTED_EDGE ( 'NONE', *, *, #4317, .T. ) ;
#588 = PLANE ( 'NONE',  #1860 ) ;
#589 = ORIENTED_EDGE ( 'NONE', *, *, #5168, .T. ) ;
#590 = ORIENTED_EDGE ( 'NONE', *, *, #256, .T. ) ;
#591 = LINE ( 'NONE', #1527, #1516 ) ;
#592 = AXIS2_PLACEMENT_3D ( 'NONE', #2107, #6319, #5832 ) ;
#593 = PLANE ( 'NONE',  #2318 ) ;
#594 = CIRCLE ( 'NONE', #6601, 0.01999999999999992400 ) ;
#595 = VERTEX_POINT ( 'NONE', #2408 ) ;
#596 = DIRECTION ( 'NONE',  ( 5.551115123125773500E-017, -6.982962677686265900E-015, -1.000000000000000000 ) ) ;
#597 = EDGE_CURVE ( 'NONE', #1077, #4704, #6775, .T. ) ;
#598 = EDGE_CURVE ( 'NONE', #5737, #1349, #5947, .T. ) ;
#599 = PLANE ( 'NONE',  #780 ) ;
#600 = VECTOR ( 'NONE', #5639, 39.37007874015748100 ) ;
#601 = EDGE_LOOP ( 'NONE', ( #3109, #270, #3588, #3240 ) ) ;
#602 = CARTESIAN_POINT ( 'NONE',  ( -0.5140000000000000100, 0.009999999999999953400, -0.03600000000000017800 ) ) ;
#603 = CARTESIAN_POINT ( 'NONE',  ( -0.5750675341375360800, 0.08401010114738481600, -0.2720760542113804200 ) ) ;
#604 = CARTESIAN_POINT ( 'NONE',  ( -0.6500000000000000200, 0.1559999999999999200, 0.4499999999999989600 ) ) ;
#605 = VECTOR ( 'NONE', #769, 39.37007874015748100 ) ;
#606 = AXIS2_PLACEMENT_3D ( 'NONE', #4753, #1193, #6329 ) ;
#607 = CARTESIAN_POINT ( 'NONE',  ( 0.5500000000000001600, -0.1450000000001269400, -0.1499999999999999700 ) ) ;
#608 = DIRECTION ( 'NONE',  ( 1.000000000000000000, 0.0000000000000000000, -0.0000000000000000000 ) ) ;
#609 = SURFACE_SIDE_STYLE ('',( #6086 ) ) ;
#610 = CARTESIAN_POINT ( 'NONE',  ( -0.5140000000000000100, 0.08999999999999996900, -0.01586072192556194400 ) ) ;
#611 = FACE_OUTER_BOUND ( 'NONE', #1080, .T. ) ;
#612 = CARTESIAN_POINT ( 'NONE',  ( 0.5603070866141748300, 0.4739999999999999800, 0.2419370078740141500 ) ) ;
#613 = CARTESIAN_POINT ( 'NONE',  ( 0.6500000000000000200, 0.1559999999999936400, -0.4500000000000007300 ) ) ;
#614 = CARTESIAN_POINT ( 'NONE',  ( -0.3419999999999991400, 0.2544251968503936600, 0.1207874015748034000 ) ) ;
#615 = EDGE_CURVE ( 'NONE', #4178, #5827, #1805, .T. ) ;
#616 = CARTESIAN_POINT ( 'NONE',  ( -0.6500000000000000200, 0.08999999999999920600, 0.3484960629921173300 ) ) ;
#617 = VECTOR ( 'NONE', #6539, 39.37007874015748100 ) ;
#618 = DIRECTION ( 'NONE',  ( 0.0000000000000000000, 6.982962677686265900E-015, 1.000000000000000000 ) ) ;
#619 = ORIENTED_EDGE ( 'NONE', *, *, #4410, .F. ) ;
#620 = DIRECTION ( 'NONE',  ( 6.938893903907228400E-018, 1.000000000000000000, 2.220446049250313100E-016 ) ) ;
#621 = DIRECTION ( 'NONE',  ( 0.0000000000000000000, 0.5299989400031774900, 0.8479983040050894600 ) ) ;
#622 = LINE ( 'NONE', #190, #5857 ) ;
#623 = CARTESIAN_POINT ( 'NONE',  ( -0.5635324800440390000, 0.08049654212842399800, -0.3349999999999999600 ) ) ;
#624 = EDGE_CURVE ( 'NONE', #2549, #5281, #2282, .T. ) ;
#625 = ORIENTED_EDGE ( 'NONE', *, *, #1439, .T. ) ;
#626 = FILL_AREA_STYLE ('',( #3776 ) ) ;
#627 = CARTESIAN_POINT ( 'NONE',  ( 0.5500000000000021500, 0.009999999999999884000, 0.2489999999999847100 ) ) ;
#628 = PLANE ( 'NONE',  #2350 ) ;
#629 = LINE ( 'NONE', #1152, #4316 ) ;
#630 =( BOUNDED_CURVE ( )  B_SPLINE_CURVE ( 3, ( #6405, #6493, #141, #1752 ),
 .UNSPECIFIED., .F., .T. ) 
 B_SPLINE_CURVE_WITH_KNOTS ( ( 4, 4 ),
 ( 3.141592653589793100, 4.231134521497981600 ),
 .UNSPECIFIED. ) 
 CURVE ( )  GEOMETRIC_REPRESENTATION_ITEM ( )  RATIONAL_B_SPLINE_CURVE ( ( 1.000000000000000000, 0.9034973468845397500, 0.9034973468845397500, 1.000000000000000000 ) ) 
 REPRESENTATION_ITEM ( '' )  );
#631 = DIRECTION ( 'NONE',  ( 0.0000000000000000000, -1.000000000000000000, 6.982962677686265900E-015 ) ) ;
#632 = CARTESIAN_POINT ( 'NONE',  ( 0.5279550328935342900, 0.005993953971255679800, -0.1795903263540090700 ) ) ;
#633 = EDGE_CURVE ( 'NONE', #2857, #1164, #2937, .T. ) ;
#634 = EDGE_CURVE ( 'NONE', #5541, #6358, #722, .T. ) ;
#635 = DIRECTION ( 'NONE',  ( -8.998862438468697500E-017, 1.000000000000000000, 1.817932429810993000E-016 ) ) ;
#636 = CARTESIAN_POINT ( 'NONE',  ( 0.5859999999999999700, 0.09000000000000013500, -0.01586072192556180900 ) ) ;
#637 = VERTEX_POINT ( 'NONE', #3864 ) ;
#638 = LINE ( 'NONE', #6613, #320 ) ;
#639 = DIRECTION ( 'NONE',  ( 1.197321130406328100E-015, 0.9393622748205873200, -0.3429264012056980600 ) ) ;
#640 = FACE_OUTER_BOUND ( 'NONE', #5973, .T. ) ;
#641 = LINE ( 'NONE', #3281, #3655 ) ;
#642 = AXIS2_PLACEMENT_3D ( 'NONE', #1029, #958, #2053 ) ;
#643 = PRESENTATION_LAYER_ASSIGNMENT (  '', '', ( #6735 ) ) ;
#644 = ORIENTED_EDGE ( 'NONE', *, *, #3606, .T. ) ;
#645 = VERTEX_POINT ( 'NONE', #2336 ) ;
#646 = LINE ( 'NONE', #6478, #5370 ) ;
#647 = FACE_OUTER_BOUND ( 'NONE', #1626, .T. ) ;
#648 = SURFACE_SIDE_STYLE ('',( #781 ) ) ;
#649 = PLANE ( 'NONE',  #5136 ) ;
#650 = ORIENTED_EDGE ( 'NONE', *, *, #3006, .T. ) ;
#651 = ORIENTED_EDGE ( 'NONE', *, *, #4136, .F. ) ;
#652 = EDGE_CURVE ( 'NONE', #1411, #3993, #4402, .T. ) ;
#653 = DIRECTION ( 'NONE',  ( 0.0000000000000000000, 1.000000000000000000, 0.0000000000000000000 ) ) ;
#654 = CARTESIAN_POINT ( 'NONE',  ( 0.5861800826538867700, 0.08368936704111798500, -0.2591061108278849300 ) ) ;
#655 = DIRECTION ( 'NONE',  ( -1.878372261753385200E-016, 1.000000000000000000, 3.885780586188047400E-016 ) ) ;
#656 = CARTESIAN_POINT ( 'NONE',  ( 0.3134960629921260100, 0.02700787401574804300, -0.07301574803150691400 ) ) ;
#657 = ORIENTED_EDGE ( 'NONE', *, *, #3156, .T. ) ;
#658 = CARTESIAN_POINT ( 'NONE',  ( -0.3420157480314956500, 0.1559999999999936400, -0.4500000000000011200 ) ) ;
#659 = ORIENTED_EDGE ( 'NONE', *, *, #3991, .F. ) ;
#660 = EDGE_LOOP ( 'NONE', ( #1239, #5574, #4078, #3100 ) ) ;
#661 = VECTOR ( 'NONE', #4771, 39.37007874015748100 ) ;
#662 = CARTESIAN_POINT ( 'NONE',  ( -0.02630708661416847700, 0.2347401574803147400, -0.1911338582677212200 ) ) ;
#663 = ORIENTED_EDGE ( 'NONE', *, *, #3744, .F. ) ;
#664 = EDGE_LOOP ( 'NONE', ( #1958, #5077, #5444 ) ) ;
#665 = PLANE ( 'NONE',  #4354 ) ;
#666 = CARTESIAN_POINT ( 'NONE',  ( -0.4679999999999999200, 0.2544251968503935500, -0.2407874015748163500 ) ) ;
#667 = ORIENTED_EDGE ( 'NONE', *, *, #5848, .F. ) ;
#668 = ORIENTED_EDGE ( 'NONE', *, *, #2897, .T. ) ;
#669 = CARTESIAN_POINT ( 'NONE',  ( 0.1695039370078740000, 0.02700787401574808100, -0.1990000000000141100 ) ) ;
#670 = VECTOR ( 'NONE', #3369, 39.37007874015748100 ) ;
#671 = LINE ( 'NONE', #4507, #118 ) ;
#672 = DIRECTION ( 'NONE',  ( 0.0000000000000000000, -0.0000000000000000000, 1.000000000000000000 ) ) ;
#673 = DIRECTION ( 'NONE',  ( -1.604619215278546300E-017, -1.000000000000000000, -2.775557561562891400E-017 ) ) ;
#674 = AXIS2_PLACEMENT_3D ( 'NONE', #6369, #1208, #133 ) ;
#675 = CARTESIAN_POINT ( 'NONE',  ( -0.5500000000000000400, 0.7811982419601925000, 2.048885995248197400E-016 ) ) ;
#676 = EDGE_CURVE ( 'NONE', #2579, #1615, #5361, .T. ) ;
#677 = ORIENTED_EDGE ( 'NONE', *, *, #6307, .F. ) ;
#678 = ORIENTED_EDGE ( 'NONE', *, *, #5966, .T. ) ;
#679 = DIRECTION ( 'NONE',  ( 0.0000000000000000000, 0.0000000000000000000, -1.000000000000000000 ) ) ;
#680 = DIRECTION ( 'NONE',  ( -0.0000000000000000000, 6.982962677686265900E-015, 1.000000000000000000 ) ) ;
#681 =( NAMED_UNIT ( * ) SI_UNIT ( $, .STERADIAN. ) SOLID_ANGLE_UNIT ( ) );
#682 = AXIS2_PLACEMENT_3D ( 'NONE', #4030, #5612, #1414 ) ;
#683 = DIRECTION ( 'NONE',  ( 1.000000000000000000, -4.468157470978387200E-032, 1.110223024625156500E-016 ) ) ;
#684 = CIRCLE ( 'NONE', #6134, 0.03500000000000003800 ) ;
#685 =( CONVERSION_BASED_UNIT ( 'INCH', #4719 ) LENGTH_UNIT ( ) NAMED_UNIT ( #974 ) );
#686 = EDGE_CURVE ( 'NONE', #5000, #2920, #3996, .T. ) ;
#687 = EDGE_CURVE ( 'NONE', #5779, #4974, #1940, .T. ) ;
#688 = MECHANICAL_DESIGN_GEOMETRIC_PRESENTATION_REPRESENTATION (  '', ( #130 ), #820 ) ;
#689 = CARTESIAN_POINT ( 'NONE',  ( 0.5189999999988133000, -0.1299999999999998100, -0.2999999999999998800 ) ) ;
#690 = DIRECTION ( 'NONE',  ( 0.0000000000000000000, -2.220446049250313100E-016, 1.000000000000000000 ) ) ;
#691 = CARTESIAN_POINT ( 'NONE',  ( -0.6969134938320985500, -0.1450000000000002700, -0.4500000000000008400 ) ) ;
#692 = ORIENTED_EDGE ( 'NONE', *, *, #1817, .T. ) ;
#693 = VECTOR ( 'NONE', #811, 39.37007874015748100 ) ;
#694 = CARTESIAN_POINT ( 'NONE',  ( -0.5613397459629810800, -0.1450000000001269400, -0.2999999999999999900 ) ) ;
#695 = VECTOR ( 'NONE', #1366, 39.37007874015748100 ) ;
#696 = LINE ( 'NONE', #1864, #5919 ) ;
#697 = DIRECTION ( 'NONE',  ( 1.000000000000000000, 2.168404344971011000E-017, -0.0000000000000000000 ) ) ;
#698 = ORIENTED_EDGE ( 'NONE', *, *, #5155, .F. ) ;
#699 = ORIENTED_EDGE ( 'NONE', *, *, #4798, .T. ) ;
#700 = CARTESIAN_POINT ( 'NONE',  ( -0.3419999999999989700, 0.2544251968503936600, 0.3342125984251971300 ) ) ;
#701 = LINE ( 'NONE', #5111, #5023 ) ;
#702 = LINE ( 'NONE', #5040, #6739 ) ;
#703 = CARTESIAN_POINT ( 'NONE',  ( -0.5500000000000000400, -0.1300000000000000900, 0.02000000000045285000 ) ) ;
#704 = EDGE_CURVE ( 'NONE', #4384, #1068, #799, .T. ) ;
#705 = CARTESIAN_POINT ( 'NONE',  ( 0.1695039370078740000, 0.02700787401574806700, -0.07301574803151011900 ) ) ;
#706 = UNCERTAINTY_MEASURE_WITH_UNIT (LENGTH_MEASURE( 1.000000000000000100E-005 ), #685, 'distance_accuracy_value', 'NONE');
#707 = ORIENTED_EDGE ( 'NONE', *, *, #5426, .T. ) ;
#708 = DIRECTION ( 'NONE',  ( -1.604619215278546300E-017, -1.000000000000000000, -2.775557561562891400E-017 ) ) ;
#709 = MANIFOLD_SOLID_BREP ( 'I6A4W010A033V-001-R-1-solid25', #5127 ) ;
#710 = CARTESIAN_POINT ( 'NONE',  ( -0.3420157480314957600, 0.2544251968503935500, -0.2242125984252099900 ) ) ;
#711 = CARTESIAN_POINT ( 'NONE',  ( -0.3419999999999992500, 0.2544251968503937200, -0.01078740157480294300 ) ) ;
#712 = CARTESIAN_POINT ( 'NONE',  ( 0.5500000000000000400, 0.009375000000000003100, -0.1149999999999999400 ) ) ;
#713 = VERTEX_POINT ( 'NONE', #6503 ) ;
#714 = AXIS2_PLACEMENT_3D ( 'NONE', #4436, #1301, #3324 ) ;
#715 = DIRECTION ( 'NONE',  ( 0.0000000000000000000, 2.220446049250314100E-016, -1.000000000000000000 ) ) ;
#716 = FACE_OUTER_BOUND ( 'NONE', #4105, .T. ) ;
#717 = EDGE_CURVE ( 'NONE', #1396, #6645, #884, .T. ) ;
#718 = MANIFOLD_SOLID_BREP ( 'I6A4W010A033V-001-R-1-solid28', #2658 ) ;
#719 = VERTEX_POINT ( 'NONE', #4995 ) ;
#720 = CARTESIAN_POINT ( 'NONE',  ( -0.5500000000000000400, 0.08049654212842384500, 0.2650000000000002900 ) ) ;
#721 = PLANE ( 'NONE',  #5499 ) ;
#722 = LINE ( 'NONE', #2893, #3906 ) ;
#723 = DIRECTION ( 'NONE',  ( 8.998862438468698800E-017, -1.000000000000000000, -1.817932429810993200E-016 ) ) ;
#724 = LINE ( 'NONE', #658, #6107 ) ;
#725 = EDGE_CURVE ( 'NONE', #941, #5827, #5033, .T. ) ;
#726 = ORIENTED_EDGE ( 'NONE', *, *, #2340, .F. ) ;
#727 = EDGE_CURVE ( 'NONE', #5025, #2698, #977, .T. ) ;
#728 = CARTESIAN_POINT ( 'NONE',  ( 0.5603070866141786100, 0.2347401574803148800, -0.3053070866141738300 ) ) ;
#729 = VERTEX_POINT ( 'NONE', #926 ) ;
#730 = PLANE ( 'NONE',  #6602 ) ;
#731 = VECTOR ( 'NONE', #3388, 39.37007874015748100 ) ;
#732 = VERTEX_POINT ( 'NONE', #2975 ) ;
#733 = DIRECTION ( 'NONE',  ( -8.444269679761884500E-018, -0.9393622748205873200, -0.3429264012056981700 ) ) ;
#734 = ORIENTED_EDGE ( 'NONE', *, *, #4136, .T. ) ;
#735 =( NAMED_UNIT ( * ) SI_UNIT ( $, .STERADIAN. ) SOLID_ANGLE_UNIT ( ) );
#736 = ORIENTED_EDGE ( 'NONE', *, *, #1923, .T. ) ;
#737 = FILL_AREA_STYLE_COLOUR ( '', #5324 ) ;
#738 = AXIS2_PLACEMENT_3D ( 'NONE', #2915, #5579, #5505 ) ;
#739 = ADVANCED_FACE ( 'NONE', ( #4870 ), #417, .F. ) ;
#740 = LINE ( 'NONE', #4182, #2701 ) ;
#741 = CARTESIAN_POINT ( 'NONE',  ( 0.4125039370078740800, 0.02700787401574881000, -0.2540157480315059500 ) ) ;
#742 = ORIENTED_EDGE ( 'NONE', *, *, #6675, .F. ) ;
#743 = VERTEX_POINT ( 'NONE', #2953 ) ;
#744 = DIRECTION ( 'NONE',  ( -1.604619215278546300E-017, -1.000000000000000000, -2.775557561562891400E-017 ) ) ;
#745 = CARTESIAN_POINT ( 'NONE',  ( -0.6500000000000000200, 0.1559999999999959500, 0.4499999999999989600 ) ) ;
#746 = EDGE_LOOP ( 'NONE', ( #416, #2326, #885, #3260 ) ) ;
#747 = VECTOR ( 'NONE', #5026, 39.37007874015748100 ) ;
#748 = CARTESIAN_POINT ( 'NONE',  ( -0.6500000000000000200, 0.1559999999999991100, 0.3342125984251970700 ) ) ;
#749 = ORIENTED_EDGE ( 'NONE', *, *, #2605, .F. ) ;
#750 = EDGE_LOOP ( 'NONE', ( #3127, #1238, #2835, #6624, #1892, #4487, #3115, #2660 ) ) ;
#751 = EDGE_CURVE ( 'NONE', #949, #5151, #6767, .T. ) ;
#752 = EDGE_LOOP ( 'NONE', ( #6133, #6136, #6694, #1251, #6470, #2628, #5208, #4308 ) ) ;
#753 = EDGE_LOOP ( 'NONE', ( #6727, #874, #3937, #6455 ) ) ;
#754 =( LENGTH_UNIT ( ) NAMED_UNIT ( * ) SI_UNIT ( $, .METRE. ) );
#755 = ORIENTED_EDGE ( 'NONE', *, *, #1704, .F. ) ;
#756 = CARTESIAN_POINT ( 'NONE',  ( 0.2505039370078740400, 0.02700787401574809800, -0.2540157480314970700 ) ) ;
#757 = ORIENTED_EDGE ( 'NONE', *, *, #816, .F. ) ;
#758 = ORIENTED_EDGE ( 'NONE', *, *, #5604, .F. ) ;
#759 = DIRECTION ( 'NONE',  ( 1.000000000000000000, 0.0000000000000000000, -0.0000000000000000000 ) ) ;
#760 = DIRECTION ( 'NONE',  ( 6.938893903907228400E-018, 1.000000000000000000, 2.220446049250313100E-016 ) ) ;
#761 = CARTESIAN_POINT ( 'NONE',  ( -0.05907086614173251400, 0.1559999999999969700, -0.1080708661417415400 ) ) ;
#762 = DIRECTION ( 'NONE',  ( -1.127570259384924600E-017, 1.000000000000000000, 2.775557561562891400E-017 ) ) ;
#763 = LINE ( 'NONE', #2412, #4285 ) ;
#764 = DIRECTION ( 'NONE',  ( -6.808368128483062900E-017, -6.930574371664722800E-033, -1.000000000000000000 ) ) ;
#765 = VERTEX_POINT ( 'NONE', #2995 ) ;
#766 = FACE_OUTER_BOUND ( 'NONE', #6263, .T. ) ;
#767 = AXIS2_PLACEMENT_3D ( 'NONE', #582, #3134, #4239 ) ;
#768 = PLANE ( 'NONE',  #5309 ) ;
#769 = DIRECTION ( 'NONE',  ( 1.097892830587222400E-017, 1.000000000000000000, 6.094529495444110200E-034 ) ) ;
#770 = PLANE ( 'NONE',  #4932 ) ;
#771 = EDGE_CURVE ( 'NONE', #595, #5019, #157, .T. ) ;
#772 = STYLED_ITEM ( 'NONE', ( #5942 ), #718 ) ;
#773 = CARTESIAN_POINT ( 'NONE',  ( 0.6500000000000000200, 0.1559999999999978100, 0.4499999999999989600 ) ) ;
#774 = ORIENTED_EDGE ( 'NONE', *, *, #6209, .T. ) ;
#775 = FACE_OUTER_BOUND ( 'NONE', #3548, .T. ) ;
#776 = ORIENTED_EDGE ( 'NONE', *, *, #6634, .T. ) ;
#777 = LINE ( 'NONE', #1460, #2744 ) ;
#778 = ADVANCED_FACE ( 'NONE', ( #4956 ), #3018, .F. ) ;
#779 = CARTESIAN_POINT ( 'NONE',  ( -0.5500000000000000400, -3.831942829980054900E-017, 0.3200000000000002300 ) ) ;
#780 = AXIS2_PLACEMENT_3D ( 'NONE', #4257, #4743, #5258 ) ;
#781 = SURFACE_STYLE_FILL_AREA ( #626 ) ;
#782 = AXIS2_PLACEMENT_3D ( 'NONE', #3873, #5382, #1770 ) ;
#783 = LINE ( 'NONE', #3926, #1862 ) ;
#784 = PLANE ( 'NONE',  #3210 ) ;
#785 = CARTESIAN_POINT ( 'NONE',  ( -0.5500000000000000400, 0.7811982419601923900, 0.3000000000000003800 ) ) ;
#786 = CARTESIAN_POINT ( 'NONE',  ( 0.2324960629921259100, 0.02700787401574808100, -0.07301574803151011900 ) ) ;
#787 = CIRCLE ( 'NONE', #2997, 0.01999999999999990700 ) ;
#788 = FACE_OUTER_BOUND ( 'NONE', #3976, .T. ) ;
#789 = ORIENTED_EDGE ( 'NONE', *, *, #2244, .F. ) ;
#790 = CARTESIAN_POINT ( 'NONE',  ( -0.5500000000000000400, -0.1450000000001269400, 6.829619984160658000E-017 ) ) ;
#791 = DIRECTION ( 'NONE',  ( 0.4999999999507087100, 0.8660254038128969400, 6.123233995133126000E-017 ) ) ;
#792 = VECTOR ( 'NONE', #1754, 39.37007874015748100 ) ;
#793 =( BOUNDED_CURVE ( )  B_SPLINE_CURVE ( 3, ( #1409, #2441, #3419, #6622 ),
 .UNSPECIFIED., .F., .T. ) 
 B_SPLINE_CURVE_WITH_KNOTS ( ( 4, 4 ),
 ( 2.179041905705110700, 3.141592653589793100 ),
 .UNSPECIFIED. ) 
 CURVE ( )  GEOMETRIC_REPRESENTATION_ITEM ( )  RATIONAL_B_SPLINE_CURVE ( ( 1.000000000000000000, 0.9242701736186128600, 0.9242701736186128600, 1.000000000000000000 ) ) 
 REPRESENTATION_ITEM ( '' )  );
#794 = CARTESIAN_POINT ( 'NONE',  ( -0.02630708661416793200, 0.4739999999999999800, -0.3053070866141779400 ) ) ;
#795 = CARTESIAN_POINT ( 'NONE',  ( 0.1514960629921259500, 0.02700787401574806000, -0.07301574803149817100 ) ) ;
#796 = CARTESIAN_POINT ( 'NONE',  ( 0.5047928379568055200, 0.08999999999999731800, -0.3236074670390612400 ) ) ;
#797 = SURFACE_SIDE_STYLE ('',( #4288 ) ) ;
#798 = CIRCLE ( 'NONE', #3984, 0.03500000000000000300 ) ;
#799 = LINE ( 'NONE', #5498, #6606 ) ;
#800 = DIRECTION ( 'NONE',  ( 1.000000000000000000, 0.0000000000000000000, 0.0000000000000000000 ) ) ;
#801 = ORIENTED_EDGE ( 'NONE', *, *, #6118, .T. ) ;
#802 = LINE ( 'NONE', #870, #6691 ) ;
#803 = AXIS2_PLACEMENT_3D ( 'NONE', #1544, #5153, #5130 ) ;
#804 = ADVANCED_FACE ( 'NONE', ( #5529 ), #4066, .F. ) ;
#805 = ORIENTED_EDGE ( 'NONE', *, *, #1046, .F. ) ;
#806 = DIRECTION ( 'NONE',  ( -1.000000000000000000, -0.0000000000000000000, -0.0000000000000000000 ) ) ;
#807 = EDGE_CURVE ( 'NONE', #3598, #5600, #4150, .T. ) ;
#808 = LINE ( 'NONE', #3671, #1057 ) ;
#809 = CIRCLE ( 'NONE', #2933, 0.01999999999999990700 ) ;
#810 = VECTOR ( 'NONE', #6414, 39.37007874015748100 ) ;
#811 = DIRECTION ( 'NONE',  ( 3.074593178701605300E-063, -1.000000000000000000, 4.515903254171773800E-047 ) ) ;
#812 = CARTESIAN_POINT ( 'NONE',  ( -0.5499999999999998200, 0.009375000000000122800, -0.2650000000000000100 ) ) ;
#813 = ORIENTED_EDGE ( 'NONE', *, *, #6219, .F. ) ;
#814 = PLANE ( 'NONE',  #4834 ) ;
#815 = ORIENTED_EDGE ( 'NONE', *, *, #6491, .T. ) ;
#816 = EDGE_CURVE ( 'NONE', #3893, #904, #1882, .T. ) ;
#817 = FACE_OUTER_BOUND ( 'NONE', #5057, .T. ) ;
#818 = EDGE_CURVE ( 'NONE', #3455, #2387, #1226, .T. ) ;
#819 = DIRECTION ( 'NONE',  ( 0.0000000000000000000, -1.000000000000000000, 0.0000000000000000000 ) ) ;
#820 =( GEOMETRIC_REPRESENTATION_CONTEXT ( 3 ) GLOBAL_UNCERTAINTY_ASSIGNED_CONTEXT ( ( #3262 ) ) GLOBAL_UNIT_ASSIGNED_CONTEXT ( ( #4406, #1224, #681 ) ) REPRESENTATION_CONTEXT ( 'NONE', 'WORKASPACE' ) );
#821 = DIRECTION ( 'NONE',  ( -1.000000000000000000, 2.428612866367530200E-017, 1.348150961071064900E-033 ) ) ;
#822 = EDGE_LOOP ( 'NONE', ( #187, #6100, #2989, #3748 ) ) ;
#823 = DIRECTION ( 'NONE',  ( -0.0000000000000000000, 6.982962677686265900E-015, 1.000000000000000000 ) ) ;
#824 = CARTESIAN_POINT ( 'NONE',  ( -0.5616862307208926300, 0.009374999999999966700, 0.03500000000000011400 ) ) ;
#825 = EDGE_LOOP ( 'NONE', ( #1378, #1658, #4170, #4586 ) ) ;
#826 = PLANE ( 'NONE',  #4545 ) ;
#827 = VECTOR ( 'NONE', #2827, 39.37007874015748100 ) ;
#828 = AXIS2_PLACEMENT_3D ( 'NONE', #2649, #3721, #2581 ) ;
#829 = CARTESIAN_POINT ( 'NONE',  ( 0.5249324658624634500, 0.08401010114738491400, 0.02792394578861956400 ) ) ;
#830 = VERTEX_POINT ( 'NONE', #353 ) ;
#831 = ORIENTED_EDGE ( 'NONE', *, *, #4864, .F. ) ;
#832 = AXIS2_PLACEMENT_3D ( 'NONE', #1382, #1945, #3966 ) ;
#833 = CARTESIAN_POINT ( 'NONE',  ( -0.3419999999999992500, 0.1559999999999986100, 0.1002125984251970400 ) ) ;
#834 = FACE_OUTER_BOUND ( 'NONE', #6067, .T. ) ;
#835 = ORIENTED_EDGE ( 'NONE', *, *, #168, .F. ) ;
#836 = CARTESIAN_POINT ( 'NONE',  ( -0.5500000000000000400, 0.08999999999999998300, 0.3000000000000003200 ) ) ;
#837 = EDGE_LOOP ( 'NONE', ( #505, #6053, #5569, #6309 ) ) ;
#838 = CARTESIAN_POINT ( 'NONE',  ( -0.5499999999999999300, -0.1299999999999999500, -0.3199999999999999500 ) ) ;
#839 = CARTESIAN_POINT ( 'NONE',  ( 0.3944960629921259700, 0.02700787401574812300, -0.3800000000000132200 ) ) ;
#840 = VERTEX_POINT ( 'NONE', #873 ) ;
#841 = FACE_OUTER_BOUND ( 'NONE', #22, .T. ) ;
#842 = ORIENTED_EDGE ( 'NONE', *, *, #4923, .F. ) ;
#843 = EDGE_CURVE ( 'NONE', #424, #4293, #4573, .T. ) ;
#844 = ADVANCED_FACE ( 'NONE', ( #4701 ), #1956, .F. ) ;
#845 = CARTESIAN_POINT ( 'NONE',  ( 0.3944960629921259700, 0.02700787401574807100, -0.07301574803150363800 ) ) ;
#846 = VECTOR ( 'NONE', #4856, 39.37007874015748100 ) ;
#847 = ORIENTED_EDGE ( 'NONE', *, *, #3439, .F. ) ;
#848 =( BOUNDED_CURVE ( )  B_SPLINE_CURVE ( 3, ( #4849, #1275, #6409, #2795 ),
 .UNSPECIFIED., .F., .T. ) 
 B_SPLINE_CURVE_WITH_KNOTS ( ( 4, 4 ),
 ( 1.334177479242095500E-016, 1.100485391436094800 ),
 .UNSPECIFIED. ) 
 CURVE ( )  GEOMETRIC_REPRESENTATION_ITEM ( )  RATIONAL_B_SPLINE_CURVE ( ( 1.000000000000000000, 0.9015984286673652800, 0.9015984286673652800, 1.000000000000000000 ) ) 
 REPRESENTATION_ITEM ( '' )  );
#849 = CARTESIAN_POINT ( 'NONE',  ( 0.5188000400641283900, 0.08999999999999851200, 0.01586072192556194400 ) ) ;
#850 = CARTESIAN_POINT ( 'NONE',  ( -0.6500000000000000200, 0.1559999999999987500, 0.2813070866141708600 ) ) ;
#851 = EDGE_CURVE ( 'NONE', #570, #3178, #3347, .T. ) ;
#852 = DIRECTION ( 'NONE',  ( 1.000000000000000000, 0.0000000000000000000, 0.0000000000000000000 ) ) ;
#853 = ORIENTED_EDGE ( 'NONE', *, *, #4496, .F. ) ;
#854 =( GEOMETRIC_REPRESENTATION_CONTEXT ( 3 ) GLOBAL_UNCERTAINTY_ASSIGNED_CONTEXT ( ( #1643 ) ) GLOBAL_UNIT_ASSIGNED_CONTEXT ( ( #1167, #206, #1705 ) ) REPRESENTATION_CONTEXT ( 'NONE', 'WORKASPACE' ) );
#855 = CARTESIAN_POINT ( 'NONE',  ( 0.5212771867673099400, 1.369973489801430600E-016, -0.01999999999999992400 ) ) ;
#856 = LINE ( 'NONE', #1381, #6075 ) ;
#857 = VECTOR ( 'NONE', #910, 39.37007874015748100 ) ;
#858 = DIRECTION ( 'NONE',  ( -1.604619215278546300E-017, -1.000000000000000000, -2.775557561562891400E-017 ) ) ;
#859 = EDGE_CURVE ( 'NONE', #2723, #2896, #3321, .T. ) ;
#860 = EDGE_CURVE ( 'NONE', #3002, #3251, #5774, .T. ) ;
#861 = CARTESIAN_POINT ( 'NONE',  ( 0.5699999999991499600, -0.1299999999977155300, -0.1499999999999999700 ) ) ;
#862 = CIRCLE ( 'NONE', #453, 0.03099999999999985400 ) ;
#863 = CARTESIAN_POINT ( 'NONE',  ( 0.3315039370078740100, 0.08999999999999362700, -0.4500000000000007300 ) ) ;
#864 = FACE_OUTER_BOUND ( 'NONE', #6701, .T. ) ;
#865 = DIRECTION ( 'NONE',  ( 4.428646991611383300E-017, 0.0000000000000000000, 1.000000000000000000 ) ) ;
#866 = CARTESIAN_POINT ( 'NONE',  ( 0.5500000000000000400, -0.1299999999999998100, -0.2999999999999998800 ) ) ;
#867 = ORIENTED_EDGE ( 'NONE', *, *, #2039, .T. ) ;
#868 = EDGE_LOOP ( 'NONE', ( #998, #482, #2958, #1690 ) ) ;
#869 = EDGE_CURVE ( 'NONE', #245, #3598, #4473, .T. ) ;
#870 = CARTESIAN_POINT ( 'NONE',  ( 0.3134960629921260700, 0.08999999999999362700, -0.4500000000000007300 ) ) ;
#871 = VECTOR ( 'NONE', #6080, 39.37007874015748100 ) ;
#872 = DIRECTION ( 'NONE',  ( -1.000000000000000000, -3.727702946345641200E-032, 1.665334536937734800E-016 ) ) ;
#873 = CARTESIAN_POINT ( 'NONE',  ( -0.2901417322834641800, 0.1559999999999994400, 0.3833779527559023600 ) ) ;
#874 = ORIENTED_EDGE ( 'NONE', *, *, #2253, .F. ) ;
#875 = ADVANCED_FACE ( 'NONE', ( #716 ), #1529, .F. ) ;
#876 = CARTESIAN_POINT ( 'NONE',  ( -0.05907086614173251400, 0.1993070866141731000, -0.2419291338582770000 ) ) ;
#877 = EDGE_CURVE ( 'NONE', #3763, #8, #67, .T. ) ;
#878 =( NAMED_UNIT ( * ) PLANE_ANGLE_UNIT ( ) SI_UNIT ( $, .RADIAN. ) );
#879 = EDGE_LOOP ( 'NONE', ( #1334, #3462, #5866, #2295 ) ) ;
#880 = CARTESIAN_POINT ( 'NONE',  ( -0.5499999999999998200, 0.009375000000000122800, -0.2650000000000000100 ) ) ;
#881 = DIRECTION ( 'NONE',  ( -0.0000000000000000000, -1.000000000000000000, 0.0000000000000000000 ) ) ;
#882 = CARTESIAN_POINT ( 'NONE',  ( 0.5806681391206497400, 0.006419919741469932800, 0.3438398394829245700 ) ) ;
#883 = PRESENTATION_STYLE_ASSIGNMENT (( #1323 ) ) ;
#884 = LINE ( 'NONE', #5420, #6428 ) ;
#885 = ORIENTED_EDGE ( 'NONE', *, *, #4939, .F. ) ;
#886 = DIRECTION ( 'NONE',  ( 1.000000000000000000, 8.040570555633162400E-017, -3.992482017435697500E-017 ) ) ;
#887 = DIRECTION ( 'NONE',  ( 0.0000000000000000000, -1.817932429810993200E-016, 1.000000000000000000 ) ) ;
#888 = CARTESIAN_POINT ( 'NONE',  ( -0.4679842519685029600, 0.2544251968503936600, 0.3342125984251971300 ) ) ;
#889 = FACE_OUTER_BOUND ( 'NONE', #2613, .T. ) ;
#890 = VECTOR ( 'NONE', #2634, 39.37007874015748100 ) ;
#891 = ORIENTED_EDGE ( 'NONE', *, *, #5392, .F. ) ;
#892 = LINE ( 'NONE', #174, #6260 ) ;
#893 = DIRECTION ( 'NONE',  ( 6.982962677686265900E-015, 0.0000000000000000000, -1.000000000000000000 ) ) ;
#894 = VERTEX_POINT ( 'NONE', #1570 ) ;
#895 = CARTESIAN_POINT ( 'NONE',  ( 0.5364675199559609800, 0.08049654212842391500, 0.03500000000000019800 ) ) ;
#896 = ORIENTED_EDGE ( 'NONE', *, *, #2839, .T. ) ;
#897 = CARTESIAN_POINT ( 'NONE',  ( 0.5500000000000021500, 0.08000000000000008500, 0.2489999999999847100 ) ) ;
#898 = LINE ( 'NONE', #5514, #5954 ) ;
#899 = AXIS2_PLACEMENT_3D ( 'NONE', #6279, #4247, #5183 ) ;
#900 = VECTOR ( 'NONE', #4191, 39.37007874015748100 ) ;
#901 = COLOUR_RGB ( '',0.7921568627450980000, 0.8196078431372548800, 0.9333333333333333500 ) ;
#902 = ORIENTED_EDGE ( 'NONE', *, *, #2048, .F. ) ;
#903 = DIRECTION ( 'NONE',  ( 0.0000000000000000000, -1.000000000000000000, 6.982962677686265900E-015 ) ) ;
#904 = VERTEX_POINT ( 'NONE', #972 ) ;
#905 = STYLED_ITEM ( 'NONE', ( #5433 ), #931 ) ;
#906 = EDGE_CURVE ( 'NONE', #3828, #1900, #3733, .T. ) ;
#907 = ORIENTED_EDGE ( 'NONE', *, *, #1565, .T. ) ;
#908 = EDGE_LOOP ( 'NONE', ( #4161, #5300, #4895, #4032 ) ) ;
#909 = CARTESIAN_POINT ( 'NONE',  ( -0.3419999999999992500, 0.2544251968503937200, -0.01078740157480294300 ) ) ;
#910 = DIRECTION ( 'NONE',  ( -0.0000000000000000000, 1.000000000000000000, 1.905486357431723600E-016 ) ) ;
#911 = DIRECTION ( 'NONE',  ( 0.0000000000000000000, 1.000000000000000000, 0.0000000000000000000 ) ) ;
#912 = VERTEX_POINT ( 'NONE', #4116 ) ;
#913 = AXIS2_PLACEMENT_3D ( 'NONE', #3465, #2922, #1886 ) ;
#914 = VERTEX_POINT ( 'NONE', #3061 ) ;
#915 = ADVANCED_FACE ( 'NONE', ( #4467 ), #2351, .T. ) ;
#916 = EDGE_CURVE ( 'NONE', #2920, #5494, #6423, .T. ) ;
#917 = MECHANICAL_DESIGN_GEOMETRIC_PRESENTATION_REPRESENTATION (  '', ( #4750 ), #5437 ) ;
#918 = CARTESIAN_POINT ( 'NONE',  ( 0.3315039370078740100, 0.08999999999999412600, -0.3800000000000132200 ) ) ;
#919 = FACE_OUTER_BOUND ( 'NONE', #5135, .T. ) ;
#920 = DIRECTION ( 'NONE',  ( 1.604619215278546300E-017, 1.000000000000000000, 2.775557561562891400E-017 ) ) ;
#921 = ORIENTED_EDGE ( 'NONE', *, *, #1451, .T. ) ;
#922 = ORIENTED_EDGE ( 'NONE', *, *, #5114, .T. ) ;
#923 = VERTEX_POINT ( 'NONE', #4177 ) ;
#924 = ORIENTED_EDGE ( 'NONE', *, *, #6236, .F. ) ;
#925 = DIRECTION ( 'NONE',  ( 0.0000000000000000000, 0.0000000000000000000, 1.000000000000000000 ) ) ;
#926 = CARTESIAN_POINT ( 'NONE',  ( 0.5952071620431980100, 0.08999999999999748500, -0.2763925329609464000 ) ) ;
#927 = UNCERTAINTY_MEASURE_WITH_UNIT (LENGTH_MEASURE( 1.000000000000000100E-005 ), #1562, 'distance_accuracy_value', 'NONE');
#928 = VERTEX_POINT ( 'NONE', #2103 ) ;
#929 = ORIENTED_EDGE ( 'NONE', *, *, #5271, .F. ) ;
#930 = CARTESIAN_POINT ( 'NONE',  ( 0.5193318608793522400, 0.006419919741470103700, -0.2561601605170600900 ) ) ;
#931 = MANIFOLD_SOLID_BREP ( 'I6A4W010A033V-001-R-1-solid20', #37 ) ;
#932 = ORIENTED_EDGE ( 'NONE', *, *, #2873, .T. ) ;
#933 = DIRECTION ( 'NONE',  ( 4.510281037539699100E-017, -1.000000000000000000, -5.551115123125782700E-017 ) ) ;
#934 = FACE_OUTER_BOUND ( 'NONE', #2060, .T. ) ;
#935 = CARTESIAN_POINT ( 'NONE',  ( -0.5720449671064660200, 0.005993953971255845500, -0.2704096736459908900 ) ) ;
#936 = CARTESIAN_POINT ( 'NONE',  ( 0.5500000000000000400, 1.821254398020274400E-017, -0.1700000000000000400 ) ) ;
#937 = ORIENTED_EDGE ( 'NONE', *, *, #3963, .F. ) ;
#938 = VECTOR ( 'NONE', #1233, 39.37007874015748100 ) ;
#939 = MANIFOLD_SOLID_BREP ( 'I6A4W010A033V-001-R-1-solid26', #5060 ) ;
#940 = CARTESIAN_POINT ( 'NONE',  ( 0.08850393700787395600, 0.02700787401574809100, -0.1990000000000020900 ) ) ;
#941 = VERTEX_POINT ( 'NONE', #3123 ) ;
#942 = DIRECTION ( 'NONE',  ( 1.000000000000000000, -2.465190328815661900E-032, -5.473822126268816700E-048 ) ) ;
#943 = CARTESIAN_POINT ( 'NONE',  ( -0.5212771867673099400, -4.677183174027933600E-017, -0.02000000000000005900 ) ) ;
#944 = DIRECTION ( 'NONE',  ( 0.0000000000000000000, 1.000000000000000000, 0.0000000000000000000 ) ) ;
#945 = LINE ( 'NONE', #5578, #3633 ) ;
#946 = AXIS2_PLACEMENT_3D ( 'NONE', #6671, #3491, #2949 ) ;
#947 = PRESENTATION_STYLE_ASSIGNMENT (( #1474 ) ) ;
#948 = CARTESIAN_POINT ( 'NONE',  ( 0.4125039370078740800, 0.02700787401574881000, -0.3800000000000098300 ) ) ;
#949 = VERTEX_POINT ( 'NONE', #614 ) ;
#950 = DIRECTION ( 'NONE',  ( -1.000000000000000000, -5.083324522862352600E-017, 3.177077826788950500E-017 ) ) ;
#951 = EDGE_CURVE ( 'NONE', #3612, #4384, #629, .T. ) ;
#952 = CARTESIAN_POINT ( 'NONE',  ( 0.5952071620431987900, 0.08999999999999869200, 0.2763925329609275800 ) ) ;
#953 = ADVANCED_FACE ( 'NONE', ( #5692 ), #1082, .F. ) ;
#954 = LINE ( 'NONE', #4551, #5165 ) ;
#955 = DIRECTION ( 'NONE',  ( 1.000000000000000000, 3.876322972432708400E-031, 5.551115123125773500E-017 ) ) ;
#956 = ORIENTED_EDGE ( 'NONE', *, *, #2828, .F. ) ;
#957 = DIRECTION ( 'NONE',  ( 0.0000000000000000000, -6.982962677686265900E-015, -1.000000000000000000 ) ) ;
#958 = DIRECTION ( 'NONE',  ( -1.000000000000000000, -4.836559219299864000E-017, -9.396903959152117600E-033 ) ) ;
#959 = LINE ( 'NONE', #6081, #1778 ) ;
#960 = EDGE_CURVE ( 'NONE', #88, #4260, #5385, .T. ) ;
#961 = LINE ( 'NONE', #1194, #4692 ) ;
#962 = ADVANCED_FACE ( 'NONE', ( #6168 ), #5298, .F. ) ;
#963 = ORIENTED_EDGE ( 'NONE', *, *, #2837, .T. ) ;
#964 = DIRECTION ( 'NONE',  ( -1.000000000000000000, 1.505681874629105100E-015, 0.0000000000000000000 ) ) ;
#965 =( NAMED_UNIT ( * ) SI_UNIT ( $, .STERADIAN. ) SOLID_ANGLE_UNIT ( ) );
#966 = CYLINDRICAL_SURFACE ( 'NONE', #1316, 0.01999999999999990700 ) ;
#967 =( NAMED_UNIT ( * ) SI_UNIT ( $, .STERADIAN. ) SOLID_ANGLE_UNIT ( ) );
#968 = ADVANCED_FACE ( 'NONE', ( #3409 ), #3695, .F. ) ;
#969 = ORIENTED_EDGE ( 'NONE', *, *, #1776, .T. ) ;
#970 = AXIS2_PLACEMENT_3D ( 'NONE', #1921, #5550, #4461 ) ;
#971 = CARTESIAN_POINT ( 'NONE',  ( 0.5500000000000000400, 0.1300000000000000000, -0.1499999999999999100 ) ) ;
#972 = CARTESIAN_POINT ( 'NONE',  ( -0.5188000400641285000, 0.08999999999999745700, -0.2841392780744382800 ) ) ;
#973 = CARTESIAN_POINT ( 'NONE',  ( 0.5500000000000000400, 8.537024980200822600E-017, -0.2999999999999998800 ) ) ;
#974 = DIMENSIONAL_EXPONENTS ( 1.000000000000000000, 0.0000000000000000000, 0.0000000000000000000, 0.0000000000000000000, 0.0000000000000000000, 0.0000000000000000000, 0.0000000000000000000 ) ;
#975 = LINE ( 'NONE', #1604, #1881 ) ;
#976 = EDGE_CURVE ( 'NONE', #2160, #2532, #3572, .T. ) ;
#977 = LINE ( 'NONE', #6607, #6248 ) ;
#978 = ORIENTED_EDGE ( 'NONE', *, *, #4187, .T. ) ;
#979 = LINE ( 'NONE', #4084, #6516 ) ;
#980 = DIRECTION ( 'NONE',  ( -1.000000000000000000, -1.505681874721021400E-015, 0.0000000000000000000 ) ) ;
#981 = ORIENTED_EDGE ( 'NONE', *, *, #4978, .T. ) ;
#982 = FACE_OUTER_BOUND ( 'NONE', #6034, .T. ) ;
#983 = CONICAL_SURFACE ( 'NONE', #44, 0.01999999999914977100, 0.5235987755413826800 ) ;
#984 = VECTOR ( 'NONE', #6511, 39.37007874015748100 ) ;
#985 = ADVANCED_FACE ( 'NONE', ( #1472 ), #6506, .T. ) ;
#986 = ORIENTED_EDGE ( 'NONE', *, *, #615, .T. ) ;
#987 = AXIS2_PLACEMENT_3D ( 'NONE', #5138, #1020, #5684 ) ;
#988 = EDGE_LOOP ( 'NONE', ( #4332, #4945, #2706, #1478 ) ) ;
#989 = CARTESIAN_POINT ( 'NONE',  ( -0.2870157480314961000, 0.08999999999999919200, 0.3484960629921173300 ) ) ;
#990 = ORIENTED_EDGE ( 'NONE', *, *, #6441, .T. ) ;
#991 = EDGE_CURVE ( 'NONE', #5355, #6614, #4228, .T. ) ;
#992 = CARTESIAN_POINT ( 'NONE',  ( 0.2670000000000033500, 0.2347401574803148800, -0.1911338582677212200 ) ) ;
#993 = DIRECTION ( 'NONE',  ( -0.0000000000000000000, -1.000000000000000000, -3.885780586188047400E-016 ) ) ;
#994 = ORIENTED_EDGE ( 'NONE', *, *, #5516, .T. ) ;
#995 = PLANE ( 'NONE',  #4218 ) ;
#996 = CARTESIAN_POINT ( 'NONE',  ( 0.3315039370078740600, 0.02700787401574812300, -0.3800000000000132200 ) ) ;
#997 = ORIENTED_EDGE ( 'NONE', *, *, #6546, .T. ) ;
#998 = ORIENTED_EDGE ( 'NONE', *, *, #4843, .F. ) ;
#999 = ORIENTED_EDGE ( 'NONE', *, *, #1221, .T. ) ;
#1000 = EDGE_CURVE ( 'NONE', #6285, #2099, #5267, .T. ) ;
#1001 = VECTOR ( 'NONE', #4884, 39.37007874015748100 ) ;
#1002 = EDGE_CURVE ( 'NONE', #2450, #4818, #5521, .T. ) ;
#1003 = ORIENTED_EDGE ( 'NONE', *, *, #4450, .F. ) ;
#1004 = ORIENTED_EDGE ( 'NONE', *, *, #1398, .F. ) ;
#1005 = EDGE_LOOP ( 'NONE', ( #3176, #2524, #3399, #1291 ) ) ;
#1006 = ADVANCED_FACE ( 'NONE', ( #150 ), #1617, .T. ) ;
#1007 = PLANE ( 'NONE',  #5078 ) ;
#1008 = PLANE ( 'NONE',  #308 ) ;
#1009 = LINE ( 'NONE', #151, #500 ) ;
#1010 = MECHANICAL_DESIGN_GEOMETRIC_PRESENTATION_REPRESENTATION (  '', ( #1966 ), #2761 ) ;
#1011 = EDGE_LOOP ( 'NONE', ( #6195, #2876, #2471, #1044 ) ) ;
#1012 = EDGE_LOOP ( 'NONE', ( #4180, #6637, #5787, #651 ) ) ;
#1013 = AXIS2_PLACEMENT_3D ( 'NONE', #836, #933, #4051 ) ;
#1014 = MECHANICAL_DESIGN_GEOMETRIC_PRESENTATION_REPRESENTATION (  '', ( #6735 ), #2766 ) ;
#1015 = VERTEX_POINT ( 'NONE', #6361 ) ;
#1016 = FACE_OUTER_BOUND ( 'NONE', #3181, .T. ) ;
#1017 =( BOUNDED_CURVE ( )  B_SPLINE_CURVE ( 3, ( #4276, #654, #3248, #5320 ),
 .UNSPECIFIED., .F., .T. ) 
 B_SPLINE_CURVE_WITH_KNOTS ( ( 4, 4 ),
 ( 2.052050785681605000, 3.141592653589793100 ),
 .UNSPECIFIED. ) 
 CURVE ( )  GEOMETRIC_REPRESENTATION_ITEM ( )  RATIONAL_B_SPLINE_CURVE ( ( 1.000000000000000000, 0.9034973468845399800, 0.9034973468845399800, 1.000000000000000000 ) ) 
 REPRESENTATION_ITEM ( '' )  );
#1018 = PRESENTATION_STYLE_ASSIGNMENT (( #1446 ) ) ;
#1019 = CARTESIAN_POINT ( 'NONE',  ( -0.5500000000000000400, 0.1299999999999999500, 0.3000000000000003200 ) ) ;
#1020 = DIRECTION ( 'NONE',  ( -1.127570259384924600E-017, 1.000000000000000000, 2.775557561562891400E-017 ) ) ;
#1021 = DIRECTION ( 'NONE',  ( -0.0000000000000000000, -1.000000000000000000, -0.0000000000000000000 ) ) ;
#1022 = VECTOR ( 'NONE', #3789, 39.37007874015748100 ) ;
#1023 = ORIENTED_EDGE ( 'NONE', *, *, #6011, .F. ) ;
#1024 = EDGE_CURVE ( 'NONE', #894, #4037, #4143, .T. ) ;
#1025 = ADVANCED_FACE ( 'NONE', ( #1217 ), #966, .T. ) ;
#1026 = CARTESIAN_POINT ( 'NONE',  ( 0.4754960629921260500, 0.08999999999999362700, -0.4500000000000007300 ) ) ;
#1027 = VECTOR ( 'NONE', #2203, 39.37007874015748100 ) ;
#1028 = DIRECTION ( 'NONE',  ( -2.465190328815661900E-032, -1.000000000000000000, 0.0000000000000000000 ) ) ;
#1029 = CARTESIAN_POINT ( 'NONE',  ( 0.2324960629921259100, 0.02700787401574806700, -0.07301574803151011900 ) ) ;
#1030 = ADVANCED_FACE ( 'NONE', ( #2670 ), #1665, .T. ) ;
#1031 = CIRCLE ( 'NONE', #6530, 0.01999999999999990700 ) ;
#1032 = ADVANCED_FACE ( 'NONE', ( #6500 ), #3317, .T. ) ;
#1033 = CARTESIAN_POINT ( 'NONE',  ( -0.5364675199559610900, 0.08049654212842372000, 0.03500000000000009400 ) ) ;
#1034 = LINE ( 'NONE', #1952, #5847 ) ;
#1035 = LINE ( 'NONE', #5552, #5172 ) ;
#1036 = DIRECTION ( 'NONE',  ( 0.0000000000000000000, 1.000000000000000000, -0.0000000000000000000 ) ) ;
#1037 =( GEOMETRIC_REPRESENTATION_CONTEXT ( 3 ) GLOBAL_UNCERTAINTY_ASSIGNED_CONTEXT ( ( #1454 ) ) GLOBAL_UNIT_ASSIGNED_CONTEXT ( ( #4501, #6627, #4520 ) ) REPRESENTATION_CONTEXT ( 'NONE', 'WORKASPACE' ) );
#1038 = EDGE_CURVE ( 'NONE', #2207, #5724, #3488, .T. ) ;
#1039 = CARTESIAN_POINT ( 'NONE',  ( -0.5500000000000000400, 0.009375000000000070800, 0.3350000000000004100 ) ) ;
#1040 = VERTEX_POINT ( 'NONE', #2775 ) ;
#1041 = DIRECTION ( 'NONE',  ( 0.0000000000000000000, 0.0000000000000000000, 1.000000000000000000 ) ) ;
#1042 = CIRCLE ( 'NONE', #987, 0.05100000000000001800 ) ;
#1043 = LINE ( 'NONE', #2531, #4211 ) ;
#1044 = ORIENTED_EDGE ( 'NONE', *, *, #1943, .F. ) ;
#1045 = DIRECTION ( 'NONE',  ( -8.998862438468698800E-017, 1.000000000000000000, 1.817932429810993200E-016 ) ) ;
#1046 = EDGE_CURVE ( 'NONE', #2959, #1246, #622, .T. ) ;
#1047 = STYLED_ITEM ( 'NONE', ( #384 ), #1145 ) ;
#1048 = CARTESIAN_POINT ( 'NONE',  ( 0.5047928379568036300, 0.08999999999999949700, 0.3236074670390378700 ) ) ;
#1049 = ADVANCED_FACE ( 'NONE', ( #3728 ), #2817, .F. ) ;
#1050 = DIRECTION ( 'NONE',  ( 1.604619215278546300E-017, 1.000000000000000000, 2.775557561562891400E-017 ) ) ;
#1051 = CARTESIAN_POINT ( 'NONE',  ( -0.4679999999999997500, 0.1559999999999976700, -0.2242125984252099900 ) ) ;
#1052 = AXIS2_PLACEMENT_3D ( 'NONE', #6477, #5984, #1853 ) ;
#1053 = CARTESIAN_POINT ( 'NONE',  ( -0.01546456692913367200, 0.05062992125984004700, 0.2038503937007728800 ) ) ;
#1054 = ORIENTED_EDGE ( 'NONE', *, *, #3878, .T. ) ;
#1055 = CARTESIAN_POINT ( 'NONE',  ( -0.3420157480314957600, 0.2544251968503935500, -0.3392125984252100100 ) ) ;
#1056 = CARTESIAN_POINT ( 'NONE',  ( -0.02630708661417189100, 0.2347401574803149600, 0.2813070866141685300 ) ) ;
#1057 = VECTOR ( 'NONE', #2924, 39.37007874015748100 ) ;
#1058 = UNCERTAINTY_MEASURE_WITH_UNIT (LENGTH_MEASURE( 1.000000000000000100E-005 ), #6170, 'distance_accuracy_value', 'NONE');
#1059 = VECTOR ( 'NONE', #6025, 39.37007874015748100 ) ;
#1060 = EDGE_LOOP ( 'NONE', ( #3939, #6286, #4736, #1670, #668, #4184, #4265, #76 ) ) ;
#1061 = LINE ( 'NONE', #6365, #2276 ) ;
#1062 = ORIENTED_EDGE ( 'NONE', *, *, #1024, .F. ) ;
#1063 = ORIENTED_EDGE ( 'NONE', *, *, #4367, .T. ) ;
#1064 = EDGE_CURVE ( 'NONE', #4990, #2208, #3402, .T. ) ;
#1065 = ADVANCED_FACE ( 'NONE', ( #3651 ), #2028, .T. ) ;
#1066 = VECTOR ( 'NONE', #3933, 39.37007874015748100 ) ;
#1067 = CYLINDRICAL_SURFACE ( 'NONE', #4379, 0.03500000000000003800 ) ;
#1068 = VERTEX_POINT ( 'NONE', #1796 ) ;
#1069 = CLOSED_SHELL ( 'NONE', ( #3573, #2119, #4595, #2580, #327, #4911 ) ) ;
#1070 = CARTESIAN_POINT ( 'NONE',  ( 0.1695039370078739200, 0.08999999999999538900, -0.1990000000000141100 ) ) ;
#1071 = ORIENTED_EDGE ( 'NONE', *, *, #2214, .F. ) ;
#1072 = ORIENTED_EDGE ( 'NONE', *, *, #5255, .F. ) ;
#1073 = AXIS2_PLACEMENT_3D ( 'NONE', #5030, #6528, #6626 ) ;
#1074 = CIRCLE ( 'NONE', #828, 0.03500000000000000300 ) ;
#1075 = DIRECTION ( 'NONE',  ( 1.000000000000000000, 0.0000000000000000000, 0.0000000000000000000 ) ) ;
#1076 = EDGE_CURVE ( 'NONE', #1825, #3577, #3001, .T. ) ;
#1077 = VERTEX_POINT ( 'NONE', #703 ) ;
#1078 =( LENGTH_UNIT ( ) NAMED_UNIT ( * ) SI_UNIT ( $, .METRE. ) );
#1079 = DIRECTION ( 'NONE',  ( 1.000000000000000000, 1.125668374737133100E-016, -5.589417706913173600E-017 ) ) ;
#1080 = EDGE_LOOP ( 'NONE', ( #4566, #2539, #5609, #1965 ) ) ;
#1081 = PLANE ( 'NONE',  #2834 ) ;
#1082 = PLANE ( 'NONE',  #1841 ) ;
#1083 = ORIENTED_EDGE ( 'NONE', *, *, #3189, .F. ) ;
#1084 = ORIENTED_EDGE ( 'NONE', *, *, #1885, .T. ) ;
#1085 = ORIENTED_EDGE ( 'NONE', *, *, #2368, .F. ) ;
#1086 = DIRECTION ( 'NONE',  ( -0.0000000000000000000, -0.0000000000000000000, -1.000000000000000000 ) ) ;
#1087 = ADVANCED_FACE ( 'NONE', ( #1873 ), #6014, .T. ) ;
#1088 = ORIENTED_EDGE ( 'NONE', *, *, #4224, .F. ) ;
#1089 = DIRECTION ( 'NONE',  ( -1.127570259384924600E-017, 1.000000000000000000, 2.775557561562891400E-017 ) ) ;
#1090 = EDGE_CURVE ( 'NONE', #5098, #5288, #1630, .T. ) ;
#1091 = CARTESIAN_POINT ( 'NONE',  ( 0.3134960629921259600, 0.08999999999999498700, -0.2540157480314970700 ) ) ;
#1092 = VERTEX_POINT ( 'NONE', #3250 ) ;
#1093 = CARTESIAN_POINT ( 'NONE',  ( -0.01546456692913367200, 0.08999999999999362700, -0.4500000000000007300 ) ) ;
#1094 = CARTESIAN_POINT ( 'NONE',  ( -0.05907086614172363900, 0.1993070866141732300, -0.3869291338582751500 ) ) ;
#1095 = AXIS2_PLACEMENT_3D ( 'NONE', #1600, #4344, #3253 ) ;
#1096 = ORIENTED_EDGE ( 'NONE', *, *, #121, .F. ) ;
#1097 = LINE ( 'NONE', #5700, #117 ) ;
#1098 = CARTESIAN_POINT ( 'NONE',  ( -0.5500000000000000400, 0.009374999999999866100, -0.03499999999999999600 ) ) ;
#1099 = DIRECTION ( 'NONE',  ( 0.0000000000000000000, 0.3429264012056980100, 0.9393622748205873200 ) ) ;
#1100 = LINE ( 'NONE', #5937, #4838 ) ;
#1101 = DIRECTION ( 'NONE',  ( 0.0000000000000000000, 0.0000000000000000000, -1.000000000000000000 ) ) ;
#1102 = DIRECTION ( 'NONE',  ( 0.0000000000000000000, -3.885780586188047400E-016, 1.000000000000000000 ) ) ;
#1103 = DIRECTION ( 'NONE',  ( 0.0000000000000000000, 1.000000000000000000, -6.982962677686265900E-015 ) ) ;
#1104 = EDGE_CURVE ( 'NONE', #199, #3027, #62, .T. ) ;
#1105 = DIRECTION ( 'NONE',  ( 1.000000000000000000, 0.0000000000000000000, 5.551115123125782700E-017 ) ) ;
#1106 = VECTOR ( 'NONE', #2414, 39.37007874015748900 ) ;
#1107 = VECTOR ( 'NONE', #6687, 39.37007874015748100 ) ;
#1108 = DIRECTION ( 'NONE',  ( -0.0000000000000000000, -0.0000000000000000000, 1.000000000000000000 ) ) ;
#1109 = CARTESIAN_POINT ( 'NONE',  ( -0.6500000000000000200, 0.08999999999999991300, 0.4499999999999991800 ) ) ;
#1110 = DIRECTION ( 'NONE',  ( -9.414672419495280000E-017, -0.8479983040050894600, -0.5299989400031778200 ) ) ;
#1111 = DIRECTION ( 'NONE',  ( -1.097892830587222400E-017, -1.000000000000000000, -6.094529495444110200E-034 ) ) ;
#1112 = CARTESIAN_POINT ( 'NONE',  ( -0.5499999999999998200, 0.09000000000000012200, -0.2999999999999999900 ) ) ;
#1113 = CARTESIAN_POINT ( 'NONE',  ( 0.5500000000000021500, -0.1449999999978890100, 0.3223397459643013200 ) ) ;
#1114 = VERTEX_POINT ( 'NONE', #4823 ) ;
#1115 = CARTESIAN_POINT ( 'NONE',  ( -0.3419999999999992500, 0.2544251968503937200, -0.01078740157480294300 ) ) ;
#1116 = ORIENTED_EDGE ( 'NONE', *, *, #1090, .F. ) ;
#1117 = CONICAL_SURFACE ( 'NONE', #4439, 0.01999999999918760900, 0.5235987755760039800 ) ;
#1118 = CARTESIAN_POINT ( 'NONE',  ( 0.4125039370078740800, 0.02700787401574803300, -0.07301574803150034900 ) ) ;
#1119 = DIRECTION ( 'NONE',  ( -8.998862438468697500E-017, 1.000000000000000000, 1.817932429810993200E-016 ) ) ;
#1120 = CARTESIAN_POINT ( 'NONE',  ( 0.1514960629921260100, 0.08999999999999626400, -0.07301574803149810100 ) ) ;
#1121 = ORIENTED_EDGE ( 'NONE', *, *, #3832, .T. ) ;
#1122 = AXIS2_PLACEMENT_3D ( 'NONE', #3965, #378, #1448 ) ;
#1123 = PLANE ( 'NONE',  #5358 ) ;
#1124 = EDGE_CURVE ( 'NONE', #5151, #2864, #2268, .T. ) ;
#1125 = DIRECTION ( 'NONE',  ( 0.0000000000000000000, 0.0000000000000000000, 1.000000000000000000 ) ) ;
#1126 = CYLINDRICAL_SURFACE ( 'NONE', #738, 0.01999999999999992400 ) ;
#1127 = DIRECTION ( 'NONE',  ( -6.938893903907228400E-018, -1.000000000000000000, -2.220446049250313100E-016 ) ) ;
#1128 = CARTESIAN_POINT ( 'NONE',  ( 0.5500000000000000400, -0.1450000000001269700, -0.2999999999999998800 ) ) ;
#1129 = EDGE_LOOP ( 'NONE', ( #348, #560, #5596, #5871 ) ) ;
#1130 = PLANE ( 'NONE',  #4976 ) ;
#1131 = AXIS2_PLACEMENT_3D ( 'NONE', #4556, #1456, #1969 ) ;
#1132 = PRESENTATION_STYLE_ASSIGNMENT (( #2538 ) ) ;
#1133 = CARTESIAN_POINT ( 'NONE',  ( -0.3420157480314957600, 0.2544251968503935500, -0.1257874015748162700 ) ) ;
#1134 = CARTESIAN_POINT ( 'NONE',  ( -0.3419999999999992500, 0.2544251968503936600, 0.2192125984251971100 ) ) ;
#1135 = DIRECTION ( 'NONE',  ( -1.000000000000000000, 1.097892830587222400E-017, -5.551115123125788900E-017 ) ) ;
#1136 = CARTESIAN_POINT ( 'NONE',  ( -0.5500000000000000400, 0.7811982419601925000, 0.02000000000000012900 ) ) ;
#1137 = ORIENTED_EDGE ( 'NONE', *, *, #4187, .F. ) ;
#1138 = MANIFOLD_SOLID_BREP ( 'I6A4W010A033V-001-R-1-solid22', #4082 ) ;
#1139 = LINE ( 'NONE', #3197, #5875 ) ;
#1140 = VERTEX_POINT ( 'NONE', #2264 ) ;
#1141 = CARTESIAN_POINT ( 'NONE',  ( -0.5499999999999998200, 0.1300000000000001200, -0.2999999999999999900 ) ) ;
#1142 = CIRCLE ( 'NONE', #1237, 0.05099999999999998300 ) ;
#1143 = CARTESIAN_POINT ( 'NONE',  ( -0.5500000000000000400, -0.1300000000000000900, 0.3000000000000003800 ) ) ;
#1144 = LINE ( 'NONE', #5742, #6105 ) ;
#1145 = MANIFOLD_SOLID_BREP ( 'I6A4W010A033V-001-R-1-solid3', #5341 ) ;
#1146 = FACE_OUTER_BOUND ( 'NONE', #3825, .T. ) ;
#1147 =( CONVERSION_BASED_UNIT ( 'INCH', #5356 ) LENGTH_UNIT ( ) NAMED_UNIT ( #1199 ) );
#1148 = ORIENTED_EDGE ( 'NONE', *, *, #2260, .F. ) ;
#1149 = CARTESIAN_POINT ( 'NONE',  ( -0.4679999999999997500, 0.1559999999999936400, -0.4500000000000011200 ) ) ;
#1150 = VERTEX_POINT ( 'NONE', #3827 ) ;
#1151 = DIRECTION ( 'NONE',  ( 0.0000000000000000000, 0.4472135954999553200, 0.8944271909999171900 ) ) ;
#1152 = CARTESIAN_POINT ( 'NONE',  ( -0.5999999999999999800, 0.1559999999999936400, -0.4500000000000011200 ) ) ;
#1153 = VERTEX_POINT ( 'NONE', #4490 ) ;
#1154 = CLOSED_SHELL ( 'NONE', ( #2934, #2046, #1405, #1542, #5106, #5519 ) ) ;
#1155 = DIRECTION ( 'NONE',  ( -1.000000000000000000, -3.611517186439268300E-017, 0.0000000000000000000 ) ) ;
#1156 = ORIENTED_EDGE ( 'NONE', *, *, #3254, .T. ) ;
#1157 = ORIENTED_EDGE ( 'NONE', *, *, #4011, .F. ) ;
#1158 = CARTESIAN_POINT ( 'NONE',  ( -0.5811999599358711500, 0.08999999999999745700, -0.2841392780744382800 ) ) ;
#1159 = ORIENTED_EDGE ( 'NONE', *, *, #3037, .F. ) ;
#1160 = DIMENSIONAL_EXPONENTS ( 1.000000000000000000, 0.0000000000000000000, 0.0000000000000000000, 0.0000000000000000000, 0.0000000000000000000, 0.0000000000000000000, 0.0000000000000000000 ) ;
#1161 = VECTOR ( 'NONE', #764, 39.37007874015748100 ) ;
#1162 = EDGE_LOOP ( 'NONE', ( #4904, #3668, #565, #4353 ) ) ;
#1163 = DIRECTION ( 'NONE',  ( -1.000000000000000000, 0.0000000000000000000, 0.0000000000000000000 ) ) ;
#1164 = VERTEX_POINT ( 'NONE', #4894 ) ;
#1165 = ORIENTED_EDGE ( 'NONE', *, *, #2464, .F. ) ;
#1166 = ORIENTED_EDGE ( 'NONE', *, *, #5671, .T. ) ;
#1167 =( CONVERSION_BASED_UNIT ( 'INCH', #1530 ) LENGTH_UNIT ( ) NAMED_UNIT ( #3199 ) );
#1168 = CARTESIAN_POINT ( 'NONE',  ( -0.5499999999999998200, 1.113689502740892200E-016, -0.2800000000000000800 ) ) ;
#1169 = VERTEX_POINT ( 'NONE', #5367 ) ;
#1170 = FACE_OUTER_BOUND ( 'NONE', #2868, .T. ) ;
#1171 = PLANE ( 'NONE',  #5125 ) ;
#1172 = EDGE_CURVE ( 'NONE', #2372, #1169, #3568, .T. ) ;
#1173 = ORIENTED_EDGE ( 'NONE', *, *, #4924, .T. ) ;
#1174 = DIRECTION ( 'NONE',  ( 1.127570259384924600E-017, -1.000000000000000000, -2.775557561562891400E-017 ) ) ;
#1175 = VERTEX_POINT ( 'NONE', #5009 ) ;
#1176 = DIRECTION ( 'NONE',  ( -1.000000000000000000, 0.0000000000000000000, 6.808368128483062900E-017 ) ) ;
#1177 = DIRECTION ( 'NONE',  ( -1.954082057455163800E-016, 6.982962677686265900E-015, 1.000000000000000000 ) ) ;
#1178 = ORIENTED_EDGE ( 'NONE', *, *, #2797, .F. ) ;
#1179 = LINE ( 'NONE', #4002, #437 ) ;
#1180 = MECHANICAL_DESIGN_GEOMETRIC_PRESENTATION_REPRESENTATION (  '', ( #3043 ), #1445 ) ;
#1181 = LINE ( 'NONE', #1519, #6560 ) ;
#1182 = FILL_AREA_STYLE ('',( #6339 ) ) ;
#1183 = EDGE_CURVE ( 'NONE', #1246, #6270, #3074, .T. ) ;
#1184 = AXIS2_PLACEMENT_3D ( 'NONE', #1317, #3950, #865 ) ;
#1185 = CARTESIAN_POINT ( 'NONE',  ( 0.5500000000000000400, 1.360789404421061000E-016, 6.829619984160658000E-017 ) ) ;
#1186 = LINE ( 'NONE', #5515, #3778 ) ;
#1187 = VERTEX_POINT ( 'NONE', #1388 ) ;
#1188 = CARTESIAN_POINT ( 'NONE',  ( -0.3419999999999988600, 0.2544251968503936600, 0.2357874015748034100 ) ) ;
#1189 = SURFACE_SIDE_STYLE ('',( #6379 ) ) ;
#1190 = FACE_OUTER_BOUND ( 'NONE', #2382, .T. ) ;
#1191 = FACE_OUTER_BOUND ( 'NONE', #2914, .T. ) ;
#1192 = DIRECTION ( 'NONE',  ( 5.551115123125782700E-017, 1.942890293094024200E-016, -1.000000000000000000 ) ) ;
#1193 = DIRECTION ( 'NONE',  ( -4.836559219299864000E-017, 1.000000000000000000, 1.942890293094024200E-016 ) ) ;
#1194 = CARTESIAN_POINT ( 'NONE',  ( -0.5139999999999999000, 0.09000000000000012200, -0.3158607219255620300 ) ) ;
#1195 = DIRECTION ( 'NONE',  ( 0.0000000000000000000, 0.4447342106578351900, 0.8956625937653933700 ) ) ;
#1196 = CIRCLE ( 'NONE', #6588, 0.01999999999999992400 ) ;
#1197 = VECTOR ( 'NONE', #5535, 39.37007874015748100 ) ;
#1198 = CARTESIAN_POINT ( 'NONE',  ( 0.5500000000000000400, 1.112797066343697500E-016, -0.01999999999999985500 ) ) ;
#1199 = DIMENSIONAL_EXPONENTS ( 1.000000000000000000, 0.0000000000000000000, 0.0000000000000000000, 0.0000000000000000000, 0.0000000000000000000, 0.0000000000000000000, 0.0000000000000000000 ) ;
#1200 = EDGE_CURVE ( 'NONE', #6381, #6708, #4863, .T. ) ;
#1201 = CARTESIAN_POINT ( 'NONE',  ( 0.4125039370078740800, 0.02700787401574881000, -0.2540157480315059500 ) ) ;
#1202 = COLOUR_RGB ( '',0.5882352941176470800, 0.2941176470588235400, 0.0000000000000000000 ) ;
#1203 = LINE ( 'NONE', #6615, #3394 ) ;
#1204 = DIRECTION ( 'NONE',  ( -1.000000000000000000, 0.0000000000000000000, -0.0000000000000000000 ) ) ;
#1205 = ORIENTED_EDGE ( 'NONE', *, *, #4749, .F. ) ;
#1206 =( NAMED_UNIT ( * ) PLANE_ANGLE_UNIT ( ) SI_UNIT ( $, .RADIAN. ) );
#1207 = CARTESIAN_POINT ( 'NONE',  ( -0.5500000000000000400, 0.1299999999999999500, 0.03500000000000010700 ) ) ;
#1208 = DIRECTION ( 'NONE',  ( 0.0000000000000000000, -3.885780586188047400E-016, 1.000000000000000000 ) ) ;
#1209 = FACE_OUTER_BOUND ( 'NONE', #2149, .T. ) ;
#1210 = FACE_OUTER_BOUND ( 'NONE', #3515, .T. ) ;
#1211 = DIRECTION ( 'NONE',  ( 0.0000000000000000000, -1.000000000000000000, -1.942890293094024200E-016 ) ) ;
#1212 = EDGE_CURVE ( 'NONE', #5822, #2802, #5422, .T. ) ;
#1213 = ORIENTED_EDGE ( 'NONE', *, *, #1538, .F. ) ;
#1214 = CARTESIAN_POINT ( 'NONE',  ( -0.5616862307208925200, 0.009374999999999878200, 0.2650000000000002900 ) ) ;
#1215 = DIRECTION ( 'NONE',  ( 0.0000000000000000000, 0.0000000000000000000, -1.000000000000000000 ) ) ;
#1216 = PLANE ( 'NONE',  #782 ) ;
#1217 = FACE_OUTER_BOUND ( 'NONE', #6690, .T. ) ;
#1218 = AXIS2_PLACEMENT_3D ( 'NONE', #3022, #6680, #957 ) ;
#1219 = DIRECTION ( 'NONE',  ( -1.256799583428831500E-016, 0.8956625937653934800, -0.4447342106578352500 ) ) ;
#1220 = VERTEX_POINT ( 'NONE', #6496 ) ;
#1221 = EDGE_CURVE ( 'NONE', #4414, #2822, #2918, .T. ) ;
#1222 = EDGE_CURVE ( 'NONE', #4348, #6644, #1385, .T. ) ;
#1223 = CARTESIAN_POINT ( 'NONE',  ( -0.1929291338582678200, 0.1993070866141731000, -0.1080708661417415400 ) ) ;
#1224 =( NAMED_UNIT ( * ) PLANE_ANGLE_UNIT ( ) SI_UNIT ( $, .RADIAN. ) );
#1225 = LINE ( 'NONE', #4300, #4149 ) ;
#1226 = LINE ( 'NONE', #5543, #472 ) ;
#1227 = DIRECTION ( 'NONE',  ( 1.110223024625156500E-016, 0.0000000000000000000, -1.000000000000000000 ) ) ;
#1228 =( BOUNDED_CURVE ( )  B_SPLINE_CURVE ( 3, ( #3634, #4765, #5728, #6261 ),
 .UNSPECIFIED., .F., .F. ) 
 B_SPLINE_CURVE_WITH_KNOTS ( ( 4, 4 ),
 ( 3.141592653589793100, 4.104143401474484400 ),
 .UNSPECIFIED. ) 
 CURVE ( )  GEOMETRIC_REPRESENTATION_ITEM ( )  RATIONAL_B_SPLINE_CURVE ( ( 1.000000000000000000, 0.9242701736186115200, 0.9242701736186115200, 1.000000000000000000 ) ) 
 REPRESENTATION_ITEM ( '' )  );
#1229 =( CONVERSION_BASED_UNIT ( 'INCH', #1968 ) LENGTH_UNIT ( ) NAMED_UNIT ( #2004 ) );
#1230 = ORIENTED_EDGE ( 'NONE', *, *, #6545, .F. ) ;
#1231 = CARTESIAN_POINT ( 'NONE',  ( 0.3944960629921259700, 0.02700787401574809800, -0.2540157480315091100 ) ) ;
#1232 = CARTESIAN_POINT ( 'NONE',  ( 0.5500000000000000400, 0.09000000000000013500, -0.2999999999999998800 ) ) ;
#1233 = DIRECTION ( 'NONE',  ( -3.407271461368530900E-015, -0.0000000000000000000, 1.000000000000000000 ) ) ;
#1234 = CYLINDRICAL_SURFACE ( 'NONE', #3817, 0.03500000000000000300 ) ;
#1235 = PLANE ( 'NONE',  #4315 ) ;
#1236 = FACE_OUTER_BOUND ( 'NONE', #5696, .T. ) ;
#1237 = AXIS2_PLACEMENT_3D ( 'NONE', #6508, #3410, #294 ) ;
#1238 = ORIENTED_EDGE ( 'NONE', *, *, #4525, .T. ) ;
#1239 = ORIENTED_EDGE ( 'NONE', *, *, #5436, .T. ) ;
#1240 = PLANE ( 'NONE',  #5495 ) ;
#1241 = VECTOR ( 'NONE', #3450, 39.37007874015748100 ) ;
#1242 = CARTESIAN_POINT ( 'NONE',  ( 0.08850393700787388700, 0.08999999999999538900, -0.1990000000000020900 ) ) ;
#1243 = DIRECTION ( 'NONE',  ( 0.0000000000000000000, 6.982962677686265900E-015, 1.000000000000000000 ) ) ;
#1244 = VERTEX_POINT ( 'NONE', #2880 ) ;
#1245 = CARTESIAN_POINT ( 'NONE',  ( -0.5499999999999998200, 1.228926345138046200E-016, -0.3200000000000002300 ) ) ;
#1246 = VERTEX_POINT ( 'NONE', #4943 ) ;
#1247 = EDGE_CURVE ( 'NONE', #5494, #5188, #3722, .T. ) ;
#1248 = CARTESIAN_POINT ( 'NONE',  ( 0.5500000000000021500, -0.1299999999999999500, 0.2689999999991420900 ) ) ;
#1249 = DIRECTION ( 'NONE',  ( 0.0000000000000000000, 1.000000000000000000, -0.0000000000000000000 ) ) ;
#1250 = DIRECTION ( 'NONE',  ( 0.0000000000000000000, -1.000000000000000000, 6.982962677686265900E-015 ) ) ;
#1251 = ORIENTED_EDGE ( 'NONE', *, *, #5187, .F. ) ;
#1252 = CARTESIAN_POINT ( 'NONE',  ( 0.6009999999999999800, 0.09000000000000013500, -0.2763925329609464000 ) ) ;
#1253 = VECTOR ( 'NONE', #3259, 39.37007874015748100 ) ;
#1254 = ORIENTED_EDGE ( 'NONE', *, *, #1406, .T. ) ;
#1255 = ORIENTED_EDGE ( 'NONE', *, *, #5573, .T. ) ;
#1256 = DIRECTION ( 'NONE',  ( -1.110223024625156500E-016, 0.0000000000000000000, 1.000000000000000000 ) ) ;
#1257 = CARTESIAN_POINT ( 'NONE',  ( -0.6500000000000000200, 0.08999999999999397400, -0.4000000000000005800 ) ) ;
#1258 = ORIENTED_EDGE ( 'NONE', *, *, #2175, .T. ) ;
#1259 = DIRECTION ( 'NONE',  ( 8.998862438468697500E-017, -1.000000000000000000, -1.817932429810993000E-016 ) ) ;
#1260 = VERTEX_POINT ( 'NONE', #4466 ) ;
#1261 = VERTEX_POINT ( 'NONE', #795 ) ;
#1262 = DIRECTION ( 'NONE',  ( -0.0000000000000000000, -1.000000000000000000, -0.0000000000000000000 ) ) ;
#1263 = VECTOR ( 'NONE', #2438, 39.37007874015748100 ) ;
#1264 = ORIENTED_EDGE ( 'NONE', *, *, #4357, .F. ) ;
#1265 = CARTESIAN_POINT ( 'NONE',  ( -0.01662992125984251400, 0.04078740157480208200, 0.3426062992125839000 ) ) ;
#1266 = AXIS2_PLACEMENT_3D ( 'NONE', #6419, #6341, #5353 ) ;
#1267 = CARTESIAN_POINT ( 'NONE',  ( 0.3944960629921259700, 0.02700787401574812300, -0.2540157480315091100 ) ) ;
#1268 = EDGE_CURVE ( 'NONE', #6645, #4018, #2841, .T. ) ;
#1269 = FACE_OUTER_BOUND ( 'NONE', #4407, .T. ) ;
#1270 = ORIENTED_EDGE ( 'NONE', *, *, #215, .F. ) ;
#1271 = ADVANCED_FACE ( 'NONE', ( #2339 ), #3994, .F. ) ;
#1272 =( CONVERSION_BASED_UNIT ( 'INCH', #3366 ) LENGTH_UNIT ( ) NAMED_UNIT ( #2442 ) );
#1273 = CARTESIAN_POINT ( 'NONE',  ( -0.5500000000000000400, -0.1300000000044293800, 0.3000000000000003800 ) ) ;
#1274 = AXIS2_PLACEMENT_3D ( 'NONE', #1115, #1163, #3201 ) ;
#1275 = CARTESIAN_POINT ( 'NONE',  ( -0.5635324800440391100, 0.08049654212842373400, 0.3350000000000004100 ) ) ;
#1276 = ORIENTED_EDGE ( 'NONE', *, *, #5506, .T. ) ;
#1277 = COLOUR_RGB ( '',0.5882352941176470800, 0.2941176470588235400, 0.0000000000000000000 ) ;
#1278 = ORIENTED_EDGE ( 'NONE', *, *, #5547, .F. ) ;
#1279 = AXIS2_PLACEMENT_3D ( 'NONE', #3213, #4781, #4738 ) ;
#1280 =( NAMED_UNIT ( * ) SI_UNIT ( $, .STERADIAN. ) SOLID_ANGLE_UNIT ( ) );
#1281 = DIRECTION ( 'NONE',  ( 0.0000000000000000000, 0.0000000000000000000, 1.000000000000000000 ) ) ;
#1282 = CARTESIAN_POINT ( 'NONE',  ( 0.2324960629921259100, 0.02700787401574806700, -0.07301574803151011900 ) ) ;
#1283 = CARTESIAN_POINT ( 'NONE',  ( 0.5695015012874238300, 0.08000000000000002900, 0.3509999999999847100 ) ) ;
#1284 = MECHANICAL_DESIGN_GEOMETRIC_PRESENTATION_REPRESENTATION (  '', ( #3841 ), #5017 ) ;
#1285 = DIRECTION ( 'NONE',  ( 6.808368128483062900E-017, 6.930574371664722800E-033, 1.000000000000000000 ) ) ;
#1286 = LINE ( 'NONE', #74, #5245 ) ;
#1287 = CARTESIAN_POINT ( 'NONE',  ( 0.5500000000000000400, 1.377165188170212100E-017, -0.1500000000000000500 ) ) ;
#1288 = DIRECTION ( 'NONE',  ( 0.0000000000000000000, -2.079730490656586000E-016, 1.000000000000000000 ) ) ;
#1289 = ORIENTED_EDGE ( 'NONE', *, *, #3877, .F. ) ;
#1290 = ORIENTED_EDGE ( 'NONE', *, *, #6269, .T. ) ;
#1291 = ORIENTED_EDGE ( 'NONE', *, *, #5349, .F. ) ;
#1292 = FACE_OUTER_BOUND ( 'NONE', #2072, .T. ) ;
#1294 = ORIENTED_EDGE ( 'NONE', *, *, #2317, .F. ) ;
#1293 = DIRECTION ( 'NONE',  ( 2.931445041047931400E-016, 0.0000000000000000000, -1.000000000000000000 ) ) ;
#1295 = LINE ( 'NONE', #1609, #2425 ) ;
#1296 = DIRECTION ( 'NONE',  ( -0.0000000000000000000, -0.0000000000000000000, 1.000000000000000000 ) ) ;
#1297 = CARTESIAN_POINT ( 'NONE',  ( 0.5500000000000021500, -0.1300000000021914500, 0.2690000000004073600 ) ) ;
#1298 = ORIENTED_EDGE ( 'NONE', *, *, #4278, .T. ) ;
#1299 = CARTESIAN_POINT ( 'NONE',  ( -0.6500000000000000200, 0.08999999999999991300, 0.4499999999999991800 ) ) ;
#1300 = VECTOR ( 'NONE', #1296, 39.37007874015748100 ) ;
#1301 = DIRECTION ( 'NONE',  ( 0.0000000000000000000, 1.000000000000000000, 0.0000000000000000000 ) ) ;
#1302 = CARTESIAN_POINT ( 'NONE',  ( -0.02630708661417175500, 0.2347401574803149600, 0.2813070866141685300 ) ) ;
#1303 = DIRECTION ( 'NONE',  ( -0.0000000000000000000, -1.000000000000000000, -0.0000000000000000000 ) ) ;
#1304 =( GEOMETRIC_REPRESENTATION_CONTEXT ( 3 ) GLOBAL_UNCERTAINTY_ASSIGNED_CONTEXT ( ( #5421 ) ) GLOBAL_UNIT_ASSIGNED_CONTEXT ( ( #6432, #5464, #735 ) ) REPRESENTATION_CONTEXT ( 'NONE', 'WORKASPACE' ) );
#1305 = ADVANCED_FACE ( 'NONE', ( #2992 ), #6040, .F. ) ;
#1306 = EDGE_CURVE ( 'NONE', #5546, #3455, #6238, .T. ) ;
#1307 = DIRECTION ( 'NONE',  ( -1.000000000000000000, -0.0000000000000000000, -0.0000000000000000000 ) ) ;
#1308 = LINE ( 'NONE', #5925, #471 ) ;
#1309 = VECTOR ( 'NONE', #762, 39.37007874015748100 ) ;
#1310 = ORIENTED_EDGE ( 'NONE', *, *, #6316, .T. ) ;
#1311 = UNCERTAINTY_MEASURE_WITH_UNIT (LENGTH_MEASURE( 1.000000000000000100E-005 ), #4193, 'distance_accuracy_value', 'NONE');
#1312 = FACE_OUTER_BOUND ( 'NONE', #4757, .T. ) ;
#1313 = EDGE_CURVE ( 'NONE', #5909, #4405, #57, .T. ) ;
#1314 = ORIENTED_EDGE ( 'NONE', *, *, #6770, .T. ) ;
#1315 = EDGE_CURVE ( 'NONE', #2802, #1682, #2263, .T. ) ;
#1316 = AXIS2_PLACEMENT_3D ( 'NONE', #3160, #2195, #5248 ) ;
#1317 = CARTESIAN_POINT ( 'NONE',  ( -0.05907086614173251400, 0.1993070866141731500, -0.2419291338582770000 ) ) ;
#1318 = ORIENTED_EDGE ( 'NONE', *, *, #129, .F. ) ;
#1319 = DIRECTION ( 'NONE',  ( 0.0000000000000000000, 0.0000000000000000000, -1.000000000000000000 ) ) ;
#1320 = CARTESIAN_POINT ( 'NONE',  ( -0.1929291338582601900, 0.1559999999999974700, -0.2530708661417410700 ) ) ;
#1321 = FACE_OUTER_BOUND ( 'NONE', #2377, .T. ) ;
#1322 = VERTEX_POINT ( 'NONE', #6064 ) ;
#1323 = SURFACE_STYLE_USAGE ( .BOTH. , #4967 ) ;
#1324 = ORIENTED_EDGE ( 'NONE', *, *, #2754, .T. ) ;
#1325 = AXIS2_PLACEMENT_3D ( 'NONE', #6152, #5597, #4577 ) ;
#1326 = ORIENTED_EDGE ( 'NONE', *, *, #1672, .F. ) ;
#1327 = DIRECTION ( 'NONE',  ( 0.0000000000000000000, 1.000000000000000000, 0.0000000000000000000 ) ) ;
#1328 = CARTESIAN_POINT ( 'NONE',  ( -0.02630708661417162000, 0.4739999999999999800, 0.2419370078740110700 ) ) ;
#1329 = VECTOR ( 'NONE', #312, 39.37007874015748100 ) ;
#1330 = FILL_AREA_STYLE_COLOUR ( '', #6538 ) ;
#1331 = ORIENTED_EDGE ( 'NONE', *, *, #717, .T. ) ;
#1332 = VERTEX_POINT ( 'NONE', #3973 ) ;
#1333 = DIRECTION ( 'NONE',  ( 0.0000000000000000000, 0.0000000000000000000, 1.000000000000000000 ) ) ;
#1334 = ORIENTED_EDGE ( 'NONE', *, *, #5285, .F. ) ;
#1335 = FACE_OUTER_BOUND ( 'NONE', #5110, .T. ) ;
#1336 = CARTESIAN_POINT ( 'NONE',  ( -0.3420157480314956500, 0.1559999999999963100, -0.2407874015748162100 ) ) ;
#1337 = ORIENTED_EDGE ( 'NONE', *, *, #4176, .T. ) ;
#1338 = EDGE_LOOP ( 'NONE', ( #4262, #5649, #801, #255, #6417 ) ) ;
#1339 = EDGE_CURVE ( 'NONE', #840, #2596, #5761, .T. ) ;
#1340 = EDGE_LOOP ( 'NONE', ( #3690, #4241, #907, #2996 ) ) ;
#1341 = ORIENTED_EDGE ( 'NONE', *, *, #717, .F. ) ;
#1342 = ADVANCED_FACE ( 'NONE', ( #5257 ), #1972, .F. ) ;
#1343 = SURFACE_SIDE_STYLE ('',( #4270 ) ) ;
#1344 = DIRECTION ( 'NONE',  ( 0.0000000000000000000, 0.0000000000000000000, 1.000000000000000000 ) ) ;
#1345 = ORIENTED_EDGE ( 'NONE', *, *, #4604, .T. ) ;
#1346 = EDGE_LOOP ( 'NONE', ( #4909, #406, #5492 ) ) ;
#1347 = AXIS2_PLACEMENT_3D ( 'NONE', #1933, #1436, #1978 ) ;
#1348 = FILL_AREA_STYLE_COLOUR ( '', #6265 ) ;
#1349 = VERTEX_POINT ( 'NONE', #5457 ) ;
#1350 = FACE_OUTER_BOUND ( 'NONE', #1490, .T. ) ;
#1351 =( LENGTH_UNIT ( ) NAMED_UNIT ( * ) SI_UNIT ( $, .METRE. ) );
#1352 = EDGE_CURVE ( 'NONE', #4818, #2450, #6673, .T. ) ;
#1353 = FACE_OUTER_BOUND ( 'NONE', #578, .T. ) ;
#1354 = DIRECTION ( 'NONE',  ( 0.0000000000000000000, -1.000000000000000000, 6.982962677686265900E-015 ) ) ;
#1355 = VERTEX_POINT ( 'NONE', #918 ) ;
#1356 = AXIS2_PLACEMENT_3D ( 'NONE', #2607, #511, #980 ) ;
#1357 = DIRECTION ( 'NONE',  ( 1.604619215278546300E-017, 1.000000000000000000, 2.775557561562891400E-017 ) ) ;
#1358 = CARTESIAN_POINT ( 'NONE',  ( -0.02630708661417162000, 0.2347401574803148800, 0.2419370078740115100 ) ) ;
#1359 = EDGE_CURVE ( 'NONE', #1187, #1918, #2583, .T. ) ;
#1360 = EDGE_CURVE ( 'NONE', #490, #1332, #1295, .T. ) ;
#1361 = EDGE_LOOP ( 'NONE', ( #5530, #4419, #6130, #539 ) ) ;
#1362 = FACE_OUTER_BOUND ( 'NONE', #1652, .T. ) ;
#1363 = LINE ( 'NONE', #1848, #5997 ) ;
#1364 = DIRECTION ( 'NONE',  ( 0.0000000000000000000, -0.0000000000000000000, -1.000000000000000000 ) ) ;
#1365 = DIRECTION ( 'NONE',  ( -0.0000000000000000000, 1.000000000000000000, -6.982962677686265900E-015 ) ) ;
#1366 = DIRECTION ( 'NONE',  ( -4.510281037539699700E-017, 1.000000000000000000, 5.551115123125783900E-017 ) ) ;
#1367 = AXIS2_PLACEMENT_3D ( 'NONE', #5584, #2901, #6597 ) ;
#1368 = STYLED_ITEM ( 'NONE', ( #1018 ), #226 ) ;
#1369 = FACE_OUTER_BOUND ( 'NONE', #4418, .T. ) ;
#1370 = PLANE ( 'NONE',  #3628 ) ;
#1371 =( LENGTH_UNIT ( ) NAMED_UNIT ( * ) SI_UNIT ( $, .METRE. ) );
#1372 = CARTESIAN_POINT ( 'NONE',  ( 0.5787228132326900400, 1.378305161567237200E-016, -0.01999999999999992400 ) ) ;
#1373 = CARTESIAN_POINT ( 'NONE',  ( -0.09537007874015754300, 0.08999999999999916400, 0.3426062992125836200 ) ) ;
#1374 = FILL_AREA_STYLE ('',( #5988 ) ) ;
#1375 = ADVANCED_FACE ( 'NONE', ( #1210 ), #1951, .F. ) ;
#1376 = LINE ( 'NONE', #6042, #2574 ) ;
#1377 = CYLINDRICAL_SURFACE ( 'NONE', #553, 0.01999999999999992400 ) ;
#1378 = ORIENTED_EDGE ( 'NONE', *, *, #704, .T. ) ;
#1379 = EDGE_CURVE ( 'NONE', #3993, #3405, #2505, .T. ) ;
#1380 = FILL_AREA_STYLE ('',( #5548 ) ) ;
#1381 = CARTESIAN_POINT ( 'NONE',  ( 0.4125039370078740200, 0.08999999999999362700, -0.4500000000000007300 ) ) ;
#1382 = CARTESIAN_POINT ( 'NONE',  ( -0.4679842519685029600, 0.2544251968503936600, 0.3342125984251971300 ) ) ;
#1383 = COLOUR_RGB ( '',0.2509803921568627400, 0.2509803921568627400, 0.2509803921568627400 ) ;
#1384 = CARTESIAN_POINT ( 'NONE',  ( -0.4679842519685032400, 0.2544251968503937200, -0.01078740157480294300 ) ) ;
#1385 = LINE ( 'NONE', #4453, #6753 ) ;
#1386 = VERTEX_POINT ( 'NONE', #6669 ) ;
#1387 = DIRECTION ( 'NONE',  ( -1.000000000000000000, -3.122502256758246000E-017, 1.561251128379111600E-017 ) ) ;
#1388 = CARTESIAN_POINT ( 'NONE',  ( 0.2505039370078739300, 0.08999999999999626400, -0.07301574803150684400 ) ) ;
#1389 = CARTESIAN_POINT ( 'NONE',  ( 0.5500000000000001600, -0.1299999999999999500, -0.1499999999999999700 ) ) ;
#1390 = DIRECTION ( 'NONE',  ( -1.738909042808659600E-032, 1.000000000000000000, 3.132540046889706200E-016 ) ) ;
#1391 = CARTESIAN_POINT ( 'NONE',  ( 0.5603070866141746100, 0.4739999999999999800, 0.2813070866141726400 ) ) ;
#1392 = CARTESIAN_POINT ( 'NONE',  ( 0.5616862307208924100, 0.009374999999999980600, -0.03499999999999980200 ) ) ;
#1393 = LINE ( 'NONE', #4992, #3161 ) ;
#1394 = CARTESIAN_POINT ( 'NONE',  ( -0.4679842519685032400, 0.2544251968503936600, 0.1207874015748034000 ) ) ;
#1395 = AXIS2_PLACEMENT_3D ( 'NONE', #3203, #1632, #26 ) ;
#1396 = VERTEX_POINT ( 'NONE', #407 ) ;
#1397 = CARTESIAN_POINT ( 'NONE',  ( 0.5500000000000000400, 0.7811982419601926100, 0.02000000000000011100 ) ) ;
#1398 = EDGE_CURVE ( 'NONE', #265, #4411, #5928, .T. ) ;
#1399 = VECTOR ( 'NONE', #4880, 39.37007874015748100 ) ;
#1400 = DIRECTION ( 'NONE',  ( -1.000000000000000000, -0.0000000000000000000, -0.0000000000000000000 ) ) ;
#1401 = CARTESIAN_POINT ( 'NONE',  ( -0.5787228132326900400, 1.251511192545704400E-016, -0.2800000000000000800 ) ) ;
#1402 = CARTESIAN_POINT ( 'NONE',  ( -0.01662992125984251400, 0.08999999999999916400, 0.3426062992125837900 ) ) ;
#1403 = ORIENTED_EDGE ( 'NONE', *, *, #2348, .F. ) ;
#1404 = ORIENTED_EDGE ( 'NONE', *, *, #5206, .F. ) ;
#1405 = ADVANCED_FACE ( 'NONE', ( #6594 ), #2985, .F. ) ;
#1406 = EDGE_CURVE ( 'NONE', #5511, #6628, #1786, .T. ) ;
#1407 = DIRECTION ( 'NONE',  ( 0.5000000000216471300, 0.8660254037719405900, 6.123233996001894800E-017 ) ) ;
#1408 = VERTEX_POINT ( 'NONE', #2968 ) ;
#1409 = CARTESIAN_POINT ( 'NONE',  ( -0.5212771867673098300, 1.253635388800586400E-016, -0.3200000000000002300 ) ) ;
#1410 = DIRECTION ( 'NONE',  ( -0.0000000000000000000, -1.000000000000000000, -0.0000000000000000000 ) ) ;
#1411 = VERTEX_POINT ( 'NONE', #6620 ) ;
#1412 = CARTESIAN_POINT ( 'NONE',  ( -0.05785826771653521800, 0.1559999999999936400, -0.4500000000000011200 ) ) ;
#1413 = CARTESIAN_POINT ( 'NONE',  ( -0.5300000000030503600, -0.1300000000044294100, 0.3000000000000003800 ) ) ;
#1414 = DIRECTION ( 'NONE',  ( 1.000000000000000000, 0.0000000000000000000, 6.982962677686265900E-015 ) ) ;
#1415 = DIRECTION ( 'NONE',  ( 1.000000000000000000, -0.0000000000000000000, 3.407271461368530900E-015 ) ) ;
#1416 = ORIENTED_EDGE ( 'NONE', *, *, #5408, .T. ) ;
#1417 = VERTEX_POINT ( 'NONE', #4192 ) ;
#1418 = CARTESIAN_POINT ( 'NONE',  ( 0.2505039370078739300, 0.08999999999999362700, -0.4500000000000007300 ) ) ;
#1419 = LINE ( 'NONE', #4489, #2389 ) ;
#1420 = EDGE_LOOP ( 'NONE', ( #5384, #6204, #815, #4983 ) ) ;
#1421 = ORIENTED_EDGE ( 'NONE', *, *, #6382, .T. ) ;
#1422 = VERTEX_POINT ( 'NONE', #3554 ) ;
#1423 = VERTEX_POINT ( 'NONE', #1928 ) ;
#1424 = CARTESIAN_POINT ( 'NONE',  ( 0.5386602540389486800, -0.1450000000001269400, -0.1499999999999999700 ) ) ;
#1425 = DIRECTION ( 'NONE',  ( -1.127570259384924600E-017, 1.000000000000000000, 2.775557561562891400E-017 ) ) ;
#1426 = CARTESIAN_POINT ( 'NONE',  ( 0.5500000000000021500, 0.7811982419601925000, 0.2999999999999846700 ) ) ;
#1427 = EDGE_LOOP ( 'NONE', ( #122, #1823, #3433, #1910 ) ) ;
#1428 = EDGE_CURVE ( 'NONE', #6128, #3340, #1043, .T. ) ;
#1429 = EDGE_LOOP ( 'NONE', ( #6437, #413, #1290, #6556 ) ) ;
#1430 = CARTESIAN_POINT ( 'NONE',  ( 0.5500000000000000400, 0.08000000000000023800, -0.3509999999999998700 ) ) ;
#1431 = PLANE ( 'NONE',  #1367 ) ;
#1432 = CARTESIAN_POINT ( 'NONE',  ( -0.5499999999999998200, 1.192567696541826100E-016, -0.3000000000000001600 ) ) ;
#1433 = ORIENTED_EDGE ( 'NONE', *, *, #1660, .T. ) ;
#1434 = LINE ( 'NONE', #3211, #5401 ) ;
#1435 = MECHANICAL_DESIGN_GEOMETRIC_PRESENTATION_REPRESENTATION (  '', ( #3998 ), #2376 ) ;
#1436 = DIRECTION ( 'NONE',  ( -1.097892830587252300E-017, -1.000000000000000000, 6.982962677686265900E-015 ) ) ;
#1437 = CARTESIAN_POINT ( 'NONE',  ( -0.5500000000000000400, 0.009374999999999866100, -0.03499999999999999600 ) ) ;
#1438 = CARTESIAN_POINT ( 'NONE',  ( -0.5500000000000000400, 0.7811982419601923900, 0.3200000000000002800 ) ) ;
#1439 = EDGE_CURVE ( 'NONE', #765, #3078, #546, .T. ) ;
#1440 =( BOUNDED_CURVE ( )  B_SPLINE_CURVE ( 3, ( #2858, #1753, #2286, #259 ),
 .UNSPECIFIED., .F., .F. ) 
 B_SPLINE_CURVE_WITH_KNOTS ( ( 4, 4 ),
 ( -8.881784197001252300E-016, 0.9174548254164476300 ),
 .UNSPECIFIED. ) 
 CURVE ( )  GEOMETRIC_REPRESENTATION_ITEM ( )  RATIONAL_B_SPLINE_CURVE ( ( 1.000000000000000000, 0.9310778230156168100, 0.9310778230156168100, 1.000000000000000000 ) ) 
 REPRESENTATION_ITEM ( '' )  );
#1441 = ORIENTED_EDGE ( 'NONE', *, *, #4323, .F. ) ;
#1442 = ADVANCED_FACE ( 'NONE', ( #5091 ), #3664, .F. ) ;
#1443 = DIRECTION ( 'NONE',  ( 0.0000000000000000000, -0.0000000000000000000, 1.000000000000000000 ) ) ;
#1444 = MANIFOLD_SOLID_BREP ( 'I6A4W010A033V-001-R-1-solid15', #3740 ) ;
#1445 =( GEOMETRIC_REPRESENTATION_CONTEXT ( 3 ) GLOBAL_UNCERTAINTY_ASSIGNED_CONTEXT ( ( #3430 ) ) GLOBAL_UNIT_ASSIGNED_CONTEXT ( ( #2892, #3904, #4947 ) ) REPRESENTATION_CONTEXT ( 'NONE', 'WORKASPACE' ) );
#1446 = SURFACE_STYLE_USAGE ( .BOTH. , #5002 ) ;
#1447 = FACE_OUTER_BOUND ( 'NONE', #3686, .T. ) ;
#1448 = DIRECTION ( 'NONE',  ( -1.000000000000000000, -8.537024980547535100E-016, 0.0000000000000000000 ) ) ;
#1449 = VECTOR ( 'NONE', #5132, 39.37007874015748100 ) ;
#1450 = CARTESIAN_POINT ( 'NONE',  ( -0.4679842519685032400, 0.2544251968503936600, 0.2192125984251971100 ) ) ;
#1451 = EDGE_CURVE ( 'NONE', #6457, #3946, #6328, .T. ) ;
#1452 = EDGE_CURVE ( 'NONE', #5631, #3681, #961, .T. ) ;
#1453 = FILL_AREA_STYLE ('',( #1947 ) ) ;
#1454 = UNCERTAINTY_MEASURE_WITH_UNIT (LENGTH_MEASURE( 1.000000000000000100E-005 ), #4501, 'distance_accuracy_value', 'NONE');
#1455 = FACE_OUTER_BOUND ( 'NONE', #6713, .T. ) ;
#1456 = DIRECTION ( 'NONE',  ( -1.127570259384924600E-016, 1.000000000000000000, 2.220446049250313100E-016 ) ) ;
#1457 = CIRCLE ( 'NONE', #1279, 0.01999999999999992400 ) ;
#1458 = DIRECTION ( 'NONE',  ( -0.0000000000000000000, -1.000000000000000000, 0.0000000000000000000 ) ) ;
#1459 = MECHANICAL_DESIGN_GEOMETRIC_PRESENTATION_REPRESENTATION (  '', ( #3623 ), #3401 ) ;
#1460 = CARTESIAN_POINT ( 'NONE',  ( -0.6500000000000000200, 0.1559999999999999200, 0.4499999999999989600 ) ) ;
#1461 = ORIENTED_EDGE ( 'NONE', *, *, #5147, .T. ) ;
#1462 = AXIS2_PLACEMENT_3D ( 'NONE', #4725, #5240, #2146 ) ;
#1463 = ORIENTED_EDGE ( 'NONE', *, *, #1315, .F. ) ;
#1464 = VECTOR ( 'NONE', #6213, 39.37007874015748100 ) ;
#1465 = CARTESIAN_POINT ( 'NONE',  ( 0.5500000000000000400, 0.1300000000000000000, -0.1149999999999998900 ) ) ;
#1466 = SURFACE_STYLE_USAGE ( .BOTH. , #3493 ) ;
#1467 = ORIENTED_EDGE ( 'NONE', *, *, #36, .T. ) ;
#1468 = DIRECTION ( 'NONE',  ( 1.000000000000000000, 0.0000000000000000000, 6.982962677686265900E-015 ) ) ;
#1469 = EDGE_CURVE ( 'NONE', #4670, #1386, #4137, .T. ) ;
#1470 = ORIENTED_EDGE ( 'NONE', *, *, #545, .T. ) ;
#1471 = PLANE ( 'NONE',  #1851 ) ;
#1472 = FACE_OUTER_BOUND ( 'NONE', #6215, .T. ) ;
#1473 = ADVANCED_FACE ( 'NONE', ( #4541 ), #2213, .F. ) ;
#1474 = SURFACE_STYLE_USAGE ( .BOTH. , #1502 ) ;
#1475 = FACE_OUTER_BOUND ( 'NONE', #3642, .T. ) ;
#1476 = FACE_OUTER_BOUND ( 'NONE', #3344, .T. ) ;
#1477 = FACE_OUTER_BOUND ( 'NONE', #218, .T. ) ;
#1478 = ORIENTED_EDGE ( 'NONE', *, *, #3868, .T. ) ;
#1479 = LINE ( 'NONE', #5171, #3010 ) ;
#1480 = CARTESIAN_POINT ( 'NONE',  ( -0.4679842519685029600, 0.2544251968503936600, 0.2357874015748034100 ) ) ;
#1481 = LINE ( 'NONE', #6555, #2289 ) ;
#1482 = AXIS2_PLACEMENT_3D ( 'NONE', #5733, #4623, #5674 ) ;
#1483 = FACE_OUTER_BOUND ( 'NONE', #6372, .T. ) ;
#1484 = CYLINDRICAL_SURFACE ( 'NONE', #4331, 0.05100000000000001800 ) ;
#1485 = VERTEX_POINT ( 'NONE', #5864 ) ;
#1486 = DIRECTION ( 'NONE',  ( -5.551115123125782700E-017, -3.132540046889706200E-016, 1.000000000000000000 ) ) ;
#1487 = EDGE_CURVE ( 'NONE', #5909, #2478, #4478, .T. ) ;
#1488 = ORIENTED_EDGE ( 'NONE', *, *, #2963, .T. ) ;
#1489 = AXIS2_PLACEMENT_3D ( 'NONE', #4571, #1936, #4031 ) ;
#1490 = EDGE_LOOP ( 'NONE', ( #6322, #3014 ) ) ;
#1491 = ORIENTED_EDGE ( 'NONE', *, *, #3653, .F. ) ;
#1492 = ADVANCED_FACE ( 'NONE', ( #1545 ), #628, .F. ) ;
#1493 = PLANE ( 'NONE',  #3207 ) ;
#1494 = PLANE ( 'NONE',  #2765 ) ;
#1495 = ORIENTED_EDGE ( 'NONE', *, *, #3289, .F. ) ;
#1496 = PRESENTATION_LAYER_ASSIGNMENT (  '', '', ( #4829 ) ) ;
#1497 = ORIENTED_EDGE ( 'NONE', *, *, #6491, .F. ) ;
#1498 =( GEOMETRIC_REPRESENTATION_CONTEXT ( 3 ) GLOBAL_UNCERTAINTY_ASSIGNED_CONTEXT ( ( #6266 ) ) GLOBAL_UNIT_ASSIGNED_CONTEXT ( ( #4009, #878, #5577 ) ) REPRESENTATION_CONTEXT ( 'NONE', 'WORKASPACE' ) );
#1499 = DIRECTION ( 'NONE',  ( -8.998862438468698800E-017, 1.000000000000000000, 1.817932429810993200E-016 ) ) ;
#1500 = ORIENTED_EDGE ( 'NONE', *, *, #751, .F. ) ;
#1501 = CARTESIAN_POINT ( 'NONE',  ( -0.5140000000000000100, -2.134256245050205600E-017, 0.3200000000000001200 ) ) ;
#1502 = SURFACE_SIDE_STYLE ('',( #4198 ) ) ;
#1503 = EDGE_LOOP ( 'NONE', ( #4578, #4335, #5797, #3512 ) ) ;
#1504 = ORIENTED_EDGE ( 'NONE', *, *, #2952, .F. ) ;
#1505 = ORIENTED_EDGE ( 'NONE', *, *, #1616, .T. ) ;
#1506 = ORIENTED_EDGE ( 'NONE', *, *, #1795, .F. ) ;
#1507 = CARTESIAN_POINT ( 'NONE',  ( -0.05907086614173251400, 0.1559999999999974700, -0.2419291338582770000 ) ) ;
#1508 =( CONVERSION_BASED_UNIT ( 'INCH', #6085 ) LENGTH_UNIT ( ) NAMED_UNIT ( #1719 ) );
#1509 = ORIENTED_EDGE ( 'NONE', *, *, #4689, .F. ) ;
#1510 = LINE ( 'NONE', #2399, #108 ) ;
#1511 = SURFACE_SIDE_STYLE ('',( #5185 ) ) ;
#1512 = VERTEX_POINT ( 'NONE', #1120 ) ;
#1513 = ADVANCED_FACE ( 'NONE', ( #4852 ), #1171, .F. ) ;
#1514 = ORIENTED_EDGE ( 'NONE', *, *, #5793, .T. ) ;
#1515 = ORIENTED_EDGE ( 'NONE', *, *, #1672, .T. ) ;
#1516 = VECTOR ( 'NONE', #1021, 39.37007874015748100 ) ;
#1517 = CIRCLE ( 'NONE', #1013, 0.03500000000000003800 ) ;
#1518 = DIRECTION ( 'NONE',  ( -1.604619215278546300E-017, -1.000000000000000000, -2.775557561562891400E-017 ) ) ;
#1519 = CARTESIAN_POINT ( 'NONE',  ( -0.6500000000000000200, 0.1559999999999939800, -0.4000000000000005800 ) ) ;
#1520 = VECTOR ( 'NONE', #3541, 39.37007874015748100 ) ;
#1521 =( BOUNDED_CURVE ( )  B_SPLINE_CURVE ( 3, ( #3454, #4546, #3432, #1898 ),
 .UNSPECIFIED., .F., .F. ) 
 B_SPLINE_CURVE_WITH_KNOTS ( ( 4, 4 ),
 ( 3.141592653589793100, 4.104143401474482600 ),
 .UNSPECIFIED. ) 
 CURVE ( )  GEOMETRIC_REPRESENTATION_ITEM ( )  RATIONAL_B_SPLINE_CURVE ( ( 1.000000000000000000, 0.9242701736186118600, 0.9242701736186118600, 1.000000000000000000 ) ) 
 REPRESENTATION_ITEM ( '' )  );
#1522 = ORIENTED_EDGE ( 'NONE', *, *, #5295, .F. ) ;
#1523 = ADVANCED_FACE ( 'NONE', ( #2419 ), #138, .F. ) ;
#1524 = VECTOR ( 'NONE', #2739, 39.37007874015748100 ) ;
#1525 = DIRECTION ( 'NONE',  ( 1.000000000000000000, 0.0000000000000000000, -0.0000000000000000000 ) ) ;
#1526 = DIRECTION ( 'NONE',  ( 0.0000000000000000000, -1.000000000000000000, -1.905486357431723600E-016 ) ) ;
#1527 = CARTESIAN_POINT ( 'NONE',  ( -0.4679842519685032400, 0.2544251968503937200, -0.01078740157480294300 ) ) ;
#1528 = EDGE_CURVE ( 'NONE', #1989, #4050, #2271, .T. ) ;
#1529 = PLANE ( 'NONE',  #6253 ) ;
#1530 = LENGTH_MEASURE_WITH_UNIT ( LENGTH_MEASURE( 0.02539999999999999900 ), #4296 );
#1531 = LINE ( 'NONE', #1297, #4125 ) ;
#1532 = DIRECTION ( 'NONE',  ( 1.604619215278546300E-017, 1.000000000000000000, 2.775557561562891400E-017 ) ) ;
#1533 = DIMENSIONAL_EXPONENTS ( 1.000000000000000000, 0.0000000000000000000, 0.0000000000000000000, 0.0000000000000000000, 0.0000000000000000000, 0.0000000000000000000, 0.0000000000000000000 ) ;
#1534 = AXIS2_PLACEMENT_3D ( 'NONE', #5229, #5721, #2042 ) ;
#1535 = DIRECTION ( 'NONE',  ( 1.000000000000000000, 0.0000000000000000000, 0.0000000000000000000 ) ) ;
#1536 = DIRECTION ( 'NONE',  ( 2.428612866367530200E-017, 1.000000000000000000, 5.551115123125781500E-017 ) ) ;
#1537 = LINE ( 'NONE', #6332, #1938 ) ;
#1538 = EDGE_CURVE ( 'NONE', #2308, #6717, #530, .T. ) ;
#1539 = LINE ( 'NONE', #3482, #3139 ) ;
#1540 = ORIENTED_EDGE ( 'NONE', *, *, #1616, .F. ) ;
#1541 = ORIENTED_EDGE ( 'NONE', *, *, #704, .F. ) ;
#1542 = ADVANCED_FACE ( 'NONE', ( #6079 ), #6351, .F. ) ;
#1543 = LINE ( 'NONE', #6252, #2582 ) ;
#1544 = CARTESIAN_POINT ( 'NONE',  ( 0.2670000000000033500, 0.2347401574803148800, -0.01200000000000263200 ) ) ;
#1545 = FACE_OUTER_BOUND ( 'NONE', #3923, .T. ) ;
#1546 = CARTESIAN_POINT ( 'NONE',  ( 0.5806681391206499600, 0.006419919741469879900, 0.2561601605170448800 ) ) ;
#1547 = ORIENTED_EDGE ( 'NONE', *, *, #5739, .F. ) ;
#1548 = CARTESIAN_POINT ( 'NONE',  ( -0.5249324658624635600, 0.08401010114738473300, 0.02792394578861947700 ) ) ;
#1549 = ADVANCED_FACE ( 'NONE', ( #1939 ), #2789, .F. ) ;
#1550 = CARTESIAN_POINT ( 'NONE',  ( -0.01546456692913367200, 0.05062992125983971400, 0.2038503937007729300 ) ) ;
#1551 = VECTOR ( 'NONE', #2726, 39.37007874015748100 ) ;
#1552 = DIRECTION ( 'NONE',  ( -1.000000000000000000, -8.537024980563744200E-016, 0.0000000000000000000 ) ) ;
#1553 = CARTESIAN_POINT ( 'NONE',  ( -0.01546456692913367200, 0.05062992125983971400, 0.06014960629919809100 ) ) ;
#1554 = FACE_OUTER_BOUND ( 'NONE', #5656, .T. ) ;
#1555 = EDGE_CURVE ( 'NONE', #1485, #2723, #2181, .T. ) ;
#1556 = ADVANCED_FACE ( 'NONE', ( #788 ), #1216, .T. ) ;
#1557 = CARTESIAN_POINT ( 'NONE',  ( 0.5635324800440393300, 0.08049654212842388700, -0.1849999999999999400 ) ) ;
#1558 = VERTEX_POINT ( 'NONE', #5339 ) ;
#1559 = VECTOR ( 'NONE', #3638, 39.37007874015748100 ) ;
#1560 = FACE_OUTER_BOUND ( 'NONE', #4330, .T. ) ;
#1561 = ORIENTED_EDGE ( 'NONE', *, *, #5043, .F. ) ;
#1562 =( CONVERSION_BASED_UNIT ( 'INCH', #2909 ) LENGTH_UNIT ( ) NAMED_UNIT ( #2187 ) );
#1563 = CARTESIAN_POINT ( 'NONE',  ( 0.3315039370078740600, 0.02700787401574809800, -0.2540157480315091100 ) ) ;
#1564 = ORIENTED_EDGE ( 'NONE', *, *, #6716, .F. ) ;
#1565 = EDGE_CURVE ( 'NONE', #4613, #2857, #2575, .T. ) ;
#1566 = VECTOR ( 'NONE', #3351, 39.37007874015748100 ) ;
#1567 = SURFACE_SIDE_STYLE ('',( #6352 ) ) ;
#1568 = EDGE_LOOP ( 'NONE', ( #3152, #1341, #4510, #5146 ) ) ;
#1569 = DIRECTION ( 'NONE',  ( 5.551115123125782700E-017, 3.132540046889706200E-016, -1.000000000000000000 ) ) ;
#1570 = CARTESIAN_POINT ( 'NONE',  ( -0.5500000000000000400, 0.08049654212842384500, -0.03499999999999998300 ) ) ;
#1571 = ORIENTED_EDGE ( 'NONE', *, *, #4341, .F. ) ;
#1572 = ADVANCED_FACE ( 'NONE', ( #864 ), #4362, .T. ) ;
#1573 = EDGE_CURVE ( 'NONE', #5951, #5820, #1612, .T. ) ;
#1574 = EDGE_CURVE ( 'NONE', #6537, #1831, #6006, .T. ) ;
#1575 = ORIENTED_EDGE ( 'NONE', *, *, #3654, .T. ) ;
#1576 = DIRECTION ( 'NONE',  ( -1.000000000000000000, 8.537024981519064600E-016, 0.0000000000000000000 ) ) ;
#1577 = CARTESIAN_POINT ( 'NONE',  ( -0.01662992125984251400, 0.04078740157480230400, 0.3426062992125839000 ) ) ;
#1578 = ORIENTED_EDGE ( 'NONE', *, *, #2039, .F. ) ;
#1579 = PLANE ( 'NONE',  #355 ) ;
#1580 = MECHANICAL_DESIGN_GEOMETRIC_PRESENTATION_REPRESENTATION (  '', ( #3090 ), #4492 ) ;
#1581 = ORIENTED_EDGE ( 'NONE', *, *, #2281, .T. ) ;
#1582 = ORIENTED_EDGE ( 'NONE', *, *, #5061, .F. ) ;
#1583 = EDGE_LOOP ( 'NONE', ( #5156, #2480, #6036, #4008 ) ) ;
#1584 = ORIENTED_EDGE ( 'NONE', *, *, #3086, .F. ) ;
#1585 = AXIS2_PLACEMENT_3D ( 'NONE', #2773, #4866, #5430 ) ;
#1586 = AXIS2_PLACEMENT_3D ( 'NONE', #6164, #3058, #2573 ) ;
#1587 = DIRECTION ( 'NONE',  ( 0.0000000000000000000, 1.000000000000000000, 0.0000000000000000000 ) ) ;
#1588 = LINE ( 'NONE', #5531, #1676 ) ;
#1589 = ADVANCED_FACE ( 'NONE', ( #3068 ), #1815, .F. ) ;
#1590 = VERTEX_POINT ( 'NONE', #3365 ) ;
#1591 = ORIENTED_EDGE ( 'NONE', *, *, #751, .T. ) ;
#1592 = CARTESIAN_POINT ( 'NONE',  ( -0.5500000000000000400, 0.08049654212842370600, 0.03500000000000009400 ) ) ;
#1593 = CARTESIAN_POINT ( 'NONE',  ( 0.5860000000000000800, 0.09000000000000001100, -0.1658607219255618400 ) ) ;
#1594 = CARTESIAN_POINT ( 'NONE',  ( -0.3419999999999992500, 0.2544251968503936600, 0.1207874015748034000 ) ) ;
#1595 = SURFACE_SIDE_STYLE ('',( #6761 ) ) ;
#1596 = ORIENTED_EDGE ( 'NONE', *, *, #1759, .F. ) ;
#1597 = LENGTH_MEASURE_WITH_UNIT ( LENGTH_MEASURE( 0.02539999999999999900 ), #1351 );
#1598 = EDGE_LOOP ( 'NONE', ( #1085, #3149, #5542, #3182 ) ) ;
#1599 = EDGE_CURVE ( 'NONE', #2208, #2445, #216, .T. ) ;
#1600 = CARTESIAN_POINT ( 'NONE',  ( 0.0000000000000000000, 0.0000000000000000000, 0.0000000000000000000 ) ) ;
#1601 = ORIENTED_EDGE ( 'NONE', *, *, #5061, .T. ) ;
#1602 = ORIENTED_EDGE ( 'NONE', *, *, #5662, .F. ) ;
#1603 = DIRECTION ( 'NONE',  ( -1.000000000000000000, -0.0000000000000000000, -0.0000000000000000000 ) ) ;
#1604 = CARTESIAN_POINT ( 'NONE',  ( -0.3419999999999992500, 0.2544251968503937800, 0.1002125984251970400 ) ) ;
#1605 = DIMENSIONAL_EXPONENTS ( 1.000000000000000000, 0.0000000000000000000, 0.0000000000000000000, 0.0000000000000000000, 0.0000000000000000000, 0.0000000000000000000, 0.0000000000000000000 ) ;
#1606 = VECTOR ( 'NONE', #5029, 39.37007874015748100 ) ;
#1607 = ORIENTED_EDGE ( 'NONE', *, *, #3439, .T. ) ;
#1608 = CARTESIAN_POINT ( 'NONE',  ( 0.5603070866141778300, 0.4739999999999999800, -0.1911338582677171400 ) ) ;
#1609 = CARTESIAN_POINT ( 'NONE',  ( -0.4679999999999997500, 0.2544251968503935500, -0.2407874015748163500 ) ) ;
#1610 = AXIS2_PLACEMENT_3D ( 'NONE', #3649, #4758, #2617 ) ;
#1611 = LINE ( 'NONE', #1118, #5164 ) ;
#1612 = LINE ( 'NONE', #4842, #4458 ) ;
#1613 = AXIS2_PLACEMENT_3D ( 'NONE', #2807, #5403, #5876 ) ;
#1614 = DIRECTION ( 'NONE',  ( 0.0000000000000000000, 0.3429264012056980600, -0.9393622748205873200 ) ) ;
#1615 = VERTEX_POINT ( 'NONE', #5360 ) ;
#1616 = EDGE_CURVE ( 'NONE', #5727, #830, #4532, .T. ) ;
#1617 = PLANE ( 'NONE',  #5933 ) ;
#1618 = EDGE_LOOP ( 'NONE', ( #1747, #107, #1063, #6355, #1809, #1661, #4312, #6117 ) ) ;
#1619 = CARTESIAN_POINT ( 'NONE',  ( 0.3134960629921260100, 0.02700787401574806700, -0.07301574803150691400 ) ) ;
#1620 = ORIENTED_EDGE ( 'NONE', *, *, #247, .F. ) ;
#1621 = PLANE ( 'NONE',  #2845 ) ;
#1622 = FACE_OUTER_BOUND ( 'NONE', #2302, .T. ) ;
#1623 = CLOSED_SHELL ( 'NONE', ( #3069, #4164, #5081, #6239, #3098, #5195 ) ) ;
#1624 = AXIS2_PLACEMENT_3D ( 'NONE', #1698, #3723, #3235 ) ;
#1625 = ADVANCED_FACE ( 'NONE', ( #137 ), #5908, .F. ) ;
#1626 = EDGE_LOOP ( 'NONE', ( #5169, #1514, #579, #4022 ) ) ;
#1627 = DIRECTION ( 'NONE',  ( 0.0000000000000000000, -1.000000000000000000, -2.238410880014683800E-016 ) ) ;
#1628 = AXIS2_PLACEMENT_3D ( 'NONE', #1861, #1790, #3361 ) ;
#1629 = CARTESIAN_POINT ( 'NONE',  ( 0.3944960629921259700, 0.02700787401574807400, -0.07301574803150363800 ) ) ;
#1630 = LINE ( 'NONE', #3784, #792 ) ;
#1631 = ORIENTED_EDGE ( 'NONE', *, *, #6344, .F. ) ;
#1632 = DIRECTION ( 'NONE',  ( 2.775557561562890700E-017, 6.018531076210116300E-034, -1.000000000000000000 ) ) ;
#1633 = MECHANICAL_DESIGN_GEOMETRIC_PRESENTATION_REPRESENTATION (  '', ( #6150 ), #1767 ) ;
#1634 = DIRECTION ( 'NONE',  ( 0.0000000000000000000, 0.0000000000000000000, 1.000000000000000000 ) ) ;
#1635 = DIRECTION ( 'NONE',  ( 0.0000000000000000000, 2.393324509725687000E-016, 1.000000000000000000 ) ) ;
#1636 = LINE ( 'NONE', #1093, #5272 ) ;
#1637 = DIRECTION ( 'NONE',  ( 3.074593178701605300E-063, -1.000000000000000000, 4.515903254171773800E-047 ) ) ;
#1638 = ADVANCED_FACE ( 'NONE', ( #4305 ), #1377, .T. ) ;
#1639 = FACE_OUTER_BOUND ( 'NONE', #3190, .T. ) ;
#1640 = ORIENTED_EDGE ( 'NONE', *, *, #771, .F. ) ;
#1641 = VERTEX_POINT ( 'NONE', #3895 ) ;
#1642 = PLANE ( 'NONE',  #1624 ) ;
#1643 = UNCERTAINTY_MEASURE_WITH_UNIT (LENGTH_MEASURE( 1.000000000000000100E-005 ), #1167, 'distance_accuracy_value', 'NONE');
#1644 = DIRECTION ( 'NONE',  ( -6.938893903907228400E-018, -1.000000000000000000, -2.220446049250313100E-016 ) ) ;
#1645 = LINE ( 'NONE', #3309, #4488 ) ;
#1646 = LINE ( 'NONE', #6228, #1812 ) ;
#1647 = ORIENTED_EDGE ( 'NONE', *, *, #2437, .T. ) ;
#1648 = DIMENSIONAL_EXPONENTS ( 1.000000000000000000, 0.0000000000000000000, 0.0000000000000000000, 0.0000000000000000000, 0.0000000000000000000, 0.0000000000000000000, 0.0000000000000000000 ) ;
#1649 = VERTEX_POINT ( 'NONE', #773 ) ;
#1650 = DIRECTION ( 'NONE',  ( 0.0000000000000000000, 1.000000000000000000, 1.387778780781445400E-016 ) ) ;
#1651 =( BOUNDED_CURVE ( )  B_SPLINE_CURVE ( 3, ( #3964, #5038, #357, #6589 ),
 .UNSPECIFIED., .F., .F. ) 
 B_SPLINE_CURVE_WITH_KNOTS ( ( 4, 4 ),
 ( 3.141592653589793100, 4.104143401474475500 ),
 .UNSPECIFIED. ) 
 CURVE ( )  GEOMETRIC_REPRESENTATION_ITEM ( )  RATIONAL_B_SPLINE_CURVE ( ( 1.000000000000000000, 0.9242701736186128600, 0.9242701736186128600, 1.000000000000000000 ) ) 
 REPRESENTATION_ITEM ( '' )  );
#1652 = EDGE_LOOP ( 'NONE', ( #1963, #6235, #835, #4763 ) ) ;
#1653 =( CONVERSION_BASED_UNIT ( 'INCH', #6050 ) LENGTH_UNIT ( ) NAMED_UNIT ( #1533 ) );
#1654 = EDGE_LOOP ( 'NONE', ( #1270, #929, #469, #2704 ) ) ;
#1655 = VECTOR ( 'NONE', #955, 39.37007874015748100 ) ;
#1656 = CARTESIAN_POINT ( 'NONE',  ( -0.5499999999999999300, -0.1300000000000000900, 0.3200000000000002800 ) ) ;
#1657 = DIRECTION ( 'NONE',  ( -4.771113300584684600E-017, 1.000000000000000000, 2.220446049250313100E-016 ) ) ;
#1658 = ORIENTED_EDGE ( 'NONE', *, *, #5701, .F. ) ;
#1659 = DIRECTION ( 'NONE',  ( 0.0000000000000000000, 0.0000000000000000000, 1.000000000000000000 ) ) ;
#1660 = EDGE_CURVE ( 'NONE', #2642, #5288, #3225, .T. ) ;
#1661 = ORIENTED_EDGE ( 'NONE', *, *, #4749, .T. ) ;
#1662 = CARTESIAN_POINT ( 'NONE',  ( -0.6500000000000000200, 0.08999999999999991300, 0.4499999999999991800 ) ) ;
#1663 = ORIENTED_EDGE ( 'NONE', *, *, #686, .F. ) ;
#1664 = DIRECTION ( 'NONE',  ( -6.808368128483062900E-017, -4.515903254171773800E-047, -1.000000000000000000 ) ) ;
#1665 = PLANE ( 'NONE',  #6182 ) ;
#1666 = ORIENTED_EDGE ( 'NONE', *, *, #877, .F. ) ;
#1667 = ORIENTED_EDGE ( 'NONE', *, *, #5894, .T. ) ;
#1668 = VERTEX_POINT ( 'NONE', #5922 ) ;
#1669 = MECHANICAL_DESIGN_GEOMETRIC_PRESENTATION_REPRESENTATION (  '', ( #376 ), #6408 ) ;
#1670 = ORIENTED_EDGE ( 'NONE', *, *, #4134, .T. ) ;
#1671 = VERTEX_POINT ( 'NONE', #337 ) ;
#1672 = EDGE_CURVE ( 'NONE', #1814, #3455, #2831, .T. ) ;
#1673 = EDGE_CURVE ( 'NONE', #1164, #2308, #6231, .T. ) ;
#1674 =( GEOMETRIC_REPRESENTATION_CONTEXT ( 3 ) GLOBAL_UNCERTAINTY_ASSIGNED_CONTEXT ( ( #2977 ) ) GLOBAL_UNIT_ASSIGNED_CONTEXT ( ( #5394, #5027, #3395 ) ) REPRESENTATION_CONTEXT ( 'NONE', 'WORKASPACE' ) );
#1675 = EDGE_LOOP ( 'NONE', ( #1584, #4391, #5250, #345 ) ) ;
#1676 = VECTOR ( 'NONE', #3921, 39.37007874015748100 ) ;
#1677 = DIRECTION ( 'NONE',  ( -2.671267720912571500E-017, 1.000000000000000000, 2.622289662148048000E-018 ) ) ;
#1678 = DIRECTION ( 'NONE',  ( -1.604619215278546300E-017, -1.000000000000000000, -2.775557561562891400E-017 ) ) ;
#1679 = VERTEX_POINT ( 'NONE', #1336 ) ;
#1680 = DIRECTION ( 'NONE',  ( 2.168404344971011000E-017, -1.000000000000000000, 0.0000000000000000000 ) ) ;
#1681 = ORIENTED_EDGE ( 'NONE', *, *, #5932, .T. ) ;
#1682 = VERTEX_POINT ( 'NONE', #5005 ) ;
#1683 = CARTESIAN_POINT ( 'NONE',  ( -0.1929291338582592200, 0.1993070866141732300, -0.3869291338582765400 ) ) ;
#1684 = MECHANICAL_DESIGN_GEOMETRIC_PRESENTATION_REPRESENTATION (  '', ( #3175 ), #4696 ) ;
#1685 = EDGE_LOOP ( 'NONE', ( #3505, #4875, #1023, #2637 ) ) ;
#1686 = LINE ( 'NONE', #4733, #2636 ) ;
#1687 = ADVANCED_FACE ( 'NONE', ( #5509 ), #814, .F. ) ;
#1688 = AXIS2_PLACEMENT_3D ( 'NONE', #3710, #3270, #2211 ) ;
#1689 = CARTESIAN_POINT ( 'NONE',  ( 0.5635324800440391100, 0.08049654212842402600, -0.03499999999999978800 ) ) ;
#1690 = ORIENTED_EDGE ( 'NONE', *, *, #3775, .T. ) ;
#1691 = VECTOR ( 'NONE', #950, 39.37007874015748100 ) ;
#1692 = DIRECTION ( 'NONE',  ( -1.000000000000000000, -0.0000000000000000000, -0.0000000000000000000 ) ) ;
#1693 = DIRECTION ( 'NONE',  ( 2.544868680805243300E-017, 1.000000000000000000, -2.765994050435929900E-017 ) ) ;
#1694 = CARTESIAN_POINT ( 'NONE',  ( -0.5500000000000000400, 0.08049654212842370600, 0.3350000000000004100 ) ) ;
#1695 = EDGE_CURVE ( 'NONE', #6186, #1355, #4775, .T. ) ;
#1696 = CARTESIAN_POINT ( 'NONE',  ( -0.3419999999999992500, 0.2544251968503936600, 0.2192125984251971100 ) ) ;
#1697 = DIRECTION ( 'NONE',  ( 0.0000000000000000000, 0.0000000000000000000, 1.000000000000000000 ) ) ;
#1698 = CARTESIAN_POINT ( 'NONE',  ( -0.4679842519685029600, 0.2544251968503936600, 0.3342125984251971300 ) ) ;
#1699 = CARTESIAN_POINT ( 'NONE',  ( 0.5603070866141746100, 0.2347401574803148800, 0.2813070866141717500 ) ) ;
#1700 = CARTESIAN_POINT ( 'NONE',  ( 0.4125039370078740800, 0.02700787401574881000, -0.2540157480315059500 ) ) ;
#1701 = FACE_OUTER_BOUND ( 'NONE', #5094, .T. ) ;
#1702 = AXIS2_PLACEMENT_3D ( 'NONE', #2424, #165, #5773 ) ;
#1703 = DIRECTION ( 'NONE',  ( 0.0000000000000000000, -2.238410880014684300E-016, 1.000000000000000000 ) ) ;
#1704 = EDGE_CURVE ( 'NONE', #4505, #245, #4683, .T. ) ;
#1705 =( NAMED_UNIT ( * ) SI_UNIT ( $, .STERADIAN. ) SOLID_ANGLE_UNIT ( ) );
#1706 = VECTOR ( 'NONE', #5969, 39.37007874015748100 ) ;
#1707 = ORIENTED_EDGE ( 'NONE', *, *, #5485, .T. ) ;
#1708 = AXIS2_PLACEMENT_3D ( 'NONE', #5149, #6747, #6178 ) ;
#1709 = CARTESIAN_POINT ( 'NONE',  ( -0.2870157480314961000, 0.08999999999999876200, 0.2855039370078653000 ) ) ;
#1710 = EDGE_CURVE ( 'NONE', #5000, #4324, #2984, .T. ) ;
#1711 = EDGE_CURVE ( 'NONE', #5600, #6708, #5683, .T. ) ;
#1712 = CARTESIAN_POINT ( 'NONE',  ( 0.5500000000000001600, -0.1299999999999999500, -0.1300000000000000600 ) ) ;
#1713 = DIRECTION ( 'NONE',  ( 0.0000000000000000000, 0.0000000000000000000, -1.000000000000000000 ) ) ;
#1714 = CARTESIAN_POINT ( 'NONE',  ( -0.05907086614173251400, 0.1993070866141731000, -0.1080708661417415400 ) ) ;
#1715 = CARTESIAN_POINT ( 'NONE',  ( -0.1929291338582678200, 0.1993070866141731500, -0.2419291338582770000 ) ) ;
#1716 = CARTESIAN_POINT ( 'NONE',  ( 0.5500000000000000400, 0.009375000000000003100, -0.1149999999999999400 ) ) ;
#1717 = CARTESIAN_POINT ( 'NONE',  ( 0.5188000400641283900, 0.09000000000000001100, -0.1658607219255618400 ) ) ;
#1718 = AXIS2_PLACEMENT_3D ( 'NONE', #4624, #6155, #6200 ) ;
#1719 = DIMENSIONAL_EXPONENTS ( 1.000000000000000000, 0.0000000000000000000, 0.0000000000000000000, 0.0000000000000000000, 0.0000000000000000000, 0.0000000000000000000, 0.0000000000000000000 ) ;
#1720 = CARTESIAN_POINT ( 'NONE',  ( -0.01662992125984251400, 0.08999999999999881700, 0.2933937007873867500 ) ) ;
#1721 = FACE_OUTER_BOUND ( 'NONE', #5224, .T. ) ;
#1722 = COLOUR_RGB ( '',1.000000000000000000, 0.8117647058823529400, 0.5019607843137254800 ) ;
#1723 = EDGE_LOOP ( 'NONE', ( #678, #6567, #4363, #1829 ) ) ;
#1724 = PLANE ( 'NONE',  #5291 ) ;
#1725 = EDGE_CURVE ( 'NONE', #5729, #1, #696, .T. ) ;
#1726 = FACE_OUTER_BOUND ( 'NONE', #4428, .T. ) ;
#1727 = VERTEX_POINT ( 'NONE', #2965 ) ;
#1728 = CARTESIAN_POINT ( 'NONE',  ( 0.5787228132326900400, 1.378305161567237200E-016, -0.01999999999999992400 ) ) ;
#1729 = VECTOR ( 'NONE', #2133, 39.37007874015748100 ) ;
#1730 = ORIENTED_EDGE ( 'NONE', *, *, #186, .T. ) ;
#1731 = ORIENTED_EDGE ( 'NONE', *, *, #1555, .T. ) ;
#1732 =( BOUNDED_CURVE ( )  B_SPLINE_CURVE ( 3, ( #6172, #82, #603, #1158 ),
 .UNSPECIFIED., .F., .T. ) 
 B_SPLINE_CURVE_WITH_KNOTS ( ( 4, 4 ),
 ( 1.557054455484165200E-016, 1.100485391436068400 ),
 .UNSPECIFIED. ) 
 CURVE ( )  GEOMETRIC_REPRESENTATION_ITEM ( )  RATIONAL_B_SPLINE_CURVE ( ( 1.000000000000000000, 0.9015984286673699400, 0.9015984286673699400, 1.000000000000000000 ) ) 
 REPRESENTATION_ITEM ( '' )  );
#1733 = CIRCLE ( 'NONE', #4677, 0.03500000000000000300 ) ;
#1734 = PRODUCT_CONTEXT ( 'NONE', #2757, 'mechanical' ) ;
#1735 = CARTESIAN_POINT ( 'NONE',  ( -0.4130000000000000900, 0.08999999999999919200, 0.3484960629921173300 ) ) ;
#1736 = VERTEX_POINT ( 'NONE', #6569 ) ;
#1737 = ORIENTED_EDGE ( 'NONE', *, *, #2368, .T. ) ;
#1738 = DIRECTION ( 'NONE',  ( 6.938893903907228400E-018, 1.000000000000000000, 2.220446049250313100E-016 ) ) ;
#1739 = VECTOR ( 'NONE', #3811, 39.37007874015748100 ) ;
#1740 = CARTESIAN_POINT ( 'NONE',  ( -0.5499999999999998200, 0.08049654212842398400, -0.3350000000000000200 ) ) ;
#1741 = ORIENTED_EDGE ( 'NONE', *, *, #1428, .T. ) ;
#1742 = DIRECTION ( 'NONE',  ( 0.0000000000000000000, 1.000000000000000000, 0.0000000000000000000 ) ) ;
#1743 = ORIENTED_EDGE ( 'NONE', *, *, #4915, .F. ) ;
#1744 = LINE ( 'NONE', #5814, #2139 ) ;
#1745 = CARTESIAN_POINT ( 'NONE',  ( 0.3134960629921260100, 0.02700787401574803900, -0.07301574803150691400 ) ) ;
#1746 = EDGE_CURVE ( 'NONE', #3331, #1976, #1203, .T. ) ;
#1747 = ORIENTED_EDGE ( 'NONE', *, *, #2106, .F. ) ;
#1748 = ORIENTED_EDGE ( 'NONE', *, *, #5476, .F. ) ;
#1749 = VERTEX_POINT ( 'NONE', #4014 ) ;
#1750 = PLANE ( 'NONE',  #3712 ) ;
#1751 = ORIENTED_EDGE ( 'NONE', *, *, #1200, .F. ) ;
#1752 = CARTESIAN_POINT ( 'NONE',  ( 0.5047928379568019700, 0.08999999999999748500, -0.2763925329609464000 ) ) ;
#1753 = CARTESIAN_POINT ( 'NONE',  ( 0.5338300809212518400, 0.009999999999999887500, 0.2489999999999846200 ) ) ;
#1754 = DIRECTION ( 'NONE',  ( 0.0000000000000000000, 1.000000000000000000, -0.0000000000000000000 ) ) ;
#1755 = ORIENTED_EDGE ( 'NONE', *, *, #877, .T. ) ;
#1756 = CARTESIAN_POINT ( 'NONE',  ( -0.05907086614172500600, 0.1993070866141732300, -0.2530708661417397400 ) ) ;
#1757 = VECTOR ( 'NONE', #1400, 39.37007874015748100 ) ;
#1758 = APPLICATION_PROTOCOL_DEFINITION ( 'draft international standard', 'automotive_design', 1998, #4304 ) ;
#1759 = EDGE_CURVE ( 'NONE', #5562, #3468, #6156, .T. ) ;
#1760 = CARTESIAN_POINT ( 'NONE',  ( -0.3420157480314956500, 0.1559999999999936400, -0.4500000000000011200 ) ) ;
#1761 = CARTESIAN_POINT ( 'NONE',  ( 0.5500000000000021500, 0.08000000000000008500, 0.2489999999999847100 ) ) ;
#1762 = ORIENTED_EDGE ( 'NONE', *, *, #4820, .T. ) ;
#1763 = DIRECTION ( 'NONE',  ( -0.0000000000000000000, -0.0000000000000000000, -1.000000000000000000 ) ) ;
#1764 = DIRECTION ( 'NONE',  ( 0.0000000000000000000, 2.393324509725687000E-016, 1.000000000000000000 ) ) ;
#1765 = CARTESIAN_POINT ( 'NONE',  ( -0.4679842519685032400, 0.2544251968503937200, -0.01078740157480294300 ) ) ;
#1766 = ORIENTED_EDGE ( 'NONE', *, *, #3256, .F. ) ;
#1767 =( GEOMETRIC_REPRESENTATION_CONTEXT ( 3 ) GLOBAL_UNCERTAINTY_ASSIGNED_CONTEXT ( ( #2135 ) ) GLOBAL_UNIT_ASSIGNED_CONTEXT ( ( #1147, #2172, #6310 ) ) REPRESENTATION_CONTEXT ( 'NONE', 'WORKASPACE' ) );
#1768 = CARTESIAN_POINT ( 'NONE',  ( -0.5720449671064658000, 0.005993953971255632100, 0.2704096736459911100 ) ) ;
#1769 = CARTESIAN_POINT ( 'NONE',  ( -0.6500000000000000200, 0.08999999999999412600, -0.3800000000000098300 ) ) ;
#1770 = DIRECTION ( 'NONE',  ( 0.0000000000000000000, 0.4472135954999553200, -0.8944271909999171900 ) ) ;
#1771 = PLANE ( 'NONE',  #3137 ) ;
#1772 = CONICAL_SURFACE ( 'NONE', #1122, 0.01999999999918774400, 0.5235987755760039800 ) ;
#1773 = CARTESIAN_POINT ( 'NONE',  ( -0.3420157480314956500, 0.1559999999999984700, -0.3392125984252100100 ) ) ;
#1774 = DIRECTION ( 'NONE',  ( 0.0000000000000000000, 0.0000000000000000000, 1.000000000000000000 ) ) ;
#1775 =( LENGTH_UNIT ( ) NAMED_UNIT ( * ) SI_UNIT ( $, .METRE. ) );
#1776 = EDGE_CURVE ( 'NONE', #5737, #3021, #1779, .T. ) ;
#1777 = DIRECTION ( 'NONE',  ( 0.0000000000000000000, 2.775557561562893800E-017, -1.000000000000000000 ) ) ;
#1778 = VECTOR ( 'NONE', #365, 39.37007874015748100 ) ;
#1779 = LINE ( 'NONE', #278, #6585 ) ;
#1780 = DIRECTION ( 'NONE',  ( 0.0000000000000000000, -6.982962677686265900E-015, -1.000000000000000000 ) ) ;
#1781 = CARTESIAN_POINT ( 'NONE',  ( 0.5304984987125812600, 0.08000000000000009900, 0.2489999999999847300 ) ) ;
#1782 = ORIENTED_EDGE ( 'NONE', *, *, #421, .T. ) ;
#1783 = CARTESIAN_POINT ( 'NONE',  ( 0.2505039370078739300, 0.08999999999999412600, -0.3800000000000012300 ) ) ;
#1784 = DIRECTION ( 'NONE',  ( 6.908717808691274300E-017, 1.000000000000000000, -2.393324509725687000E-016 ) ) ;
#1785 = VECTOR ( 'NONE', #1079, 39.37007874015748100 ) ;
#1786 = LINE ( 'NONE', #6145, #4054 ) ;
#1787 = CARTESIAN_POINT ( 'NONE',  ( -0.5635324800440391100, 0.08049654212842384500, 0.2650000000000002400 ) ) ;
#1788 = EDGE_CURVE ( 'NONE', #595, #199, #2910, .T. ) ;
#1789 = VERTEX_POINT ( 'NONE', #1842 ) ;
#1790 = DIRECTION ( 'NONE',  ( -8.715927200860869700E-017, -0.8479983040050894600, -0.5299989400031777100 ) ) ;
#1791 = CARTESIAN_POINT ( 'NONE',  ( -0.6500000000000000200, 0.08999999999999876200, 0.2855039370078653000 ) ) ;
#1792 = DIRECTION ( 'NONE',  ( -5.551115123125782700E-017, -1.942890293094024200E-016, 1.000000000000000000 ) ) ;
#1793 = AXIS2_PLACEMENT_3D ( 'NONE', #2994, #3017, #441 ) ;
#1794 = EDGE_CURVE ( 'NONE', #2642, #3884, #1539, .T. ) ;
#1795 = EDGE_CURVE ( 'NONE', #2372, #2959, #4977, .T. ) ;
#1796 = CARTESIAN_POINT ( 'NONE',  ( 0.6500000000000000200, 0.1559999999999936400, -0.4500000000000008400 ) ) ;
#1797 = VECTOR ( 'NONE', #852, 39.37007874015748100 ) ;
#1798 = DIRECTION ( 'NONE',  ( 1.000000000000000000, 1.017949417668884000E-016, -6.808368128483062900E-017 ) ) ;
#1799 = ORIENTED_EDGE ( 'NONE', *, *, #4474, .F. ) ;
#1800 = DIRECTION ( 'NONE',  ( 0.0000000000000000000, -6.982962677686265900E-015, -1.000000000000000000 ) ) ;
#1801 = PRODUCT_DEFINITION ( 'UNKNOWN', '', #4540, #4656 ) ;
#1802 = CARTESIAN_POINT ( 'NONE',  ( 0.3134960629921260100, 0.02700787401574803900, -0.07301574803150691400 ) ) ;
#1803 = DIRECTION ( 'NONE',  ( -3.902639990948943500E-015, 2.220446049250313100E-016, -1.000000000000000000 ) ) ;
#1804 = VECTOR ( 'NONE', #2635, 39.37007874015748100 ) ;
#1805 = LINE ( 'NONE', #786, #4480 ) ;
#1806 = FILL_AREA_STYLE_COLOUR ( '', #1722 ) ;
#1807 = FACE_OUTER_BOUND ( 'NONE', #279, .T. ) ;
#1808 = AXIS2_PLACEMENT_3D ( 'NONE', #2190, #673, #1215 ) ;
#1809 = ORIENTED_EDGE ( 'NONE', *, *, #2349, .T. ) ;
#1810 = ORIENTED_EDGE ( 'NONE', *, *, #464, .T. ) ;
#1811 =( NAMED_UNIT ( * ) SI_UNIT ( $, .STERADIAN. ) SOLID_ANGLE_UNIT ( ) );
#1812 = VECTOR ( 'NONE', #5223, 39.37007874015748100 ) ;
#1813 = CARTESIAN_POINT ( 'NONE',  ( -0.3419999999999992500, 0.2544251968503937800, 0.1002125984251970400 ) ) ;
#1814 = VERTEX_POINT ( 'NONE', #839 ) ;
#1815 = PLANE ( 'NONE',  #2186 ) ;
#1816 = ORIENTED_EDGE ( 'NONE', *, *, #5297, .F. ) ;
#1817 = EDGE_CURVE ( 'NONE', #5019, #3852, #2759, .T. ) ;
#1818 =( BOUNDED_CURVE ( )  B_SPLINE_CURVE ( 3, ( #6349, #2189, #2718, #3815 ),
 .UNSPECIFIED., .F., .F. ) 
 B_SPLINE_CURVE_WITH_KNOTS ( ( 4, 4 ),
 ( 5.365730481763136200, 6.283185307179586200 ),
 .UNSPECIFIED. ) 
 CURVE ( )  GEOMETRIC_REPRESENTATION_ITEM ( )  RATIONAL_B_SPLINE_CURVE ( ( 1.000000000000000000, 0.9310778230156167000, 0.9310778230156167000, 1.000000000000000000 ) ) 
 REPRESENTATION_ITEM ( '' )  );
#1819 = ORIENTED_EDGE ( 'NONE', *, *, #1104, .T. ) ;
#1820 = ADVANCED_FACE ( 'NONE', ( #1867 ), #6013, .F. ) ;
#1821 = CARTESIAN_POINT ( 'NONE',  ( 0.5811999599358717000, 0.09000000000000001100, -0.1658607219255618400 ) ) ;
#1822 = ORIENTED_EDGE ( 'NONE', *, *, #5253, .T. ) ;
#1823 = ORIENTED_EDGE ( 'NONE', *, *, #807, .T. ) ;
#1824 = DIRECTION ( 'NONE',  ( 1.047444401652940000E-014, 0.0000000000000000000, -1.000000000000000000 ) ) ;
#1825 = VERTEX_POINT ( 'NONE', #382 ) ;
#1826 = VECTOR ( 'NONE', #3358, 39.37007874015748100 ) ;
#1827 = DIRECTION ( 'NONE',  ( 0.0000000000000000000, 0.0000000000000000000, 1.000000000000000000 ) ) ;
#1828 = ORIENTED_EDGE ( 'NONE', *, *, #4652, .T. ) ;
#1829 = ORIENTED_EDGE ( 'NONE', *, *, #4777, .T. ) ;
#1830 = CARTESIAN_POINT ( 'NONE',  ( -0.5364675199559606500, 0.08049654212842398400, -0.3349999999999999600 ) ) ;
#1831 = VERTEX_POINT ( 'NONE', #6641 ) ;
#1832 = CARTESIAN_POINT ( 'NONE',  ( 0.5500000000000000400, 0.009375000000000155800, 0.03500000000000020500 ) ) ;
#1833 = ORIENTED_EDGE ( 'NONE', *, *, #3456, .T. ) ;
#1834 = CARTESIAN_POINT ( 'NONE',  ( 0.5500000000000021500, 0.08000000000000000200, 0.3509999999999846600 ) ) ;
#1835 = ORIENTED_EDGE ( 'NONE', *, *, #597, .T. ) ;
#1836 = AXIS2_PLACEMENT_3D ( 'NONE', #2979, #5549, #333 ) ;
#1837 = CARTESIAN_POINT ( 'NONE',  ( 0.4754960629921261000, 0.02700787401574881000, -0.2540157480315059500 ) ) ;
#1838 = ORIENTED_EDGE ( 'NONE', *, *, #166, .F. ) ;
#1839 = DIRECTION ( 'NONE',  ( -0.0000000000000000000, 6.982962677686265900E-015, 1.000000000000000000 ) ) ;
#1840 = EDGE_CURVE ( 'NONE', #40, #6498, #1035, .T. ) ;
#1841 = AXIS2_PLACEMENT_3D ( 'NONE', #4217, #3762, #1713 ) ;
#1842 = CARTESIAN_POINT ( 'NONE',  ( -0.3419999999999992500, 0.1559999999999989700, 0.2192125984251970500 ) ) ;
#1843 = ORIENTED_EDGE ( 'NONE', *, *, #3585, .T. ) ;
#1844 = VECTOR ( 'NONE', #4569, 39.37007874015748100 ) ;
#1845 = CARTESIAN_POINT ( 'NONE',  ( 0.5860000000000000800, 0.01000000000000002600, -0.1860000000000000800 ) ) ;
#1846 = CARTESIAN_POINT ( 'NONE',  ( 0.5500000000000000400, 0.08388434700220578900, -0.3509999999999998700 ) ) ;
#1847 = AXIS2_PLACEMENT_3D ( 'NONE', #3949, #6574, #1927 ) ;
#1848 = CARTESIAN_POINT ( 'NONE',  ( -0.4679999999999997500, 0.2544251968503935500, -0.2242125984252099900 ) ) ;
#1849 = ORIENTED_EDGE ( 'NONE', *, *, #676, .F. ) ;
#1850 = VECTOR ( 'NONE', #4065, 39.37007874015748100 ) ;
#1851 = AXIS2_PLACEMENT_3D ( 'NONE', #4639, #6221, #6705 ) ;
#1852 = AXIS2_PLACEMENT_3D ( 'NONE', #5897, #3345, #3829 ) ;
#1853 = DIRECTION ( 'NONE',  ( -1.000000000000000000, -1.101551610443109700E-015, 0.0000000000000000000 ) ) ;
#1854 = CARTESIAN_POINT ( 'NONE',  ( 0.5616862307208926300, 0.009374999999999938900, -0.1849999999999999400 ) ) ;
#1855 = CARTESIAN_POINT ( 'NONE',  ( -0.2901417322834637900, 0.1559999999999987000, 0.1806220472440916200 ) ) ;
#1856 = DIRECTION ( 'NONE',  ( -9.396903959152117600E-033, -4.544868247651256500E-049, 1.000000000000000000 ) ) ;
#1857 = CIRCLE ( 'NONE', #1356, 0.01133974596298118400 ) ;
#1858 = LINE ( 'NONE', #4560, #6483 ) ;
#1859 = ADVANCED_FACE ( 'NONE', ( #456 ), #2255, .T. ) ;
#1860 = AXIS2_PLACEMENT_3D ( 'NONE', #5766, #5821, #5292 ) ;
#1861 = CARTESIAN_POINT ( 'NONE',  ( 0.5859999999999999700, 0.01000000000000013900, -0.03600000000000003900 ) ) ;
#1862 = VECTOR ( 'NONE', #2884, 39.37007874015748100 ) ;
#1863 = DIRECTION ( 'NONE',  ( -7.288079551849363400E-031, 1.000000000000000000, 4.268512490273796600E-016 ) ) ;
#1864 = CARTESIAN_POINT ( 'NONE',  ( -0.6500000000000000200, 0.08999999999999819300, 0.2038503937007725700 ) ) ;
#1865 = LINE ( 'NONE', #6205, #3558 ) ;
#1866 = CARTESIAN_POINT ( 'NONE',  ( 0.3134960629921260100, 0.08999999999999412600, -0.3800000000000012300 ) ) ;
#1867 = FACE_OUTER_BOUND ( 'NONE', #4853, .T. ) ;
#1868 = CARTESIAN_POINT ( 'NONE',  ( -0.5500000000000000400, -7.803833321245944500E-018, 0.2800000000000001900 ) ) ;
#1869 = CARTESIAN_POINT ( 'NONE',  ( 0.5603070866141746100, 0.4739999999999999800, 0.2813070866141726400 ) ) ;
#1870 = ORIENTED_EDGE ( 'NONE', *, *, #598, .F. ) ;
#1871 = MANIFOLD_SOLID_BREP ( 'I6A4W010A033V-001-R-1-solid17', #1154 ) ;
#1872 = CARTESIAN_POINT ( 'NONE',  ( 0.5500000000000000400, -0.1299999999999998100, -0.2690000000000000200 ) ) ;
#1873 = FACE_OUTER_BOUND ( 'NONE', #5560, .T. ) ;
#1874 = PLANE ( 'NONE',  #1073 ) ;
#1875 = AXIS2_PLACEMENT_3D ( 'NONE', #6187, #6327, #4679 ) ;
#1876 = CARTESIAN_POINT ( 'NONE',  ( -0.6500000000000000200, 0.1559999999999980000, 0.1806220472440922300 ) ) ;
#1877 = AXIS2_PLACEMENT_3D ( 'NONE', #4163, #3106, #2137 ) ;
#1878 = EDGE_CURVE ( 'NONE', #6271, #4140, #954, .T. ) ;
#1879 = EDGE_LOOP ( 'NONE', ( #6459, #4900, #5435, #3678, #4429, #1062, #707, #587 ) ) ;
#1880 = CARTESIAN_POINT ( 'NONE',  ( -0.05907086614173251400, 0.1993070866141731500, -0.1080708661417415400 ) ) ;
#1881 = VECTOR ( 'NONE', #6773, 39.37007874015748100 ) ;
#1882 = LINE ( 'NONE', #6112, #1797 ) ;
#1883 = ADVANCED_FACE ( 'NONE', ( #296 ), #593, .F. ) ;
#1884 = ORIENTED_EDGE ( 'NONE', *, *, #3065, .F. ) ;
#1885 = EDGE_CURVE ( 'NONE', #1641, #4348, #2752, .T. ) ;
#1886 = DIRECTION ( 'NONE',  ( 0.0000000000000000000, -2.461415162476523600E-016, 1.000000000000000000 ) ) ;
#1887 = DIRECTION ( 'NONE',  ( 0.0000000000000000000, -6.982962677686265900E-015, -1.000000000000000000 ) ) ;
#1888 = CARTESIAN_POINT ( 'NONE',  ( 0.2505039370078740400, 0.02700787401574809800, -0.2540157480314970700 ) ) ;
#1889 = CARTESIAN_POINT ( 'NONE',  ( 0.3944960629921259700, 0.02700787401574807400, -0.07301574803150363800 ) ) ;
#1890 = VECTOR ( 'NONE', #6229, 39.37007874015748100 ) ;
#1891 = VECTOR ( 'NONE', #559, 39.37007874015748100 ) ;
#1892 = ORIENTED_EDGE ( 'NONE', *, *, #5295, .T. ) ;
#1893 = PRESENTATION_LAYER_ASSIGNMENT (  '', '', ( #3052 ) ) ;
#1894 = ORIENTED_EDGE ( 'NONE', *, *, #4385, .T. ) ;
#1895 = DIRECTION ( 'NONE',  ( 0.0000000000000000000, 0.0000000000000000000, -1.000000000000000000 ) ) ;
#1896 = AXIS2_PLACEMENT_3D ( 'NONE', #494, #4148, #1099 ) ;
#1897 = LINE ( 'NONE', #5189, #4254 ) ;
#1898 = CARTESIAN_POINT ( 'NONE',  ( 0.5787228132326902600, 1.367411192677013100E-016, 0.02000000000000012900 ) ) ;
#1899 = ORIENTED_EDGE ( 'NONE', *, *, #6236, .T. ) ;
#1900 = VERTEX_POINT ( 'NONE', #4219 ) ;
#1901 = CARTESIAN_POINT ( 'NONE',  ( 0.5500000000000021500, -0.1449999999978890100, 0.2999999999999847200 ) ) ;
#1902 = FILL_AREA_STYLE ('',( #5601 ) ) ;
#1903 = CIRCLE ( 'NONE', #6554, 0.03500000000000000300 ) ;
#1904 = EDGE_CURVE ( 'NONE', #5737, #3172, #1457, .T. ) ;
#1905 = EDGE_LOOP ( 'NONE', ( #4608, #268 ) ) ;
#1906 = ORIENTED_EDGE ( 'NONE', *, *, #6471, .T. ) ;
#1907 = VECTOR ( 'NONE', #4016, 39.37007874015748100 ) ;
#1908 = DIRECTION ( 'NONE',  ( 0.0000000000000000000, -3.132540046889706200E-016, 1.000000000000000000 ) ) ;
#1909 = ORIENTED_EDGE ( 'NONE', *, *, #146, .F. ) ;
#1910 = ORIENTED_EDGE ( 'NONE', *, *, #1704, .T. ) ;
#1911 = CARTESIAN_POINT ( 'NONE',  ( -0.5499999999999998200, 0.009375000000000036100, -0.3350000000000000200 ) ) ;
#1912 = VERTEX_POINT ( 'NONE', #656 ) ;
#1913 = DIRECTION ( 'NONE',  ( 0.0000000000000000000, 1.000000000000000000, 0.0000000000000000000 ) ) ;
#1914 = EDGE_CURVE ( 'NONE', #3264, #949, #1286, .T. ) ;
#1915 = LENGTH_MEASURE_WITH_UNIT ( LENGTH_MEASURE( 0.02539999999999999900 ), #6612 );
#1916 = ADVANCED_FACE ( 'NONE', ( #3221 ), #4710, .F. ) ;
#1917 = PLANE ( 'NONE',  #2928 ) ;
#1918 = VERTEX_POINT ( 'NONE', #2730 ) ;
#1919 = LINE ( 'NONE', #1465, #6143 ) ;
#1920 = DIRECTION ( 'NONE',  ( -0.0000000000000000000, 1.000000000000000000, 1.942890293094024200E-016 ) ) ;
#1921 = CARTESIAN_POINT ( 'NONE',  ( -0.5140000000000000100, 0.08999999999999998300, 0.3158607219255620800 ) ) ;
#1922 = EDGE_CURVE ( 'NONE', #1789, #3264, #4770, .T. ) ;
#1923 = EDGE_CURVE ( 'NONE', #743, #1912, #6321, .T. ) ;
#1924 = DIRECTION ( 'NONE',  ( -0.4999999999507095400, 0.8660254038128965000, 0.0000000000000000000 ) ) ;
#1925 = VERTEX_POINT ( 'NONE', #106 ) ;
#1926 = FACE_OUTER_BOUND ( 'NONE', #6464, .T. ) ;
#1927 = DIRECTION ( 'NONE',  ( 0.0000000000000000000, 0.0000000000000000000, 1.000000000000000000 ) ) ;
#1928 = CARTESIAN_POINT ( 'NONE',  ( 0.5500000000000000400, 0.08049654212842374800, -0.1149999999999999200 ) ) ;
#1929 = DIRECTION ( 'NONE',  ( -1.000000000000000000, -4.771113300584684600E-017, -1.059399967880888400E-032 ) ) ;
#1930 = DIRECTION ( 'NONE',  ( -6.866538283325406900E-015, 0.0000000000000000000, 1.000000000000000000 ) ) ;
#1931 = LINE ( 'NONE', #527, #4378 ) ;
#1932 = AXIS2_PLACEMENT_3D ( 'NONE', #2676, #15, #528 ) ;
#1933 = CARTESIAN_POINT ( 'NONE',  ( -0.01546456692913367200, 0.05062992125984071300, 0.2038503937007729300 ) ) ;
#1934 = CARTESIAN_POINT ( 'NONE',  ( 0.5500000000000000400, 8.623067264609271300E-017, -0.3309999999999999100 ) ) ;
#1935 = DIRECTION ( 'NONE',  ( 0.0000000000000000000, -6.982962677686265900E-015, -1.000000000000000000 ) ) ;
#1936 = DIRECTION ( 'NONE',  ( 0.0000000000000000000, 0.0000000000000000000, 1.000000000000000000 ) ) ;
#1937 =( BOUNDED_CURVE ( )  B_SPLINE_CURVE ( 3, ( #3754, #1214, #1768, #2745 ),
 .UNSPECIFIED., .F., .F. ) 
 B_SPLINE_CURVE_WITH_KNOTS ( ( 4, 4 ),
 ( 3.141592653589793100, 4.104143401474477300 ),
 .UNSPECIFIED. ) 
 CURVE ( )  GEOMETRIC_REPRESENTATION_ITEM ( )  RATIONAL_B_SPLINE_CURVE ( ( 1.000000000000000000, 0.9242701736186127400, 0.9242701736186127400, 1.000000000000000000 ) ) 
 REPRESENTATION_ITEM ( '' )  );
#1938 = VECTOR ( 'NONE', #6522, 39.37007874015748100 ) ;
#1939 = FACE_OUTER_BOUND ( 'NONE', #1654, .T. ) ;
#1940 =( BOUNDED_CURVE ( )  B_SPLINE_CURVE ( 3, ( #4475, #3887, #4456, #1832 ),
 .UNSPECIFIED., .F., .F. ) 
 B_SPLINE_CURVE_WITH_KNOTS ( ( 4, 4 ),
 ( 2.179041905705101800, 3.141592653589793100 ),
 .UNSPECIFIED. ) 
 CURVE ( )  GEOMETRIC_REPRESENTATION_ITEM ( )  RATIONAL_B_SPLINE_CURVE ( ( 1.000000000000000000, 0.9242701736186115200, 0.9242701736186115200, 1.000000000000000000 ) ) 
 REPRESENTATION_ITEM ( '' )  );
#1941 = ORIENTED_EDGE ( 'NONE', *, *, #6144, .T. ) ;
#1942 = DIMENSIONAL_EXPONENTS ( 1.000000000000000000, 0.0000000000000000000, 0.0000000000000000000, 0.0000000000000000000, 0.0000000000000000000, 0.0000000000000000000, 0.0000000000000000000 ) ;
#1943 = EDGE_CURVE ( 'NONE', #6708, #1994, #3794, .T. ) ;
#1944 = CARTESIAN_POINT ( 'NONE',  ( 0.5699999999978310200, -0.1299999999999999500, -0.1499999999999999700 ) ) ;
#1945 = DIRECTION ( 'NONE',  ( 0.0000000000000000000, 0.0000000000000000000, -1.000000000000000000 ) ) ;
#1946 = LINE ( 'NONE', #4667, #5177 ) ;
#1947 = FILL_AREA_STYLE_COLOUR ( '', #3797 ) ;
#1948 = VECTOR ( 'NONE', #1075, 39.37007874015748100 ) ;
#1949 = ORIENTED_EDGE ( 'NONE', *, *, #4251, .T. ) ;
#1950 = ADVANCED_FACE ( 'NONE', ( #3387 ), #6337, .F. ) ;
#1951 = PLANE ( 'NONE',  #6771 ) ;
#1952 = CARTESIAN_POINT ( 'NONE',  ( -0.5500000000000000400, -4.950320162274833900E-017, -0.02000000000000005900 ) ) ;
#1953 = ORIENTED_EDGE ( 'NONE', *, *, #3527, .T. ) ;
#1954 = PLANE ( 'NONE',  #1702 ) ;
#1955 = VECTOR ( 'NONE', #478, 39.37007874015748100 ) ;
#1956 = PLANE ( 'NONE',  #2176 ) ;
#1957 = AXIS2_PLACEMENT_3D ( 'NONE', #3396, #2724, #3899 ) ;
#1958 = ORIENTED_EDGE ( 'NONE', *, *, #5124, .F. ) ;
#1959 = CARTESIAN_POINT ( 'NONE',  ( 0.5338300809212495100, 0.01000000000000015800, -0.2489999999999998600 ) ) ;
#1960 = MECHANICAL_DESIGN_GEOMETRIC_PRESENTATION_REPRESENTATION (  '', ( #5572 ), #543 ) ;
#1961 = EDGE_CURVE ( 'NONE', #3468, #2258, #2498, .T. ) ;
#1962 = FACE_OUTER_BOUND ( 'NONE', #251, .T. ) ;
#1963 = ORIENTED_EDGE ( 'NONE', *, *, #6411, .F. ) ;
#1964 = SURFACE_STYLE_USAGE ( .BOTH. , #5066 ) ;
#1965 = ORIENTED_EDGE ( 'NONE', *, *, #2952, .T. ) ;
#1966 = STYLED_ITEM ( 'NONE', ( #3536 ), #5777 ) ;
#1967 = LINE ( 'NONE', #2980, #2521 ) ;
#1968 = LENGTH_MEASURE_WITH_UNIT ( LENGTH_MEASURE( 0.02539999999999999900 ), #3125 );
#1969 = DIRECTION ( 'NONE',  ( 0.0000000000000000000, 0.0000000000000000000, 1.000000000000000000 ) ) ;
#1970 = AXIS2_PLACEMENT_3D ( 'NONE', #1384, #6593, #5580 ) ;
#1971 = ORIENTED_EDGE ( 'NONE', *, *, #1313, .T. ) ;
#1972 = PLANE ( 'NONE',  #6683 ) ;
#1973 = ORIENTED_EDGE ( 'NONE', *, *, #1673, .F. ) ;
#1974 = CARTESIAN_POINT ( 'NONE',  ( -0.6500000000000000200, 0.1559999999999959500, 0.4499999999999989600 ) ) ;
#1975 = DIRECTION ( 'NONE',  ( 2.168404344971011000E-017, -1.000000000000000000, -0.0000000000000000000 ) ) ;
#1976 = VERTEX_POINT ( 'NONE', #6314 ) ;
#1977 = VERTEX_POINT ( 'NONE', #4284 ) ;
#1978 = DIRECTION ( 'NONE',  ( 0.0000000000000000000, -6.982962677686265900E-015, -1.000000000000000000 ) ) ;
#1979 = ORIENTED_EDGE ( 'NONE', *, *, #2118, .F. ) ;
#1980 = LINE ( 'NONE', #1418, #5963 ) ;
#1981 = PLANE ( 'NONE',  #5610 ) ;
#1982 = ORIENTED_EDGE ( 'NONE', *, *, #3166, .T. ) ;
#1983 = ORIENTED_EDGE ( 'NONE', *, *, #5975, .T. ) ;
#1984 = AXIS2_PLACEMENT_3D ( 'NONE', #4274, #2722, #3779 ) ;
#1985 = ADVANCED_FACE ( 'NONE', ( #2014 ), #5798, .T. ) ;
#1986 = PLANE ( 'NONE',  #1325 ) ;
#1987 = EDGE_LOOP ( 'NONE', ( #5118, #4494, #4370, #2198 ) ) ;
#1988 = ORIENTED_EDGE ( 'NONE', *, *, #168, .T. ) ;
#1989 = VERTEX_POINT ( 'NONE', #2671 ) ;
#1990 = ORIENTED_EDGE ( 'NONE', *, *, #5709, .F. ) ;
#1991 = CARTESIAN_POINT ( 'NONE',  ( 0.2505039370078740400, 0.02700787401574807400, -0.1990000000000108300 ) ) ;
#1992 = ORIENTED_EDGE ( 'NONE', *, *, #3254, .F. ) ;
#1993 = ORIENTED_EDGE ( 'NONE', *, *, #3484, .F. ) ;
#1994 = VERTEX_POINT ( 'NONE', #6363 ) ;
#1995 = CARTESIAN_POINT ( 'NONE',  ( -0.6500000000000000200, 0.08999999999999626400, -0.07301574803150684400 ) ) ;
#1996 =( LENGTH_UNIT ( ) NAMED_UNIT ( * ) SI_UNIT ( $, .METRE. ) );
#1997 = CLOSED_SHELL ( 'NONE', ( #1305, #1513, #739, #3626, #2866, #6135 ) ) ;
#1998 = ORIENTED_EDGE ( 'NONE', *, *, #6062, .F. ) ;
#1999 = ADVANCED_FACE ( 'NONE', ( #5678 ), #4799, .F. ) ;
#2000 = CIRCLE ( 'NONE', #3448, 0.03099999999999985400 ) ;
#2001 = AXIS2_PLACEMENT_3D ( 'NONE', #387, #4565, #4518 ) ;
#2002 = CARTESIAN_POINT ( 'NONE',  ( -0.4679842519685029600, 0.2544251968503936600, 0.2357874015748034100 ) ) ;
#2003 = EDGE_CURVE ( 'NONE', #1977, #2549, #2174, .T. ) ;
#2004 = DIMENSIONAL_EXPONENTS ( 1.000000000000000000, 0.0000000000000000000, 0.0000000000000000000, 0.0000000000000000000, 0.0000000000000000000, 0.0000000000000000000, 0.0000000000000000000 ) ;
#2005 = STYLED_ITEM ( 'NONE', ( #3128 ), #5261 ) ;
#2006 = ORIENTED_EDGE ( 'NONE', *, *, #5892, .T. ) ;
#2007 = LINE ( 'NONE', #1791, #2825 ) ;
#2008 = CARTESIAN_POINT ( 'NONE',  ( 0.5811999599358717000, 0.09000000000000001100, -0.1658607219255618400 ) ) ;
#2009 = CARTESIAN_POINT ( 'NONE',  ( -0.5500000000000000400, -5.122214988120493500E-017, 0.0000000000000000000 ) ) ;
#2010 = EDGE_CURVE ( 'NONE', #3884, #5098, #3470, .T. ) ;
#2011 = EDGE_LOOP ( 'NONE', ( #5576, #4831, #5001 ) ) ;
#2012 = ADVANCED_FACE ( 'NONE', ( #4044 ), #2332, .F. ) ;
#2013 = FACE_OUTER_BOUND ( 'NONE', #1129, .T. ) ;
#2014 = FACE_OUTER_BOUND ( 'NONE', #4502, .T. ) ;
#2015 = DIRECTION ( 'NONE',  ( 0.0000000000000000000, 1.000000000000000000, 0.0000000000000000000 ) ) ;
#2016 = CARTESIAN_POINT ( 'NONE',  ( 0.5500000000000000400, 0.7811982419601925000, -0.1299999999999998700 ) ) ;
#2017 = AXIS2_PLACEMENT_3D ( 'NONE', #5800, #3193, #6315 ) ;
#2018 =( BOUNDED_CURVE ( )  B_SPLINE_CURVE ( 3, ( #720, #3241, #4887, #3363 ),
 .UNSPECIFIED., .F., .F. ) 
 B_SPLINE_CURVE_WITH_KNOTS ( ( 4, 4 ),
 ( 8.862685700082175800E-017, 1.100485391436095500 ),
 .UNSPECIFIED. ) 
 CURVE ( )  GEOMETRIC_REPRESENTATION_ITEM ( )  RATIONAL_B_SPLINE_CURVE ( ( 1.000000000000000000, 0.9015984286673651700, 0.9015984286673651700, 1.000000000000000000 ) ) 
 REPRESENTATION_ITEM ( '' )  );
#2019 = AXIS2_PLACEMENT_3D ( 'NONE', #6306, #2981, #6019 ) ;
#2020 = DIRECTION ( 'NONE',  ( 0.0000000000000000000, -6.982962677686265900E-015, -1.000000000000000000 ) ) ;
#2021 = FACE_OUTER_BOUND ( 'NONE', #5294, .T. ) ;
#2022 = VECTOR ( 'NONE', #4426, 39.37007874015748100 ) ;
#2023 = CARTESIAN_POINT ( 'NONE',  ( 0.3315039370078740600, 0.02700787401574809800, -0.2540157480315091100 ) ) ;
#2024 = CARTESIAN_POINT ( 'NONE',  ( 0.1514960629921259500, 0.02700787401574809500, -0.1990000000000020900 ) ) ;
#2025 =( CONVERSION_BASED_UNIT ( 'INCH', #235 ) LENGTH_UNIT ( ) NAMED_UNIT ( #5834 ) );
#2026 = ORIENTED_EDGE ( 'NONE', *, *, #2593, .F. ) ;
#2027 = DIRECTION ( 'NONE',  ( 0.0000000000000000000, -6.982962677686265900E-015, -1.000000000000000000 ) ) ;
#2028 = CONICAL_SURFACE ( 'NONE', #2703, 0.01999999999694968000, 0.5235987755586936100 ) ;
#2029 = EDGE_CURVE ( 'NONE', #4260, #5740, #848, .T. ) ;
#2030 = ADVANCED_FACE ( 'NONE', ( #5331 ), #3372, .T. ) ;
#2031 = EDGE_LOOP ( 'NONE', ( #1737, #3927, #963, #6284 ) ) ;
#2032 = DIRECTION ( 'NONE',  ( 0.0000000000000000000, 1.000000000000000000, -0.0000000000000000000 ) ) ;
#2033 = ORIENTED_EDGE ( 'NONE', *, *, #6726, .T. ) ;
#2034 = PRESENTATION_LAYER_ASSIGNMENT (  '', '', ( #3998 ) ) ;
#2035 = SURFACE_SIDE_STYLE ('',( #6584 ) ) ;
#2036 = CARTESIAN_POINT ( 'NONE',  ( 0.5190000000026626600, -0.1300000000066672800, -0.2999999999999998800 ) ) ;
#2037 = LINE ( 'NONE', #5388, #6024 ) ;
#2038 = PRESENTATION_STYLE_ASSIGNMENT (( #3378 ) ) ;
#2039 = EDGE_CURVE ( 'NONE', #923, #941, #4845, .T. ) ;
#2040 = ORIENTED_EDGE ( 'NONE', *, *, #6020, .T. ) ;
#2041 = CARTESIAN_POINT ( 'NONE',  ( 0.5500000000000021500, 0.7811982419601925000, 0.2689999999999848100 ) ) ;
#2042 = DIRECTION ( 'NONE',  ( 0.0000000000000000000, 0.0000000000000000000, 1.000000000000000000 ) ) ;
#2043 = DIRECTION ( 'NONE',  ( -6.866538283325406900E-015, -0.0000000000000000000, 1.000000000000000000 ) ) ;
#2044 = VECTOR ( 'NONE', #6640, 39.37007874015748100 ) ;
#2045 = FACE_OUTER_BOUND ( 'NONE', #5886, .T. ) ;
#2046 = ADVANCED_FACE ( 'NONE', ( #5088 ), #5434, .F. ) ;
#2047 = FACE_OUTER_BOUND ( 'NONE', #3759, .T. ) ;
#2048 = EDGE_CURVE ( 'NONE', #5144, #5541, #5504, .T. ) ;
#2049 = ORIENTED_EDGE ( 'NONE', *, *, #3764, .F. ) ;
#2050 = EDGE_CURVE ( 'NONE', #93, #5779, #6489, .T. ) ;
#2051 = ORIENTED_EDGE ( 'NONE', *, *, #3819, .F. ) ;
#2052 = DIRECTION ( 'NONE',  ( 0.0000000000000000000, -6.982962677686265900E-015, -1.000000000000000000 ) ) ;
#2053 = DIRECTION ( 'NONE',  ( 4.836559219299864000E-017, -1.000000000000000000, 0.0000000000000000000 ) ) ;
#2054 = VECTOR ( 'NONE', #4094, 39.37007874015748100 ) ;
#2055 = ORIENTED_EDGE ( 'NONE', *, *, #421, .F. ) ;
#2056 = ORIENTED_EDGE ( 'NONE', *, *, #634, .T. ) ;
#2057 = AXIS2_PLACEMENT_3D ( 'NONE', #3479, #6660, #4547 ) ;
#2058 = LINE ( 'NONE', #116, #336 ) ;
#2059 = DIRECTION ( 'NONE',  ( 0.0000000000000000000, -1.000000000000000000, -3.132540046889706200E-016 ) ) ;
#2060 = EDGE_LOOP ( 'NONE', ( #3850, #1822, #261, #4722, #6750 ) ) ;
#2061 = ADVANCED_FACE ( 'NONE', ( #3553 ), #4897, .F. ) ;
#2062 = CARTESIAN_POINT ( 'NONE',  ( 0.5364675199559609800, 0.08049654212842404000, -0.03499999999999979500 ) ) ;
#2063 = ORIENTED_EDGE ( 'NONE', *, *, #3164, .T. ) ;
#2064 = ORIENTED_EDGE ( 'NONE', *, *, #2729, .F. ) ;
#2065 = FACE_OUTER_BOUND ( 'NONE', #2031, .T. ) ;
#2066 = DIRECTION ( 'NONE',  ( 1.097892830587222400E-017, 1.000000000000000000, 6.094529495444110200E-034 ) ) ;
#2067 = FILL_AREA_STYLE ('',( #5186 ) ) ;
#2068 = VERTEX_POINT ( 'NONE', #4825 ) ;
#2069 = EDGE_CURVE ( 'NONE', #4343, #3141, #1531, .T. ) ;
#2070 = VERTEX_POINT ( 'NONE', #4926 ) ;
#2071 =( LENGTH_UNIT ( ) NAMED_UNIT ( * ) SI_UNIT ( $, .METRE. ) );
#2072 = EDGE_LOOP ( 'NONE', ( #1751, #5653, #5218, #4535 ) ) ;
#2073 = LINE ( 'NONE', #1550, #280 ) ;
#2074 = FACE_OUTER_BOUND ( 'NONE', #3766, .T. ) ;
#2075 = CARTESIAN_POINT ( 'NONE',  ( 0.3134960629921260100, 0.02700787401574803900, -0.07301574803150691400 ) ) ;
#2076 = DIRECTION ( 'NONE',  ( 0.4999999999806912800, 0.8660254037955865700, 6.123233995500312400E-017 ) ) ;
#2077 = DIRECTION ( 'NONE',  ( -1.021933762300339900E-014, 0.0000000000000000000, 1.000000000000000000 ) ) ;
#2078 = VERTEX_POINT ( 'NONE', #236 ) ;
#2079 = ADVANCED_FACE ( 'NONE', ( #1369 ), #212, .F. ) ;
#2080 = ORIENTED_EDGE ( 'NONE', *, *, #860, .F. ) ;
#2081 = CARTESIAN_POINT ( 'NONE',  ( 0.2324960629921260000, 0.02700787401574808100, -0.1990000000000141100 ) ) ;
#2082 = AXIS2_PLACEMENT_3D ( 'NONE', #3957, #6481, #269 ) ;
#2083 = CARTESIAN_POINT ( 'NONE',  ( 0.3315039370078740600, 0.02700787401574807400, -0.07301574803150363800 ) ) ;
#2084 = EDGE_CURVE ( 'NONE', #1736, #923, #451, .T. ) ;
#2085 = CARTESIAN_POINT ( 'NONE',  ( -0.5616862307208925200, 0.009375000000000050000, 0.3350000000000004100 ) ) ;
#2086 = LINE ( 'NONE', #2851, #605 ) ;
#2087 = LINE ( 'NONE', #2946, #1197 ) ;
#2088 = DIRECTION ( 'NONE',  ( 0.0000000000000000000, 1.000000000000000000, -6.982962677686265900E-015 ) ) ;
#2089 = ADVANCED_FACE ( 'NONE', ( #4455 ), #730, .F. ) ;
#2090 = VECTOR ( 'NONE', #1458, 39.37007874015748100 ) ;
#2091 = EDGE_CURVE ( 'NONE', #5905, #4735, #783, .T. ) ;
#2092 = VECTOR ( 'NONE', #791, 39.37007874015748100 ) ;
#2093 = DIRECTION ( 'NONE',  ( -1.110223024625156500E-016, 1.387778780781445400E-016, -1.000000000000000000 ) ) ;
#2094 = ORIENTED_EDGE ( 'NONE', *, *, #3896, .F. ) ;
#2095 = VERTEX_POINT ( 'NONE', #319 ) ;
#2096 = VECTOR ( 'NONE', #415, 39.37007874015748100 ) ;
#2097 = PLANE ( 'NONE',  #3813 ) ;
#2098 = CARTESIAN_POINT ( 'NONE',  ( 0.2505039370078740400, 0.02700787401574803600, -0.07301574803150691400 ) ) ;
#2099 = VERTEX_POINT ( 'NONE', #5346 ) ;
#2100 = AXIS2_PLACEMENT_3D ( 'NONE', #5372, #196, #3806 ) ;
#2101 = PLANE ( 'NONE',  #2359 ) ;
#2102 = VECTOR ( 'NONE', #5896, 39.37007874015748100 ) ;
#2103 = CARTESIAN_POINT ( 'NONE',  ( 0.5952071620431901300, 0.08999999999999451500, -0.3236074670390690100 ) ) ;
#2104 = ADVANCED_FACE ( 'NONE', ( #3882 ), #5460, .F. ) ;
#2105 = ORIENTED_EDGE ( 'NONE', *, *, #4915, .T. ) ;
#2106 = EDGE_CURVE ( 'NONE', #4260, #3178, #2087, .T. ) ;
#2107 = CARTESIAN_POINT ( 'NONE',  ( 0.4754960629921261000, 0.02700787401574881000, -0.2540157480315059500 ) ) ;
#2108 = ORIENTED_EDGE ( 'NONE', *, *, #1076, .T. ) ;
#2109 = CARTESIAN_POINT ( 'NONE',  ( 0.3315039370078740600, 0.02700787401574809800, -0.2540157480315091100 ) ) ;
#2110 = LINE ( 'NONE', #2272, #1399 ) ;
#2111 = LINE ( 'NONE', #4740, #2601 ) ;
#2112 = AXIS2_PLACEMENT_3D ( 'NONE', #5665, #5160, #3560 ) ;
#2113 = CLOSED_SHELL ( 'NONE', ( #491, #440, #3643, #459, #3557, #232, #6718 ) ) ;
#2114 = CARTESIAN_POINT ( 'NONE',  ( -0.02630708661416793200, 0.1559999999999983600, -0.3053070866141777700 ) ) ;
#2115 = DIRECTION ( 'NONE',  ( -0.0000000000000000000, 6.982962677686265900E-015, 1.000000000000000000 ) ) ;
#2116 = ORIENTED_EDGE ( 'NONE', *, *, #506, .F. ) ;
#2117 = DIRECTION ( 'NONE',  ( -4.510281037539699700E-017, 1.000000000000000000, 5.551115123125783900E-017 ) ) ;
#2118 = EDGE_CURVE ( 'NONE', #2824, #489, #6403, .T. ) ;
#2119 = ADVANCED_FACE ( 'NONE', ( #6744 ), #3975, .F. ) ;
#2120 = VECTOR ( 'NONE', #2231, 39.37007874015748100 ) ;
#2121 = LINE ( 'NONE', #6397, #3422 ) ;
#2122 =( NAMED_UNIT ( * ) PLANE_ANGLE_UNIT ( ) SI_UNIT ( $, .RADIAN. ) );
#2123 = ORIENTED_EDGE ( 'NONE', *, *, #5848, .T. ) ;
#2124 = DIRECTION ( 'NONE',  ( 0.0000000000000000000, -1.000000000000000000, 6.982962677686265900E-015 ) ) ;
#2125 = VERTEX_POINT ( 'NONE', #3489 ) ;
#2126 = DIRECTION ( 'NONE',  ( -0.0000000000000000000, 1.000000000000000000, 1.942890293094024200E-016 ) ) ;
#2127 = ORIENTED_EDGE ( 'NONE', *, *, #6359, .F. ) ;
#2128 = AXIS2_PLACEMENT_3D ( 'NONE', #602, #1110, #2707 ) ;
#2129 = DIRECTION ( 'NONE',  ( 0.0000000000000000000, -0.0000000000000000000, 1.000000000000000000 ) ) ;
#2130 = DIRECTION ( 'NONE',  ( -0.0000000000000000000, 1.000000000000000000, 2.238410880014683800E-016 ) ) ;
#2131 = CIRCLE ( 'NONE', #4374, 0.03099999999999985400 ) ;
#2132 = EDGE_CURVE ( 'NONE', #1349, #1727, #6400, .T. ) ;
#2133 = DIRECTION ( 'NONE',  ( -1.000000000000000000, 1.543697461527646900E-017, 4.284621162108500000E-034 ) ) ;
#2134 = VERTEX_POINT ( 'NONE', #6551 ) ;
#2135 = UNCERTAINTY_MEASURE_WITH_UNIT (LENGTH_MEASURE( 1.000000000000000100E-005 ), #1147, 'distance_accuracy_value', 'NONE');
#2136 = ORIENTED_EDGE ( 'NONE', *, *, #5318, .T. ) ;
#2137 = DIRECTION ( 'NONE',  ( -1.878372261753385200E-016, 1.000000000000000000, 0.0000000000000000000 ) ) ;
#2138 = ORIENTED_EDGE ( 'NONE', *, *, #5114, .F. ) ;
#2139 = VECTOR ( 'NONE', #6324, 39.37007874015748100 ) ;
#2140 = CARTESIAN_POINT ( 'NONE',  ( 0.5304984987125803700, 0.07999999999999996000, 0.3509999999999846600 ) ) ;
#2141 = MANIFOLD_SOLID_BREP ( 'I6A4W010A033V-001-R-1-solid23', #3593 ) ;
#2142 = ORIENTED_EDGE ( 'NONE', *, *, #6011, .T. ) ;
#2143 = ORIENTED_EDGE ( 'NONE', *, *, #1315, .T. ) ;
#2144 = VERTEX_POINT ( 'NONE', #3398 ) ;
#2145 = ORIENTED_EDGE ( 'NONE', *, *, #2281, .F. ) ;
#2146 = DIRECTION ( 'NONE',  ( -3.407271461368530900E-015, 0.0000000000000000000, 1.000000000000000000 ) ) ;
#2147 = ORIENTED_EDGE ( 'NONE', *, *, #5620, .T. ) ;
#2148 = FACE_OUTER_BOUND ( 'NONE', #5642, .T. ) ;
#2149 = EDGE_LOOP ( 'NONE', ( #4898, #6288, #3337, #4720, #1663, #1884, #1998, #2138 ) ) ;
#2150 = UNCERTAINTY_MEASURE_WITH_UNIT (LENGTH_MEASURE( 1.000000000000000100E-005 ), #2025, 'distance_accuracy_value', 'NONE');
#2151 = CARTESIAN_POINT ( 'NONE',  ( -0.01546456692913367200, 0.05062992125983971400, 0.06014960629919809100 ) ) ;
#2152 = ORIENTED_EDGE ( 'NONE', *, *, #515, .T. ) ;
#2153 = DIRECTION ( 'NONE',  ( 4.428646991611383300E-017, -0.0000000000000000000, 1.000000000000000000 ) ) ;
#2154 = LINE ( 'NONE', #4175, #33 ) ;
#2155 = EDGE_CURVE ( 'NONE', #483, #5188, #6663, .T. ) ;
#2156 = DIRECTION ( 'NONE',  ( 1.000000000000000000, 0.0000000000000000000, 0.0000000000000000000 ) ) ;
#2157 = VECTOR ( 'NONE', #5405, 39.37007874015748100 ) ;
#2158 = DIRECTION ( 'NONE',  ( -1.000000000000000000, 8.537024981519064600E-016, 0.0000000000000000000 ) ) ;
#2159 = PLANE ( 'NONE',  #3584 ) ;
#2160 = VERTEX_POINT ( 'NONE', #3995 ) ;
#2161 = VECTOR ( 'NONE', #1763, 39.37007874015748100 ) ;
#2162 = PLANE ( 'NONE',  #5789 ) ;
#2163 = DIRECTION ( 'NONE',  ( 0.0000000000000000000, 1.000000000000000000, -0.0000000000000000000 ) ) ;
#2164 = CARTESIAN_POINT ( 'NONE',  ( 0.4754960629921261000, 0.02700787401574803900, -0.07301574803150034900 ) ) ;
#2165 = FILL_AREA_STYLE ('',( #2768 ) ) ;
#2166 = LINE ( 'NONE', #3480, #1106 ) ;
#2167 = ORIENTED_EDGE ( 'NONE', *, *, #4225, .F. ) ;
#2168 = CARTESIAN_POINT ( 'NONE',  ( 0.2505039370078740400, 0.02700787401574809800, -0.2540157480314970700 ) ) ;
#2169 = PLANE ( 'NONE',  #6108 ) ;
#2170 = DIRECTION ( 'NONE',  ( -1.017949417668884000E-016, 1.000000000000000000, -3.554151395677143000E-031 ) ) ;
#2171 = PRESENTATION_LAYER_ASSIGNMENT (  '', '', ( #504 ) ) ;
#2172 =( NAMED_UNIT ( * ) PLANE_ANGLE_UNIT ( ) SI_UNIT ( $, .RADIAN. ) );
#2173 = VECTOR ( 'NONE', #3730, 39.37007874015748100 ) ;
#2174 = CIRCLE ( 'NONE', #4965, 0.01999999999999990700 ) ;
#2175 = EDGE_CURVE ( 'NONE', #2387, #6676, #4295, .T. ) ;
#2176 = AXIS2_PLACEMENT_3D ( 'NONE', #996, #4633, #3652 ) ;
#2177 = DIRECTION ( 'NONE',  ( -8.998862438468698800E-017, 1.000000000000000000, 1.817932429810993200E-016 ) ) ;
#2178 = ORIENTED_EDGE ( 'NONE', *, *, #869, .F. ) ;
#2179 = CARTESIAN_POINT ( 'NONE',  ( -0.3419999999999992500, 0.2544251968503937200, -0.1092125984251966600 ) ) ;
#2180 = DIRECTION ( 'NONE',  ( 0.0000000000000000000, 1.000000000000000000, -0.0000000000000000000 ) ) ;
#2181 = LINE ( 'NONE', #229, #4205 ) ;
#2182 = DIRECTION ( 'NONE',  ( -3.611517186439268300E-017, 1.000000000000000000, 2.775557561562892000E-017 ) ) ;
#2183 = ORIENTED_EDGE ( 'NONE', *, *, #2084, .T. ) ;
#2184 = DIRECTION ( 'NONE',  ( 0.0000000000000000000, 0.0000000000000000000, 1.000000000000000000 ) ) ;
#2185 = EDGE_CURVE ( 'NONE', #1825, #6552, #3876, .T. ) ;
#2186 = AXIS2_PLACEMENT_3D ( 'NONE', #4383, #5887, #5428 ) ;
#2187 = DIMENSIONAL_EXPONENTS ( 1.000000000000000000, 0.0000000000000000000, 0.0000000000000000000, 0.0000000000000000000, 0.0000000000000000000, 0.0000000000000000000, 0.0000000000000000000 ) ;
#2188 = CARTESIAN_POINT ( 'NONE',  ( -0.1929291338582590800, 0.1993070866141732300, -0.3869291338582761000 ) ) ;
#2189 = CARTESIAN_POINT ( 'NONE',  ( 0.5193318608793542300, 0.006419919741469962300, 0.3438398394829244000 ) ) ;
#2190 = CARTESIAN_POINT ( 'NONE',  ( 0.5500000000000000400, 0.1300000000000001400, 2.048885995248197400E-016 ) ) ;
#2191 = SURFACE_STYLE_USAGE ( .BOTH. , #609 ) ;
#2192 = CARTESIAN_POINT ( 'NONE',  ( -0.1929291338582604400, 0.1993070866141732300, -0.2530708661417410700 ) ) ;
#2193 = VERTEX_POINT ( 'NONE', #1320 ) ;
#2194 = CARTESIAN_POINT ( 'NONE',  ( -0.6500000000000000200, 0.08999999999999362700, -0.4500000000000007300 ) ) ;
#2195 = DIRECTION ( 'NONE',  ( -1.127570259384924600E-016, 1.000000000000000000, 2.220446049250313100E-016 ) ) ;
#2196 = FACE_OUTER_BOUND ( 'NONE', #3683, .T. ) ;
#2197 = SURFACE_STYLE_FILL_AREA ( #1374 ) ;
#2198 = ORIENTED_EDGE ( 'NONE', *, *, #1746, .F. ) ;
#2199 = CARTESIAN_POINT ( 'NONE',  ( -0.5139999999999999000, 0.01000000000000013000, -0.3360000000000002400 ) ) ;
#2200 = FACE_OUTER_BOUND ( 'NONE', #5971, .T. ) ;
#2201 = ORIENTED_EDGE ( 'NONE', *, *, #5839, .T. ) ;
#2202 = PLANE ( 'NONE',  #2453 ) ;
#2203 = DIRECTION ( 'NONE',  ( 6.866538283325406900E-015, -0.0000000000000000000, -1.000000000000000000 ) ) ;
#2204 = COLOUR_RGB ( '',0.5882352941176470800, 0.2941176470588235400, 0.0000000000000000000 ) ;
#2205 = LINE ( 'NONE', #4665, #5278 ) ;
#2206 = LINE ( 'NONE', #1136, #2284 ) ;
#2207 = VERTEX_POINT ( 'NONE', #6623 ) ;
#2208 = VERTEX_POINT ( 'NONE', #3420 ) ;
#2209 = FACE_OUTER_BOUND ( 'NONE', #6109, .T. ) ;
#2210 = CARTESIAN_POINT ( 'NONE',  ( 0.3315039370078740100, 0.08999999999999626400, -0.07301574803150356900 ) ) ;
#2211 = DIRECTION ( 'NONE',  ( 0.0000000000000000000, -6.982962677686265900E-015, -1.000000000000000000 ) ) ;
#2212 = ORIENTED_EDGE ( 'NONE', *, *, #395, .F. ) ;
#2213 = PLANE ( 'NONE',  #5215 ) ;
#2214 = EDGE_CURVE ( 'NONE', #2308, #4613, #5915, .T. ) ;
#2215 = EDGE_LOOP ( 'NONE', ( #3663, #1983, #5045, #4654 ) ) ;
#2216 = ORIENTED_EDGE ( 'NONE', *, *, #843, .T. ) ;
#2217 = LINE ( 'NONE', #4441, #827 ) ;
#2218 = PLANE ( 'NONE',  #5617 ) ;
#2219 = DIRECTION ( 'NONE',  ( 1.280553747225428500E-015, 1.000000000000000000, -4.268512490751471600E-016 ) ) ;
#2220 = ORIENTED_EDGE ( 'NONE', *, *, #5253, .F. ) ;
#2221 = DIRECTION ( 'NONE',  ( 0.0000000000000000000, 1.000000000000000000, 1.905486357431723600E-016 ) ) ;
#2222 =( BOUNDED_CURVE ( )  B_SPLINE_CURVE ( 3, ( #2774, #5867, #3761, #3783 ),
 .UNSPECIFIED., .F., .F. ) 
 B_SPLINE_CURVE_WITH_KNOTS ( ( 4, 4 ),
 ( 5.182699915743493000, 6.283185307179586200 ),
 .UNSPECIFIED. ) 
 CURVE ( )  GEOMETRIC_REPRESENTATION_ITEM ( )  RATIONAL_B_SPLINE_CURVE ( ( 1.000000000000000000, 0.9015984286673656100, 0.9015984286673656100, 1.000000000000000000 ) ) 
 REPRESENTATION_ITEM ( '' )  );
#2223 = EDGE_LOOP ( 'NONE', ( #1495, #5192, #6376, #2788 ) ) ;
#2224 = EDGE_CURVE ( 'NONE', #6386, #6439, #3708, .T. ) ;
#2225 = AXIS2_PLACEMENT_3D ( 'NONE', #3204, #3732, #2688 ) ;
#2226 = DIRECTION ( 'NONE',  ( -1.000000000000000000, -0.0000000000000000000, -0.0000000000000000000 ) ) ;
#2227 = LINE ( 'NONE', #794, #3444 ) ;
#2228 = CARTESIAN_POINT ( 'NONE',  ( 0.5720449671064661300, 0.005993953971255721500, -0.1204096736459908100 ) ) ;
#2229 = ORIENTED_EDGE ( 'NONE', *, *, #3991, .T. ) ;
#2230 = CARTESIAN_POINT ( 'NONE',  ( -0.5500000000000000400, -5.122214988120493500E-017, 6.829619984160658000E-017 ) ) ;
#2231 = DIRECTION ( 'NONE',  ( -6.938893903907228400E-018, -1.000000000000000000, -2.220446049250313100E-016 ) ) ;
#2232 = PLANE ( 'NONE',  #1266 ) ;
#2233 = ORIENTED_EDGE ( 'NONE', *, *, #2559, .F. ) ;
#2234 = CARTESIAN_POINT ( 'NONE',  ( -0.5811999599358714800, 0.09000000000000012200, -0.3158607219255620300 ) ) ;
#2235 = CYLINDRICAL_SURFACE ( 'NONE', #4446, 0.01999999999999992400 ) ;
#2236 = CIRCLE ( 'NONE', #2404, 0.03500000000000000300 ) ;
#2237 = CARTESIAN_POINT ( 'NONE',  ( 0.2670000000000033500, 0.2347401574803148800, -0.01200000000000263200 ) ) ;
#2238 = DIRECTION ( 'NONE',  ( 4.510281037539699100E-017, -1.000000000000000000, -5.551115123125782700E-017 ) ) ;
#2239 = DIRECTION ( 'NONE',  ( 1.000000000000000000, 0.0000000000000000000, 0.0000000000000000000 ) ) ;
#2240 = LINE ( 'NONE', #239, #5317 ) ;
#2241 = DIRECTION ( 'NONE',  ( -6.938893903907228400E-018, -1.000000000000000000, -2.220446049250313100E-016 ) ) ;
#2242 = CARTESIAN_POINT ( 'NONE',  ( -0.5500000000000000400, -6.216991392163899800E-017, 0.01999999999999992400 ) ) ;
#2243 = DIRECTION ( 'NONE',  ( -8.261637078323320300E-016, 1.000000000000000000, 2.275154907130890300E-031 ) ) ;
#2244 = EDGE_CURVE ( 'NONE', #3178, #3523, #6474, .T. ) ;
#2245 = CARTESIAN_POINT ( 'NONE',  ( 0.2505039370078740400, 0.02700787401574803900, -0.07301574803150691400 ) ) ;
#2246 = CARTESIAN_POINT ( 'NONE',  ( 0.5859999999999999700, 0.09000000000000013500, -0.01586072192556180900 ) ) ;
#2247 = CARTESIAN_POINT ( 'NONE',  ( 0.3944960629921259700, 0.08999999999999412600, -0.3800000000000132200 ) ) ;
#2248 = FILL_AREA_STYLE ('',( #5376 ) ) ;
#2249 = VECTOR ( 'NONE', #6662, 39.37007874015748100 ) ;
#2250 = VECTOR ( 'NONE', #53, 39.37007874015748100 ) ;
#2251 = DIMENSIONAL_EXPONENTS ( 1.000000000000000000, 0.0000000000000000000, 0.0000000000000000000, 0.0000000000000000000, 0.0000000000000000000, 0.0000000000000000000, 0.0000000000000000000 ) ;
#2252 = CARTESIAN_POINT ( 'NONE',  ( -0.5500000000000000400, 0.08049654212842384500, 0.2650000000000002900 ) ) ;
#2253 = EDGE_CURVE ( 'NONE', #2822, #503, #1858, .T. ) ;
#2254 = DIRECTION ( 'NONE',  ( 0.0000000000000000000, 0.0000000000000000000, 1.000000000000000000 ) ) ;
#2255 = CYLINDRICAL_SURFACE ( 'NONE', #5087, 0.03099999999999988900 ) ;
#2256 = CARTESIAN_POINT ( 'NONE',  ( -0.2901417322834641800, 0.1953700787401574400, 0.3833779527559023600 ) ) ;
#2257 = ORIENTED_EDGE ( 'NONE', *, *, #313, .T. ) ;
#2258 = VERTEX_POINT ( 'NONE', #989 ) ;
#2259 = CARTESIAN_POINT ( 'NONE',  ( -0.5500000000000000400, -4.814222970272633200E-017, -0.01999999999999999000 ) ) ;
#2260 = EDGE_CURVE ( 'NONE', #2470, #167, #1363, .T. ) ;
#2261 = EDGE_CURVE ( 'NONE', #2532, #914, #2494, .T. ) ;
#2262 = CARTESIAN_POINT ( 'NONE',  ( 0.5787228132326901500, 2.554892778105839500E-017, -0.1699999999999999000 ) ) ;
#2263 = LINE ( 'NONE', #1868, #2663 ) ;
#2264 = CARTESIAN_POINT ( 'NONE',  ( 0.4125039370078740200, 0.08999999999999538900, -0.1990000000000042800 ) ) ;
#2265 = DIRECTION ( 'NONE',  ( -0.0000000000000000000, 0.0000000000000000000, 1.000000000000000000 ) ) ;
#2266 = ORIENTED_EDGE ( 'NONE', *, *, #1451, .F. ) ;
#2267 = AXIS2_PLACEMENT_3D ( 'NONE', #6472, #1249, #1774 ) ;
#2268 = LINE ( 'NONE', #5929, #2102 ) ;
#2269 = DIRECTION ( 'NONE',  ( -1.000000000000000000, -0.0000000000000000000, -0.0000000000000000000 ) ) ;
#2270 = CARTESIAN_POINT ( 'NONE',  ( -0.2901417322834636300, 0.1953700787401574400, 0.1806220472440913400 ) ) ;
#2271 =( BOUNDED_CURVE ( )  B_SPLINE_CURVE ( 3, ( #4271, #1689, #5289, #2720 ),
 .UNSPECIFIED., .F., .F. ) 
 B_SPLINE_CURVE_WITH_KNOTS ( ( 4, 4 ),
 ( 1.467454884827856400E-016, 1.100485391436093000 ),
 .UNSPECIFIED. ) 
 CURVE ( )  GEOMETRIC_REPRESENTATION_ITEM ( )  RATIONAL_B_SPLINE_CURVE ( ( 1.000000000000000000, 0.9015984286673657300, 0.9015984286673657300, 1.000000000000000000 ) ) 
 REPRESENTATION_ITEM ( '' )  );
#2272 = CARTESIAN_POINT ( 'NONE',  ( -0.1985354330708660200, 0.05062992125983971400, 0.06014960629919795900 ) ) ;
#2273 = VERTEX_POINT ( 'NONE', #4591 ) ;
#2274 = AXIS2_PLACEMENT_3D ( 'NONE', #2482, #4481, #4979 ) ;
#2275 = SURFACE_SIDE_STYLE ('',( #180 ) ) ;
#2276 = VECTOR ( 'NONE', #4874, 39.37007874015748100 ) ;
#2277 = CARTESIAN_POINT ( 'NONE',  ( -0.2870157480314961000, 0.08999999999999362700, -0.4500000000000007300 ) ) ;
#2278 = ORIENTED_EDGE ( 'NONE', *, *, #2689, .T. ) ;
#2279 = DIRECTION ( 'NONE',  ( 6.938893903907228400E-018, 1.000000000000000000, 2.220446049250313100E-016 ) ) ;
#2280 = LINE ( 'NONE', #5022, #2044 ) ;
#2281 = EDGE_CURVE ( 'NONE', #1641, #3855, #293, .T. ) ;
#2282 = LINE ( 'NONE', #6003, #1059 ) ;
#2283 = CARTESIAN_POINT ( 'NONE',  ( -0.5499999999999998200, 0.1300000000000001200, -0.2999999999999999900 ) ) ;
#2284 = VECTOR ( 'NONE', #3174, 39.37007874015748100 ) ;
#2285 = EDGE_LOOP ( 'NONE', ( #4048, #4443, #2578, #3724 ) ) ;
#2286 = CARTESIAN_POINT ( 'NONE',  ( 0.5193318608793546800, 0.006419919741469872100, 0.2561601605170446500 ) ) ;
#2287 = CARTESIAN_POINT ( 'NONE',  ( -0.4679842519685032400, 0.2544251968503937800, 0.1002125984251970400 ) ) ;
#2288 = ORIENTED_EDGE ( 'NONE', *, *, #129, .T. ) ;
#2289 = VECTOR ( 'NONE', #5591, 39.37007874015748100 ) ;
#2290 = LINE ( 'NONE', #4382, #731 ) ;
#2291 = PRESENTATION_STYLE_ASSIGNMENT (( #5348 ) ) ;
#2292 = ORIENTED_EDGE ( 'NONE', *, *, #4442, .T. ) ;
#2293 = ORIENTED_EDGE ( 'NONE', *, *, #3877, .T. ) ;
#2294 = CARTESIAN_POINT ( 'NONE',  ( 0.5138199173461163200, 0.08368936704111776300, 0.2591061108278692700 ) ) ;
#2295 = ORIENTED_EDGE ( 'NONE', *, *, #298, .F. ) ;
#2296 = CARTESIAN_POINT ( 'NONE',  ( 0.5750675341375365300, 0.08401010114738491400, 0.02792394578861960600 ) ) ;
#2297 = DIRECTION ( 'NONE',  ( -1.604619215278546300E-017, -1.000000000000000000, -2.775557561562891400E-017 ) ) ;
#2298 = LINE ( 'NONE', #6745, #2054 ) ;
#2299 = ORIENTED_EDGE ( 'NONE', *, *, #3792, .F. ) ;
#2300 = AXIS2_PLACEMENT_3D ( 'NONE', #5028, #2969, #2421 ) ;
#2301 = CARTESIAN_POINT ( 'NONE',  ( -0.5499999999999998200, 0.09000000000000012200, -0.2999999999999999900 ) ) ;
#2302 = EDGE_LOOP ( 'NONE', ( #4737, #3427, #104, #4108 ) ) ;
#2303 = VECTOR ( 'NONE', #2762, 39.37007874015748100 ) ;
#2304 = AXIS2_PLACEMENT_3D ( 'NONE', #4806, #1259, #113 ) ;
#2305 = CARTESIAN_POINT ( 'NONE',  ( -0.4679999999999997500, 0.2544251968503935500, -0.2242125984252099900 ) ) ;
#2306 = ORIENTED_EDGE ( 'NONE', *, *, #2854, .F. ) ;
#2307 = ORIENTED_EDGE ( 'NONE', *, *, #1660, .F. ) ;
#2308 = VERTEX_POINT ( 'NONE', #5587 ) ;
#2309 = ORIENTED_EDGE ( 'NONE', *, *, #6451, .T. ) ;
#2310 = DIRECTION ( 'NONE',  ( -0.0000000000000000000, 0.0000000000000000000, -1.000000000000000000 ) ) ;
#2311 = DIRECTION ( 'NONE',  ( 3.407271461368530900E-015, -0.0000000000000000000, -1.000000000000000000 ) ) ;
#2312 = VECTOR ( 'NONE', #680, 39.37007874015748100 ) ;
#2313 = PRESENTATION_LAYER_ASSIGNMENT (  '', '', ( #1966 ) ) ;
#2314 = DIRECTION ( 'NONE',  ( -0.0000000000000000000, 1.000000000000000000, 0.0000000000000000000 ) ) ;
#2315 = ORIENTED_EDGE ( 'NONE', *, *, #6078, .F. ) ;
#2316 = ORIENTED_EDGE ( 'NONE', *, *, #4673, .F. ) ;
#2317 = EDGE_CURVE ( 'NONE', #2492, #1187, #6148, .T. ) ;
#2318 = AXIS2_PLACEMENT_3D ( 'NONE', #3698, #147, #4252 ) ;
#2319 = CARTESIAN_POINT ( 'NONE',  ( -0.02630708661416793200, 0.2347401574803148800, -0.3053070866141777700 ) ) ;
#2320 = CARTESIAN_POINT ( 'NONE',  ( 0.2505039370078739300, 0.08999999999999538900, -0.1990000000000108300 ) ) ;
#2321 = LINE ( 'NONE', #501, #6728 ) ;
#2322 =( CONVERSION_BASED_UNIT ( 'INCH', #205 ) LENGTH_UNIT ( ) NAMED_UNIT ( #3986 ) );
#2323 = DIRECTION ( 'NONE',  ( 0.0000000000000000000, 0.3429264012056980600, 0.9393622748205873200 ) ) ;
#2324 = ADVANCED_FACE ( 'NONE', ( #5500 ), #4764, .T. ) ;
#2325 = CARTESIAN_POINT ( 'NONE',  ( 0.4754960629921260500, 0.08999999999999626400, -0.07301574803150028000 ) ) ;
#2326 = ORIENTED_EDGE ( 'NONE', *, *, #5892, .F. ) ;
#2327 = DIRECTION ( 'NONE',  ( -0.0000000000000000000, 1.000000000000000000, -6.982962677686265900E-015 ) ) ;
#2328 = DIRECTION ( 'NONE',  ( 1.000000000000000000, -0.0000000000000000000, 0.0000000000000000000 ) ) ;
#2329 = EDGE_LOOP ( 'NONE', ( #4871, #266, #1345, #425, #6383 ) ) ;
#2330 = VECTOR ( 'NONE', #4422, 39.37007874015748100 ) ;
#2331 = VECTOR ( 'NONE', #3075, 39.37007874015748100 ) ;
#2332 = PLANE ( 'NONE',  #2655 ) ;
#2333 = CARTESIAN_POINT ( 'NONE',  ( 0.5212771867673099400, 1.369973489801430600E-016, -0.01999999999999992400 ) ) ;
#2334 = CARTESIAN_POINT ( 'NONE',  ( 0.5300000000021692900, -0.1299999999999999500, -0.1499999999999999700 ) ) ;
#2335 = FILL_AREA_STYLE_COLOUR ( '', #6566 ) ;
#2336 = CARTESIAN_POINT ( 'NONE',  ( 0.5500000000000000400, 1.065873862047638700E-016, 0.02000000000000012900 ) ) ;
#2337 = STYLED_ITEM ( 'NONE', ( #3305 ), #4559 ) ;
#2338 = FACE_OUTER_BOUND ( 'NONE', #4744, .T. ) ;
#2339 = FACE_OUTER_BOUND ( 'NONE', #2392, .T. ) ;
#2340 = EDGE_CURVE ( 'NONE', #5729, #3251, #45, .T. ) ;
#2341 = EDGE_LOOP ( 'NONE', ( #426, #1159, #5299, #6323 ) ) ;
#2342 = CARTESIAN_POINT ( 'NONE',  ( 0.5500000000000021500, 0.0000000000000000000, 0.2999999999999846700 ) ) ;
#2343 = CARTESIAN_POINT ( 'NONE',  ( 0.5500000000000000400, -0.1299999999999999500, 2.048885995248197400E-016 ) ) ;
#2344 = CARTESIAN_POINT ( 'NONE',  ( 0.5300000000008503500, -0.1299999999977155800, -0.1499999999999999700 ) ) ;
#2345 = ORIENTED_EDGE ( 'NONE', *, *, #5793, .F. ) ;
#2346 = CARTESIAN_POINT ( 'NONE',  ( -0.1929291338582678200, 0.1993070866141731500, -0.2419291338582770000 ) ) ;
#2347 = ADVANCED_FACE ( 'NONE', ( #4122 ), #5051, .F. ) ;
#2348 = EDGE_CURVE ( 'NONE', #5820, #1649, #777, .T. ) ;
#2349 = EDGE_CURVE ( 'NONE', #5396, #3078, #4527, .T. ) ;
#2350 = AXIS2_PLACEMENT_3D ( 'NONE', #5788, #2170, #3155 ) ;
#2351 = CONICAL_SURFACE ( 'NONE', #6633, 0.01999999999914977100, 0.5235987755413826800 ) ;
#2352 = CARTESIAN_POINT ( 'NONE',  ( 0.5500000000000000400, 0.09000000000000013500, 2.048885995248197400E-016 ) ) ;
#2353 = MANIFOLD_SOLID_BREP ( 'I6A4W010A033V-001-R-1-solid19', #1623 ) ;
#2354 = DIRECTION ( 'NONE',  ( -1.000000000000000000, 0.0000000000000000000, -1.047444401652940000E-014 ) ) ;
#2355 = DIRECTION ( 'NONE',  ( -4.510281037539699700E-017, 1.000000000000000000, 5.551115123125783900E-017 ) ) ;
#2356 = CYLINDRICAL_SURFACE ( 'NONE', #1984, 0.01999999999999990700 ) ;
#2357 = EDGE_LOOP ( 'NONE', ( #4517, #3880, #1571, #937 ) ) ;
#2358 = VECTOR ( 'NONE', #3513, 39.37007874015748100 ) ;
#2359 = AXIS2_PLACEMENT_3D ( 'NONE', #4631, #5159, #541 ) ;
#2360 = EDGE_LOOP ( 'NONE', ( #2561, #1849, #51, #171 ) ) ;
#2361 = CARTESIAN_POINT ( 'NONE',  ( 0.5860000000000000800, 0.01000000000000001200, -0.1139999999999999300 ) ) ;
#2362 = VECTOR ( 'NONE', #4249, 39.37007874015748100 ) ;
#2363 = FACE_OUTER_BOUND ( 'NONE', #5020, .T. ) ;
#2364 = CARTESIAN_POINT ( 'NONE',  ( 0.5500000000000000400, 0.01000000000000003800, -0.3509999999999998700 ) ) ;
#2365 = DIRECTION ( 'NONE',  ( 0.0000000000000000000, 0.0000000000000000000, 1.000000000000000000 ) ) ;
#2366 = ORIENTED_EDGE ( 'NONE', *, *, #5043, .T. ) ;
#2367 = EDGE_LOOP ( 'NONE', ( #3041, #351, #2136, #4600 ) ) ;
#2368 = EDGE_CURVE ( 'NONE', #5389, #2533, #6573, .T. ) ;
#2369 = DIRECTION ( 'NONE',  ( 6.619691544957673200E-017, -0.8479983040050894600, -0.5299989400031778200 ) ) ;
#2370 = LINE ( 'NONE', #1397, #1329 ) ;
#2371 = DIRECTION ( 'NONE',  ( -0.0000000000000000000, 6.982962677686265900E-015, 1.000000000000000000 ) ) ;
#2372 = VERTEX_POINT ( 'NONE', #5659 ) ;
#2373 = CARTESIAN_POINT ( 'NONE',  ( -0.6500000000000000200, 0.1559999999999959500, 0.4499999999999989600 ) ) ;
#2374 = CARTESIAN_POINT ( 'NONE',  ( -0.5720449671064660200, 0.005993953971255661600, 0.02959032635400919400 ) ) ;
#2375 = ORIENTED_EDGE ( 'NONE', *, *, #6762, .T. ) ;
#2376 =( GEOMETRIC_REPRESENTATION_CONTEXT ( 3 ) GLOBAL_UNCERTAINTY_ASSIGNED_CONTEXT ( ( #5046 ) ) GLOBAL_UNIT_ASSIGNED_CONTEXT ( ( #1508, #6110, #6652 ) ) REPRESENTATION_CONTEXT ( 'NONE', 'WORKASPACE' ) );
#2377 = EDGE_LOOP ( 'NONE', ( #224, #6460, #2422 ) ) ;
#2378 = CIRCLE ( 'NONE', #306, 0.01999999999999992400 ) ;
#2379 = CARTESIAN_POINT ( 'NONE',  ( -0.5787228132326900400, 1.201940859775225000E-016, -0.3200000000000002300 ) ) ;
#2380 = ORIENTED_EDGE ( 'NONE', *, *, #6703, .T. ) ;
#2381 = CARTESIAN_POINT ( 'NONE',  ( -0.5499999999999998200, 0.08049654212842398400, -0.3350000000000000200 ) ) ;
#2382 = EDGE_LOOP ( 'NONE', ( #1298, #4789, #5478, #1731 ) ) ;
#2383 = EDGE_CURVE ( 'NONE', #3468, #6358, #2566, .T. ) ;
#2384 = DIRECTION ( 'NONE',  ( 0.0000000000000000000, -6.982962677686265900E-015, -1.000000000000000000 ) ) ;
#2385 = VERTEX_POINT ( 'NONE', #410 ) ;
#2386 = ADVANCED_FACE ( 'NONE', ( #6114 ), #3506, .T. ) ;
#2387 = VERTEX_POINT ( 'NONE', #1563 ) ;
#2388 = DIRECTION ( 'NONE',  ( -1.000000000000000000, -0.0000000000000000000, -0.0000000000000000000 ) ) ;
#2389 = VECTOR ( 'NONE', #2967, 39.37007874015748100 ) ;
#2390 = ORIENTED_EDGE ( 'NONE', *, *, #5436, .F. ) ;
#2391 = CARTESIAN_POINT ( 'NONE',  ( -0.6500000000000000200, 0.08999999999999498700, -0.2540157480315059500 ) ) ;
#2392 = EDGE_LOOP ( 'NONE', ( #3840, #1230, #831, #1843 ) ) ;
#2393 =( CONVERSION_BASED_UNIT ( 'INCH', #6183 ) LENGTH_UNIT ( ) NAMED_UNIT ( #1160 ) );
#2394 = EDGE_CURVE ( 'NONE', #3931, #1187, #3959, .T. ) ;
#2395 = EDGE_CURVE ( 'NONE', #2886, #2095, #2455, .T. ) ;
#2396 = DIRECTION ( 'NONE',  ( -0.0000000000000000000, 1.000000000000000000, 3.132540046889706200E-016 ) ) ;
#2397 = FACE_OUTER_BOUND ( 'NONE', #110, .T. ) ;
#2398 = LINE ( 'NONE', #3023, #3537 ) ;
#2399 = CARTESIAN_POINT ( 'NONE',  ( 0.6009999999999999800, 1.109813247426107000E-016, -0.2690000000000001300 ) ) ;
#2400 = CARTESIAN_POINT ( 'NONE',  ( 0.5904969134626353300, 0.0000000000000000000, 0.2689999999999847500 ) ) ;
#2401 = DIRECTION ( 'NONE',  ( 0.0000000000000000000, 1.000000000000000000, 0.0000000000000000000 ) ) ;
#2402 = VECTOR ( 'NONE', #1256, 39.37007874015748100 ) ;
#2403 = ORIENTED_EDGE ( 'NONE', *, *, #4003, .T. ) ;
#2404 = AXIS2_PLACEMENT_3D ( 'NONE', #4258, #1678, #6293 ) ;
#2405 = ORIENTED_EDGE ( 'NONE', *, *, #1183, .F. ) ;
#2406 = DIRECTION ( 'NONE',  ( 1.000000000000000000, -0.0000000000000000000, 0.0000000000000000000 ) ) ;
#2407 = CARTESIAN_POINT ( 'NONE',  ( 0.08850393700787395600, 0.02700787401574806000, -0.07301574803149817100 ) ) ;
#2408 = CARTESIAN_POINT ( 'NONE',  ( 0.5613397459610516300, -0.1450000000001269400, -0.1499999999999999700 ) ) ;
#2409 = LINE ( 'NONE', #5805, #2641 ) ;
#2410 = CARTESIAN_POINT ( 'NONE',  ( 0.5603070866141776100, 0.1559999999999946700, -0.3053070866141738300 ) ) ;
#2411 = EDGE_CURVE ( 'NONE', #2625, #3094, #6524, .T. ) ;
#2412 = CARTESIAN_POINT ( 'NONE',  ( 0.2505039370078740400, 0.02700787401574805000, -0.07301574803150691400 ) ) ;
#2413 = VECTOR ( 'NONE', #5884, 39.37007874015748100 ) ;
#2414 = DIRECTION ( 'NONE',  ( 0.7071067811865474600, -0.0000000000000000000, -0.7071067811865474600 ) ) ;
#2415 = VECTOR ( 'NONE', #2180, 39.37007874015748100 ) ;
#2416 = ADVANCED_FACE ( 'NONE', ( #2862 ), #5626, .T. ) ;
#2417 = CIRCLE ( 'NONE', #1957, 0.03099999999999981900 ) ;
#2418 = PLANE ( 'NONE',  #176 ) ;
#2419 = FACE_OUTER_BOUND ( 'NONE', #5713, .T. ) ;
#2420 = CARTESIAN_POINT ( 'NONE',  ( 0.5500000000000000400, 0.08388434700220578900, -0.2489999999999998600 ) ) ;
#2421 = DIRECTION ( 'NONE',  ( 0.0000000000000000000, 0.0000000000000000000, -1.000000000000000000 ) ) ;
#2422 = ORIENTED_EDGE ( 'NONE', *, *, #2978, .F. ) ;
#2423 = ORIENTED_EDGE ( 'NONE', *, *, #6582, .T. ) ;
#2424 = CARTESIAN_POINT ( 'NONE',  ( -0.1985354330708660200, 0.05062992125983971400, 0.06014960629919795900 ) ) ;
#2425 = VECTOR ( 'NONE', #6159, 39.37007874015748100 ) ;
#2426 = CARTESIAN_POINT ( 'NONE',  ( 0.5500000000000000400, 0.08000000000000023800, -0.3509999999999998700 ) ) ;
#2427 = DIRECTION ( 'NONE',  ( 1.000000000000000000, 0.0000000000000000000, 0.0000000000000000000 ) ) ;
#2428 = UNCERTAINTY_MEASURE_WITH_UNIT (LENGTH_MEASURE( 1.000000000000000100E-005 ), #11, 'distance_accuracy_value', 'NONE');
#2429 = EDGE_LOOP ( 'NONE', ( #3024, #3291, #1213, #6214 ) ) ;
#2430 = DIRECTION ( 'NONE',  ( 0.0000000000000000000, 0.5299989400031774900, 0.8479983040050894600 ) ) ;
#2431 = EDGE_CURVE ( 'NONE', #1912, #2492, #4409, .T. ) ;
#2432 = CARTESIAN_POINT ( 'NONE',  ( 0.4754960629921261000, 0.02700787401574807400, -0.1990000000000042800 ) ) ;
#2433 = CARTESIAN_POINT ( 'NONE',  ( 0.1514960629921259500, 0.02700787401574805700, -0.07301574803149810100 ) ) ;
#2434 = CARTESIAN_POINT ( 'NONE',  ( 0.2670000000000033500, 0.4739999999999999800, 0.2419370078740110700 ) ) ;
#2435 = VECTOR ( 'NONE', #6454, 39.37007874015748100 ) ;
#2436 = ORIENTED_EDGE ( 'NONE', *, *, #6357, .F. ) ;
#2437 = EDGE_CURVE ( 'NONE', #2099, #3799, #479, .T. ) ;
#2438 = DIRECTION ( 'NONE',  ( -1.000000000000000000, -3.122502256758246000E-017, 1.561251128379111600E-017 ) ) ;
#2439 = STYLED_ITEM ( 'NONE', ( #144 ), #1444 ) ;
#2440 = CARTESIAN_POINT ( 'NONE',  ( 0.2505039370078740400, 0.02700787401574809800, -0.2540157480314970700 ) ) ;
#2441 = CARTESIAN_POINT ( 'NONE',  ( -0.5279550328935340700, 0.005993953971255785600, -0.3295903263540090900 ) ) ;
#2442 = DIMENSIONAL_EXPONENTS ( 1.000000000000000000, 0.0000000000000000000, 0.0000000000000000000, 0.0000000000000000000, 0.0000000000000000000, 0.0000000000000000000, 0.0000000000000000000 ) ;
#2443 = VECTOR ( 'NONE', #5664, 39.37007874015748100 ) ;
#2444 = LINE ( 'NONE', #1700, #5618 ) ;
#2445 = VERTEX_POINT ( 'NONE', #5197 ) ;
#2446 = VECTOR ( 'NONE', #1780, 39.37007874015748100 ) ;
#2447 = VERTEX_POINT ( 'NONE', #3154 ) ;
#2448 = CARTESIAN_POINT ( 'NONE',  ( -0.01546456692913367200, 0.08999999999999717900, 0.06014960629919775100 ) ) ;
#2449 = SURFACE_SIDE_STYLE ('',( #3252 ) ) ;
#2450 = VERTEX_POINT ( 'NONE', #6206 ) ;
#2451 = DIRECTION ( 'NONE',  ( 0.0000000000000000000, -2.775557561562895000E-017, 1.000000000000000000 ) ) ;
#2452 = DIRECTION ( 'NONE',  ( -1.000000000000000000, 0.0000000000000000000, 0.0000000000000000000 ) ) ;
#2453 = AXIS2_PLACEMENT_3D ( 'NONE', #1715, #5397, #6389 ) ;
#2454 = LINE ( 'NONE', #2950, #1066 ) ;
#2455 = LINE ( 'NONE', #1608, #4642 ) ;
#2456 = ADVANCED_FACE ( 'NONE', ( #1483 ), #3180, .F. ) ;
#2457 = ORIENTED_EDGE ( 'NONE', *, *, #3781, .T. ) ;
#2458 = EDGE_LOOP ( 'NONE', ( #6240, #3158, #3272, #475 ) ) ;
#2459 = ORIENTED_EDGE ( 'NONE', *, *, #5646, .T. ) ;
#2460 = CARTESIAN_POINT ( 'NONE',  ( 0.5300000000030883300, -0.1300000000021914500, 1.365923996832131600E-016 ) ) ;
#2461 =( NAMED_UNIT ( * ) PLANE_ANGLE_UNIT ( ) SI_UNIT ( $, .RADIAN. ) );
#2462 = FACE_OUTER_BOUND ( 'NONE', #429, .T. ) ;
#2463 = DIRECTION ( 'NONE',  ( 0.0000000000000000000, 0.0000000000000000000, 1.000000000000000000 ) ) ;
#2464 = EDGE_CURVE ( 'NONE', #4640, #1114, #3831, .T. ) ;
#2465 = ORIENTED_EDGE ( 'NONE', *, *, #3318, .F. ) ;
#2466 = SURFACE_STYLE_USAGE ( .BOTH. , #1343 ) ;
#2467 = CARTESIAN_POINT ( 'NONE',  ( 0.2505039370078740400, 0.02700787401574803900, -0.07301574803150691400 ) ) ;
#2468 = FACE_OUTER_BOUND ( 'NONE', #2285, .T. ) ;
#2469 = DIRECTION ( 'NONE',  ( -1.127570259384924600E-016, 1.000000000000000000, 2.220446049250313100E-016 ) ) ;
#2470 = VERTEX_POINT ( 'NONE', #1051 ) ;
#2471 = ORIENTED_EDGE ( 'NONE', *, *, #4530, .F. ) ;
#2472 = VERTEX_POINT ( 'NONE', #2664 ) ;
#2473 = ORIENTED_EDGE ( 'NONE', *, *, #5870, .T. ) ;
#2474 = MECHANICAL_DESIGN_GEOMETRIC_PRESENTATION_REPRESENTATION (  '', ( #6303 ), #1304 ) ;
#2475 = PLANE ( 'NONE',  #946 ) ;
#2476 = DIRECTION ( 'NONE',  ( 0.0000000000000000000, 0.0000000000000000000, -1.000000000000000000 ) ) ;
#2477 = EDGE_CURVE ( 'NONE', #4324, #2095, #1646, .T. ) ;
#2478 = VERTEX_POINT ( 'NONE', #6305 ) ;
#2479 = LINE ( 'NONE', #4796, #2555 ) ;
#2480 = ORIENTED_EDGE ( 'NONE', *, *, #2702, .T. ) ;
#2481 = PRESENTATION_LAYER_ASSIGNMENT (  '', '', ( #2005 ) ) ;
#2482 = CARTESIAN_POINT ( 'NONE',  ( -0.6500000000000000200, 0.08999999999999991300, 0.4499999999999991800 ) ) ;
#2483 = CARTESIAN_POINT ( 'NONE',  ( -0.3419999999999989700, 0.1559999999999993100, 0.3342125984251971300 ) ) ;
#2484 = EDGE_CURVE ( 'NONE', #1114, #5494, #5449, .T. ) ;
#2485 =( CONVERSION_BASED_UNIT ( 'INCH', #135 ) LENGTH_UNIT ( ) NAMED_UNIT ( #4232 ) );
#2486 = ORIENTED_EDGE ( 'NONE', *, *, #465, .F. ) ;
#2487 = ADVANCED_FACE ( 'NONE', ( #1321 ), #3624, .T. ) ;
#2488 = FILL_AREA_STYLE_COLOUR ( '', #6420 ) ;
#2489 = CARTESIAN_POINT ( 'NONE',  ( -0.5750675341375365300, 0.08401010114738473300, 0.02792394578861947000 ) ) ;
#2490 = AXIS2_PLACEMENT_3D ( 'NONE', #2672, #568, #34 ) ;
#2491 = LINE ( 'NONE', #1991, #5835 ) ;
#2492 = VERTEX_POINT ( 'NONE', #2098 ) ;
#2493 =( GEOMETRIC_REPRESENTATION_CONTEXT ( 3 ) GLOBAL_UNCERTAINTY_ASSIGNED_CONTEXT ( ( #213 ) ) GLOBAL_UNIT_ASSIGNED_CONTEXT ( ( #2393, #2461, #6033 ) ) REPRESENTATION_CONTEXT ( 'NONE', 'WORKASPACE' ) );
#2494 = LINE ( 'NONE', #6188, #2331 ) ;
#2495 = DIRECTION ( 'NONE',  ( 0.0000000000000000000, 0.0000000000000000000, 1.000000000000000000 ) ) ;
#2496 = DIRECTION ( 'NONE',  ( -1.117039367744597100E-032, 1.000000000000000000, 0.0000000000000000000 ) ) ;
#2497 = DIRECTION ( 'NONE',  ( -3.074593178701605300E-063, 1.000000000000000000, -4.515903254171773800E-047 ) ) ;
#2498 = LINE ( 'NONE', #616, #4937 ) ;
#2499 = CARTESIAN_POINT ( 'NONE',  ( -0.5383137692791073500, 0.009375000000000141900, -0.2650000000000000100 ) ) ;
#2500 = EDGE_CURVE ( 'NONE', #1736, #912, #2205, .T. ) ;
#2501 = ADVANCED_FACE ( 'NONE', ( #5955 ), #27, .F. ) ;
#2502 = DIRECTION ( 'NONE',  ( 0.0000000000000000000, 1.000000000000000000, 1.942890293094024200E-016 ) ) ;
#2503 = DIRECTION ( 'NONE',  ( -0.0000000000000000000, -1.000000000000000000, -0.0000000000000000000 ) ) ;
#2504 = VECTOR ( 'NONE', #4194, 39.37007874015748100 ) ;
#2505 = CIRCLE ( 'NONE', #2923, 0.03099999999999985400 ) ;
#2506 = ORIENTED_EDGE ( 'NONE', *, *, #2753, .T. ) ;
#2507 = DIRECTION ( 'NONE',  ( 2.465190328815661900E-032, 1.000000000000000000, 0.0000000000000000000 ) ) ;
#2508 = CARTESIAN_POINT ( 'NONE',  ( -0.5139999999999999000, 1.451294246634139900E-016, -0.2800000000000000800 ) ) ;
#2509 = CARTESIAN_POINT ( 'NONE',  ( -0.5500000000000000400, 0.009375000000000070800, 0.3350000000000004100 ) ) ;
#2510 =( BOUNDED_CURVE ( )  B_SPLINE_CURVE ( 3, ( #5332, #5781, #1787, #2252 ),
 .UNSPECIFIED., .F., .F. ) 
 B_SPLINE_CURVE_WITH_KNOTS ( ( 4, 4 ),
 ( 5.182699915743492100, 6.283185307179586200 ),
 .UNSPECIFIED. ) 
 CURVE ( )  GEOMETRIC_REPRESENTATION_ITEM ( )  RATIONAL_B_SPLINE_CURVE ( ( 1.000000000000000000, 0.9015984286673655000, 0.9015984286673655000, 1.000000000000000000 ) ) 
 REPRESENTATION_ITEM ( '' )  );
#2511 = CARTESIAN_POINT ( 'NONE',  ( -0.5720449671064656800, 0.005993953971255769200, -0.3295903263540092000 ) ) ;
#2512 = CARTESIAN_POINT ( 'NONE',  ( -0.5500000000000000400, -7.803833321245944500E-018, 0.2800000000000001900 ) ) ;
#2513 = CARTESIAN_POINT ( 'NONE',  ( 0.5500000000000000400, 1.366340519544186900E-016, -0.01999999999999992400 ) ) ;
#2514 = LENGTH_MEASURE_WITH_UNIT ( LENGTH_MEASURE( 0.02539999999999999900 ), #5207 );
#2515 = CARTESIAN_POINT ( 'NONE',  ( -0.05907086614172500600, 0.1559999999999936400, -0.4500000000000011200 ) ) ;
#2516 = AXIS2_PLACEMENT_3D ( 'NONE', #2075, #4185, #1028 ) ;
#2517 = ADVANCED_FACE ( 'NONE', ( #4244 ), #470, .F. ) ;
#2518 = CARTESIAN_POINT ( 'NONE',  ( 0.1514960629921258700, 0.02700787401574809100, -0.1990000000000020900 ) ) ;
#2519 = EDGE_CURVE ( 'NONE', #4413, #2875, #4638, .T. ) ;
#2520 = FACE_OUTER_BOUND ( 'NONE', #244, .T. ) ;
#2521 = VECTOR ( 'NONE', #3459, 39.37007874015748100 ) ;
#2522 = ORIENTED_EDGE ( 'NONE', *, *, #5034, .F. ) ;
#2523 = VECTOR ( 'NONE', #2406, 39.37007874015748100 ) ;
#2524 = ORIENTED_EDGE ( 'NONE', *, *, #5750, .F. ) ;
#2525 = VECTOR ( 'NONE', #2076, 39.37007874015748100 ) ;
#2526 = ADVANCED_FACE ( 'NONE', ( #6617 ), #5863, .F. ) ;
#2527 = AXIS2_PLACEMENT_3D ( 'NONE', #405, #4058, #6647 ) ;
#2528 = LINE ( 'NONE', #5885, #4791 ) ;
#2529 = AXIS2_PLACEMENT_3D ( 'NONE', #1845, #2369, #283 ) ;
#2530 = ORIENTED_EDGE ( 'NONE', *, *, #339, .F. ) ;
#2531 = CARTESIAN_POINT ( 'NONE',  ( -0.6500000000000000200, 0.08999999999999498700, -0.2540157480314970700 ) ) ;
#2532 = VERTEX_POINT ( 'NONE', #3242 ) ;
#2533 = VERTEX_POINT ( 'NONE', #3293 ) ;
#2534 = ADVANCED_FACE ( 'NONE', ( #3747 ), #4776, .F. ) ;
#2535 = FILL_AREA_STYLE_COLOUR ( '', #2599 ) ;
#2536 = CARTESIAN_POINT ( 'NONE',  ( 0.5500000000000000400, -0.1299999999999999500, -0.01999999999999970200 ) ) ;
#2537 = EDGE_LOOP ( 'NONE', ( #2604, #3755, #42, #5924 ) ) ;
#2538 = SURFACE_STYLE_USAGE ( .BOTH. , #1595 ) ;
#2539 = ORIENTED_EDGE ( 'NONE', *, *, #4821, .T. ) ;
#2540 = AXIS2_PLACEMENT_3D ( 'NONE', #3977, #1824, #2354 ) ;
#2541 = EDGE_CURVE ( 'NONE', #5389, #2385, #6267, .T. ) ;
#2542 = DIRECTION ( 'NONE',  ( 0.0000000000000000000, 0.0000000000000000000, 1.000000000000000000 ) ) ;
#2543 = ORIENTED_EDGE ( 'NONE', *, *, #725, .F. ) ;
#2544 = VERTEX_POINT ( 'NONE', #1168 ) ;
#2545 = EDGE_LOOP ( 'NONE', ( #3508, #2040, #103, #3352 ) ) ;
#2546 = ORIENTED_EDGE ( 'NONE', *, *, #3801, .T. ) ;
#2547 = DIRECTION ( 'NONE',  ( -6.866538283325406900E-015, -0.0000000000000000000, 1.000000000000000000 ) ) ;
#2548 = DIRECTION ( 'NONE',  ( 0.0000000000000000000, 1.000000000000000000, 0.0000000000000000000 ) ) ;
#2549 = VERTEX_POINT ( 'NONE', #2747 ) ;
#2550 = ORIENTED_EDGE ( 'NONE', *, *, #5894, .F. ) ;
#2551 = ADVANCED_FACE ( 'NONE', ( #3020 ), #2169, .F. ) ;
#2552 = ORIENTED_EDGE ( 'NONE', *, *, #1222, .T. ) ;
#2553 = DIRECTION ( 'NONE',  ( -1.097892830587056500E-017, -1.000000000000000000, -3.218412493826503300E-033 ) ) ;
#2554 = EDGE_LOOP ( 'NONE', ( #5707, #195 ) ) ;
#2555 = VECTOR ( 'NONE', #4822, 39.37007874015748100 ) ;
#2556 = AXIS2_PLACEMENT_3D ( 'NONE', #3735, #2241, #5293 ) ;
#2557 = FILL_AREA_STYLE ('',( #2535 ) ) ;
#2558 = CARTESIAN_POINT ( 'NONE',  ( 0.5699999999969117500, -0.1300000000021914700, 1.390416932811296800E-016 ) ) ;
#2559 = EDGE_CURVE ( 'NONE', #4813, #830, #3911, .T. ) ;
#2560 = CARTESIAN_POINT ( 'NONE',  ( -0.3419999999999992500, 0.2544251968503937800, 0.1002125984251970400 ) ) ;
#2561 = ORIENTED_EDGE ( 'NONE', *, *, #4484, .F. ) ;
#2562 = ORIENTED_EDGE ( 'NONE', *, *, #5007, .F. ) ;
#2563 = CARTESIAN_POINT ( 'NONE',  ( 0.3315039370078740600, 0.02700787401574811200, -0.1990000000000075600 ) ) ;
#2564 = AXIS2_PLACEMENT_3D ( 'NONE', #5307, #1644, #5260 ) ;
#2565 = ADVANCED_FACE ( 'NONE', ( #3246 ), #649, .F. ) ;
#2566 = LINE ( 'NONE', #6712, #5325 ) ;
#2567 = EDGE_CURVE ( 'NONE', #941, #4912, #2528, .T. ) ;
#2568 = AXIS2_PLACEMENT_3D ( 'NONE', #6124, #4079, #964 ) ;
#2569 = CIRCLE ( 'NONE', #5570, 0.01133974596105133800 ) ;
#2570 =( LENGTH_UNIT ( ) NAMED_UNIT ( * ) SI_UNIT ( $, .METRE. ) );
#2571 =( GEOMETRIC_REPRESENTATION_CONTEXT ( 3 ) GLOBAL_UNCERTAINTY_ASSIGNED_CONTEXT ( ( #5553 ) ) GLOBAL_UNIT_ASSIGNED_CONTEXT ( ( #1229, #3805, #173 ) ) REPRESENTATION_CONTEXT ( 'NONE', 'WORKASPACE' ) );
#2572 = DIRECTION ( 'NONE',  ( -8.537024980547505500E-016, 1.000000000000000000, 0.0000000000000000000 ) ) ;
#2573 = DIRECTION ( 'NONE',  ( -2.203103220696994600E-015, 0.0000000000000000000, 1.000000000000000000 ) ) ;
#2574 = VECTOR ( 'NONE', #6102, 39.37007874015748100 ) ;
#2575 = LINE ( 'NONE', #748, #372 ) ;
#2576 = CARTESIAN_POINT ( 'NONE',  ( 0.5603070866141748300, 0.2347401574803148800, 0.2419370078740151800 ) ) ;
#2577 = DIRECTION ( 'NONE',  ( 0.0000000000000000000, 1.000000000000000000, 3.132540046889706200E-016 ) ) ;
#2578 = ORIENTED_EDGE ( 'NONE', *, *, #5525, .F. ) ;
#2579 = VERTEX_POINT ( 'NONE', #2771 ) ;
#2580 = ADVANCED_FACE ( 'NONE', ( #1146 ), #6377, .F. ) ;
#2581 = DIRECTION ( 'NONE',  ( 0.0000000000000000000, 0.0000000000000000000, -1.000000000000000000 ) ) ;
#2582 = VECTOR ( 'NONE', #3184, 39.37007874015748100 ) ;
#2583 = LINE ( 'NONE', #1995, #1948 ) ;
#2584 = EDGE_CURVE ( 'NONE', #830, #4023, #2121, .T. ) ;
#2585 = CARTESIAN_POINT ( 'NONE',  ( 0.5787228132326902600, 1.367411192677013100E-016, 0.02000000000000012900 ) ) ;
#2586 = ORIENTED_EDGE ( 'NONE', *, *, #2897, .F. ) ;
#2587 = DIRECTION ( 'NONE',  ( 0.0000000000000000000, -2.220446049250313100E-016, 1.000000000000000000 ) ) ;
#2588 = ADVANCED_FACE ( 'NONE', ( #2363 ), #1067, .T. ) ;
#2589 = DIRECTION ( 'NONE',  ( 5.551115123125788900E-017, 0.0000000000000000000, -1.000000000000000000 ) ) ;
#2590 = VECTOR ( 'NONE', #6256, 39.37007874015748100 ) ;
#2591 = CARTESIAN_POINT ( 'NONE',  ( 0.5500000000000000400, -0.1299999999999999500, 2.048885995248197400E-016 ) ) ;
#2592 = CARTESIAN_POINT ( 'NONE',  ( 0.5500000000000021500, 0.0000000000000000000, 0.2689999999999846400 ) ) ;
#2593 = EDGE_CURVE ( 'NONE', #1590, #4990, #5115, .T. ) ;
#2594 = ADVANCED_FACE ( 'NONE', ( #640 ), #6030, .T. ) ;
#2595 = CARTESIAN_POINT ( 'NONE',  ( -0.6500000000000000200, 0.08999999999999688800, 0.01586072192556187800 ) ) ;
#2596 = VERTEX_POINT ( 'NONE', #2256 ) ;
#2597 = PLANE ( 'NONE',  #5108 ) ;
#2598 = DIRECTION ( 'NONE',  ( 0.0000000000000000000, -6.982962677686265900E-015, -1.000000000000000000 ) ) ;
#2599 = COLOUR_RGB ( '',1.000000000000000000, 0.8117647058823529400, 0.5019607843137254800 ) ;
#2600 = VECTOR ( 'NONE', #1303, 39.37007874015748100 ) ;
#2601 = VECTOR ( 'NONE', #2650, 39.37007874015748100 ) ;
#2602 = DIRECTION ( 'NONE',  ( -3.491481338843133000E-015, 0.0000000000000000000, 1.000000000000000000 ) ) ;
#2603 = EDGE_CURVE ( 'NONE', #4098, #4807, #809, .T. ) ;
#2604 = ORIENTED_EDGE ( 'NONE', *, *, #2175, .F. ) ;
#2605 = EDGE_CURVE ( 'NONE', #5450, #840, #6442, .T. ) ;
#2606 = ORIENTED_EDGE ( 'NONE', *, *, #1200, .T. ) ;
#2607 = CARTESIAN_POINT ( 'NONE',  ( -0.5499999999999998200, -0.1450000000001269400, -0.2999999999999999900 ) ) ;
#2608 = FACE_OUTER_BOUND ( 'NONE', #3834, .T. ) ;
#2609 = CARTESIAN_POINT ( 'NONE',  ( 0.5212771867673098300, -1.683221576221906900E-017, -0.1300000000000000600 ) ) ;
#2610 = EDGE_LOOP ( 'NONE', ( #1294, #3580, #2094, #3641 ) ) ;
#2611 = CARTESIAN_POINT ( 'NONE',  ( -0.5500000000000000400, -0.1300000000000000900, 0.3000000000000003800 ) ) ;
#2612 = PRESENTATION_LAYER_ASSIGNMENT (  '', '', ( #3265 ) ) ;
#2613 = EDGE_LOOP ( 'NONE', ( #4837, #1173, #6461, #1782 ) ) ;
#2614 = ADVANCED_FACE ( 'NONE', ( #2045 ), #721, .F. ) ;
#2615 = CARTESIAN_POINT ( 'NONE',  ( 0.2505039370078740400, 0.02700787401574803900, -0.07301574803150691400 ) ) ;
#2616 = EDGE_LOOP ( 'NONE', ( #1828, #4795, #1743, #4259, #4521 ) ) ;
#2617 = DIRECTION ( 'NONE',  ( -1.000000000000000000, -7.642902470268426100E-016, 0.0000000000000000000 ) ) ;
#2618 = ORIENTED_EDGE ( 'NONE', *, *, #3301, .T. ) ;
#2619 = CARTESIAN_POINT ( 'NONE',  ( -0.5500000000000000400, 0.7811982419601923900, 0.3000000000000003800 ) ) ;
#2620 = DIRECTION ( 'NONE',  ( 6.908717808691271800E-017, 1.000000000000000000, -2.393324509725687000E-016 ) ) ;
#2621 = EDGE_LOOP ( 'NONE', ( #6616, #902, #698, #1509 ) ) ;
#2622 = EDGE_LOOP ( 'NONE', ( #3103, #1953, #2904 ) ) ;
#2623 = EDGE_CURVE ( 'NONE', #2698, #1408, #2691, .T. ) ;
#2624 = ORIENTED_EDGE ( 'NONE', *, *, #6029, .F. ) ;
#2625 = VERTEX_POINT ( 'NONE', #4361 ) ;
#2626 = PLANE ( 'NONE',  #2490 ) ;
#2627 = DIRECTION ( 'NONE',  ( 0.0000000000000000000, -6.982962677686265900E-015, -1.000000000000000000 ) ) ;
#2628 = ORIENTED_EDGE ( 'NONE', *, *, #2477, .F. ) ;
#2629 = VECTOR ( 'NONE', #211, 39.37007874015748100 ) ;
#2630 =( BOUNDED_CURVE ( )  B_SPLINE_CURVE ( 3, ( #3555, #3622, #2489, #4644 ),
 .UNSPECIFIED., .F., .T. ) 
 B_SPLINE_CURVE_WITH_KNOTS ( ( 4, 4 ),
 ( 1.630880005458205500E-016, 1.100485391436081700 ),
 .UNSPECIFIED. ) 
 CURVE ( )  GEOMETRIC_REPRESENTATION_ITEM ( )  RATIONAL_B_SPLINE_CURVE ( ( 1.000000000000000000, 0.9015984286673675000, 0.9015984286673675000, 1.000000000000000000 ) ) 
 REPRESENTATION_ITEM ( '' )  );
#2631 = ADVANCED_FACE ( 'NONE', ( #5048 ), #3364, .F. ) ;
#2632 = VERTEX_POINT ( 'NONE', #4952 ) ;
#2633 = PLANE ( 'NONE',  #6448 ) ;
#2634 = DIRECTION ( 'NONE',  ( -0.0000000000000000000, -1.000000000000000000, 0.0000000000000000000 ) ) ;
#2635 = DIRECTION ( 'NONE',  ( 1.000000000000000000, -0.0000000000000000000, 0.0000000000000000000 ) ) ;
#2636 = VECTOR ( 'NONE', #2153, 39.37007874015748100 ) ;
#2637 = ORIENTED_EDGE ( 'NONE', *, *, #4367, .F. ) ;
#2638 = DIRECTION ( 'NONE',  ( 1.000000000000000000, -0.0000000000000000000, 6.982962677686265900E-015 ) ) ;
#2639 =( NAMED_UNIT ( * ) PLANE_ANGLE_UNIT ( ) SI_UNIT ( $, .RADIAN. ) );
#2640 = ORIENTED_EDGE ( 'NONE', *, *, #1528, .T. ) ;
#2641 = VECTOR ( 'NONE', #1603, 39.37007874015748100 ) ;
#2642 = VERTEX_POINT ( 'NONE', #6490 ) ;
#2643 = UNCERTAINTY_MEASURE_WITH_UNIT (LENGTH_MEASURE( 1.000000000000000100E-005 ), #5470, 'distance_accuracy_value', 'NONE');
#2644 = DIRECTION ( 'NONE',  ( -6.866538283325406900E-015, -0.0000000000000000000, 1.000000000000000000 ) ) ;
#2645 = PLANE ( 'NONE',  #540 ) ;
#2646 = DIRECTION ( 'NONE',  ( 0.0000000000000000000, 0.0000000000000000000, -1.000000000000000000 ) ) ;
#2647 = ADVANCED_FACE ( 'NONE', ( #4717 ), #3315, .F. ) ;
#2648 = VECTOR ( 'NONE', #6120, 39.37007874015748900 ) ;
#2649 = CARTESIAN_POINT ( 'NONE',  ( 0.5500000000000000400, 0.09000000000000001100, -0.1499999999999999100 ) ) ;
#2650 = DIRECTION ( 'NONE',  ( -0.0000000000000000000, 6.982962677686265900E-015, 1.000000000000000000 ) ) ;
#2651 = AXIS2_PLACEMENT_3D ( 'NONE', #6039, #2983, #3393 ) ;
#2652 = CARTESIAN_POINT ( 'NONE',  ( 0.5383137692791075700, 0.009375000000000013500, -0.1149999999999998900 ) ) ;
#2653 = COLOUR_RGB ( '',0.5882352941176470800, 0.2941176470588235400, 0.0000000000000000000 ) ;
#2654 = AXIS2_PLACEMENT_3D ( 'NONE', #5806, #84, #3726 ) ;
#2655 = AXIS2_PLACEMENT_3D ( 'NONE', #756, #683, #1227 ) ;
#2656 = SURFACE_STYLE_FILL_AREA ( #6082 ) ;
#2657 = ORIENTED_EDGE ( 'NONE', *, *, #6307, .T. ) ;
#2658 = CLOSED_SHELL ( 'NONE', ( #5484, #1025, #2998, #5593, #3151, #3026, #23, #5231, #6484, #2614, #4440, #6099, #915, #4647 ) ) ;
#2659 = PLANE ( 'NONE',  #1274 ) ;
#2660 = ORIENTED_EDGE ( 'NONE', *, *, #484, .T. ) ;
#2661 = VERTEX_POINT ( 'NONE', #6444 ) ;
#2662 = PLANE ( 'NONE',  #1395 ) ;
#2663 = VECTOR ( 'NONE', #821, 39.37007874015748100 ) ;
#2664 = CARTESIAN_POINT ( 'NONE',  ( 0.5811999599358713700, 0.08999999999999851200, 0.01586072192556194400 ) ) ;
#2665 = EDGE_LOOP ( 'NONE', ( #2681, #1258, #2212, #2403 ) ) ;
#2666 = AXIS2_PLACEMENT_3D ( 'NONE', #2611, #5780, #4166 ) ;
#2667 = DIRECTION ( 'NONE',  ( -1.339141173364834400E-015, 0.0000000000000000000, 1.000000000000000000 ) ) ;
#2668 = DIRECTION ( 'NONE',  ( 0.0000000000000000000, -6.982962677686265900E-015, -1.000000000000000000 ) ) ;
#2669 = CARTESIAN_POINT ( 'NONE',  ( 0.08850393700787395600, 0.02700787401574809100, -0.1990000000000020900 ) ) ;
#2670 = FACE_OUTER_BOUND ( 'NONE', #4931, .T. ) ;
#2671 = CARTESIAN_POINT ( 'NONE',  ( 0.5500000000000000400, 0.08049654212842402600, -0.03499999999999979500 ) ) ;
#2672 = CARTESIAN_POINT ( 'NONE',  ( -0.4679842519685032400, 0.2544251968503936600, 0.2192125984251971100 ) ) ;
#2673 = VECTOR ( 'NONE', #4780, 39.37007874015748100 ) ;
#2674 = CARTESIAN_POINT ( 'NONE',  ( -0.3420157480314957600, 0.2544251968503935500, -0.2242125984252099900 ) ) ;
#2675 = CARTESIAN_POINT ( 'NONE',  ( 0.5500000000000000400, 1.377165188170212100E-017, -0.1500000000000000500 ) ) ;
#2676 = CARTESIAN_POINT ( 'NONE',  ( 0.3134960629921259600, 0.02700787401574809800, -0.2540157480314970700 ) ) ;
#2677 = EDGE_LOOP ( 'NONE', ( #3228, #4394, #6162, #324 ) ) ;
#2678 = CARTESIAN_POINT ( 'NONE',  ( -0.5499999999999998200, 0.08049654212842387300, -0.2649999999999999600 ) ) ;
#2679 = VECTOR ( 'NONE', #4365, 39.37007874015748100 ) ;
#2680 = VECTOR ( 'NONE', #5377, 39.37007874015748100 ) ;
#2681 = ORIENTED_EDGE ( 'NONE', *, *, #6441, .F. ) ;
#2682 = ADVANCED_FACE ( 'NONE', ( #3666 ), #770, .F. ) ;
#2683 = FACE_OUTER_BOUND ( 'NONE', #2738, .T. ) ;
#2684 = PRESENTATION_LAYER_ASSIGNMENT (  '', '', ( #2337 ) ) ;
#2685 = ORIENTED_EDGE ( 'NONE', *, *, #6359, .T. ) ;
#2686 = DIRECTION ( 'NONE',  ( 8.382609021623082900E-017, 1.000000000000000000, -7.593382088906476400E-017 ) ) ;
#2687 = FACE_OUTER_BOUND ( 'NONE', #6684, .T. ) ;
#2688 = DIRECTION ( 'NONE',  ( 1.000000000000000000, 0.0000000000000000000, -0.0000000000000000000 ) ) ;
#2689 = EDGE_CURVE ( 'NONE', #1814, #6186, #3333, .T. ) ;
#2690 = FACE_OUTER_BOUND ( 'NONE', #3535, .T. ) ;
#2691 = LINE ( 'NONE', #1769, #984 ) ;
#2692 = PLANE ( 'NONE',  #6507 ) ;
#2693 = ORIENTED_EDGE ( 'NONE', *, *, #6545, .T. ) ;
#2694 = CARTESIAN_POINT ( 'NONE',  ( -0.5999999999999999800, 0.1559999999999937000, -0.4500000000000011200 ) ) ;
#2695 = ORIENTED_EDGE ( 'NONE', *, *, #1000, .F. ) ;
#2696 = DIRECTION ( 'NONE',  ( -7.609124414747466000E-017, -0.8956625937653934800, -0.4447342106578354200 ) ) ;
#2697 = CARTESIAN_POINT ( 'NONE',  ( -0.5500000000000000400, -0.1449999999978890400, 0.3000000000000003800 ) ) ;
#2698 = VERTEX_POINT ( 'NONE', #5945 ) ;
#2699 = PRESENTATION_LAYER_ASSIGNMENT (  '', '', ( #3043 ) ) ;
#2700 = DIRECTION ( 'NONE',  ( 5.473822126268816700E-048, -1.349401336733507000E-079, 1.000000000000000000 ) ) ;
#2701 = VECTOR ( 'NONE', #6289, 39.37007874015748100 ) ;
#2702 = EDGE_CURVE ( 'NONE', #1649, #2976, #2290, .T. ) ;
#2703 = AXIS2_PLACEMENT_3D ( 'NONE', #6385, #2219, #4389 ) ;
#2704 = ORIENTED_EDGE ( 'NONE', *, *, #5646, .F. ) ;
#2705 = PLANE ( 'NONE',  #4742 ) ;
#2706 = ORIENTED_EDGE ( 'NONE', *, *, #4200, .F. ) ;
#2707 = DIRECTION ( 'NONE',  ( 0.0000000000000000000, 0.5299989400031777100, -0.8479983040050892400 ) ) ;
#2708 = CARTESIAN_POINT ( 'NONE',  ( 0.5952071620431987900, 0.08999999999999869200, 0.2763925329609275800 ) ) ;
#2709 = EDGE_LOOP ( 'NONE', ( #4015, #2459, #2423, #1741 ) ) ;
#2710 = LINE ( 'NONE', #1765, #1739 ) ;
#2711 = AXIS2_PLACEMENT_3D ( 'NONE', #2563, #1486, #4133 ) ;
#2712 = ORIENTED_EDGE ( 'NONE', *, *, #2003, .F. ) ;
#2713 = CARTESIAN_POINT ( 'NONE',  ( -0.5188000400641285000, 0.08999999999999745700, -0.2841392780744382800 ) ) ;
#2714 = ORIENTED_EDGE ( 'NONE', *, *, #1922, .F. ) ;
#2715 = ORIENTED_EDGE ( 'NONE', *, *, #29, .T. ) ;
#2716 = ORIENTED_EDGE ( 'NONE', *, *, #5583, .T. ) ;
#2717 = AXIS2_PLACEMENT_3D ( 'NONE', #1019, #5137, #519 ) ;
#2718 = CARTESIAN_POINT ( 'NONE',  ( 0.5338300809212513900, 0.01000000000000000000, 0.3509999999999846000 ) ) ;
#2719 = LINE ( 'NONE', #4893, #274 ) ;
#2720 = CARTESIAN_POINT ( 'NONE',  ( 0.5811999599358715900, 0.09000000000000013500, -0.01586072192556180900 ) ) ;
#2721 = ORIENTED_EDGE ( 'NONE', *, *, #3574, .T. ) ;
#2722 = DIRECTION ( 'NONE',  ( 1.604619215278546300E-017, 1.000000000000000000, 2.775557561562891400E-017 ) ) ;
#2723 = VERTEX_POINT ( 'NONE', #1265 ) ;
#2724 = DIRECTION ( 'NONE',  ( 0.0000000000000000000, 1.000000000000000000, 0.0000000000000000000 ) ) ;
#2725 = CARTESIAN_POINT ( 'NONE',  ( -0.5500000000000000400, 0.7811982419601926100, -0.2999999999999998800 ) ) ;
#2726 = DIRECTION ( 'NONE',  ( -1.000000000000000000, -0.0000000000000000000, -0.0000000000000000000 ) ) ;
#2727 = ORIENTED_EDGE ( 'NONE', *, *, #6370, .F. ) ;
#2728 = FACE_OUTER_BOUND ( 'NONE', #4152, .T. ) ;
#2729 = EDGE_CURVE ( 'NONE', #307, #2470, #4574, .T. ) ;
#2730 = CARTESIAN_POINT ( 'NONE',  ( 0.3134960629921260700, 0.08999999999999626400, -0.07301574803150684400 ) ) ;
#2731 = UNCERTAINTY_MEASURE_WITH_UNIT (LENGTH_MEASURE( 1.000000000000000100E-005 ), #1272, 'distance_accuracy_value', 'NONE');
#2732 = CIRCLE ( 'NONE', #1718, 0.01999999999999990700 ) ;
#2733 = ORIENTED_EDGE ( 'NONE', *, *, #1452, .F. ) ;
#2734 = PLANE ( 'NONE',  #96 ) ;
#2735 = CARTESIAN_POINT ( 'NONE',  ( 0.5787228132326903700, 1.675333338825728900E-017, -0.1300000000000000600 ) ) ;
#2736 = ORIENTED_EDGE ( 'NONE', *, *, #4200, .T. ) ;
#2737 = LINE ( 'NONE', #3354, #846 ) ;
#2738 = EDGE_LOOP ( 'NONE', ( #5785, #272, #2733, #3756 ) ) ;
#2739 = DIRECTION ( 'NONE',  ( 1.000000000000000000, 0.0000000000000000000, 0.0000000000000000000 ) ) ;
#2740 = CARTESIAN_POINT ( 'NONE',  ( -0.5500000000000000400, -5.122214988120493500E-017, 0.3000000000000002700 ) ) ;
#2741 = CARTESIAN_POINT ( 'NONE',  ( -0.5249324658624635600, 0.08401010114738480300, -0.2720760542113804800 ) ) ;
#2742 = EDGE_CURVE ( 'NONE', #2134, #6280, #563, .T. ) ;
#2743 = LINE ( 'NONE', #132, #3786 ) ;
#2744 = VECTOR ( 'NONE', #6737, 39.37007874015748100 ) ;
#2745 = CARTESIAN_POINT ( 'NONE',  ( -0.5787228132326900400, -1.192677865387001700E-017, 0.2800000000000002500 ) ) ;
#2746 = EDGE_LOOP ( 'NONE', ( #2405, #805, #1506, #3029 ) ) ;
#2747 = CARTESIAN_POINT ( 'NONE',  ( 0.5500000000000000400, -4.788128472185423100E-017, -0.1300000000000000600 ) ) ;
#2748 = DIRECTION ( 'NONE',  ( 1.000000000000000000, 1.164136209276901100E-016, -5.780426711295477000E-017 ) ) ;
#2749 = AXIS2_PLACEMENT_3D ( 'NONE', #5425, #5406, #6488 ) ;
#2750 = DIRECTION ( 'NONE',  ( 1.000000000000000000, -0.0000000000000000000, 0.0000000000000000000 ) ) ;
#2751 = FACE_OUTER_BOUND ( 'NONE', #5660, .T. ) ;
#2752 = CIRCLE ( 'NONE', #4497, 0.02233974596276902200 ) ;
#2753 = EDGE_CURVE ( 'NONE', #2875, #4293, #6435, .T. ) ;
#2754 = EDGE_CURVE ( 'NONE', #4686, #2385, #468, .T. ) ;
#2755 = DIRECTION ( 'NONE',  ( -1.000000000000000000, 0.0000000000000000000, -0.0000000000000000000 ) ) ;
#2756 = DIRECTION ( 'NONE',  ( -1.000000000000000000, 8.537024981502855500E-016, 0.0000000000000000000 ) ) ;
#2757 = APPLICATION_CONTEXT ( 'automotive_design' ) ;
#2758 = LINE ( 'NONE', #1149, #5090 ) ;
#2759 = LINE ( 'NONE', #2344, #5336 ) ;
#2760 = CARTESIAN_POINT ( 'NONE',  ( -0.01546456692913367200, 0.05062992125983971400, 0.06014960629919809100 ) ) ;
#2761 =( GEOMETRIC_REPRESENTATION_CONTEXT ( 3 ) GLOBAL_UNCERTAINTY_ASSIGNED_CONTEXT ( ( #2731 ) ) GLOBAL_UNIT_ASSIGNED_CONTEXT ( ( #1272, #5431, #6519 ) ) REPRESENTATION_CONTEXT ( 'NONE', 'WORKASPACE' ) );
#2762 = DIRECTION ( 'NONE',  ( -1.000000000000000000, 1.543697461527646900E-017, 4.284621162108500000E-034 ) ) ;
#2763 = ORIENTED_EDGE ( 'NONE', *, *, #1695, .T. ) ;
#2764 = SURFACE_SIDE_STYLE ('',( #4522 ) ) ;
#2765 = AXIS2_PLACEMENT_3D ( 'NONE', #5100, #1536, #5691 ) ;
#2766 =( GEOMETRIC_REPRESENTATION_CONTEXT ( 3 ) GLOBAL_UNCERTAINTY_ASSIGNED_CONTEXT ( ( #346 ) ) GLOBAL_UNIT_ASSIGNED_CONTEXT ( ( #366, #343, #5510 ) ) REPRESENTATION_CONTEXT ( 'NONE', 'WORKASPACE' ) );
#2767 = VECTOR ( 'NONE', #1887, 39.37007874015748100 ) ;
#2768 = FILL_AREA_STYLE_COLOUR ( '', #4174 ) ;
#2769 = VERTEX_POINT ( 'NONE', #277 ) ;
#2770 = DIRECTION ( 'NONE',  ( -1.000000000000000000, 0.0000000000000000000, -6.982962677686265900E-015 ) ) ;
#2771 = CARTESIAN_POINT ( 'NONE',  ( -0.3419999999999991400, 0.1559999999999975900, 0.1207874015748034000 ) ) ;
#2772 = EDGE_CURVE ( 'NONE', #2824, #2472, #4630, .T. ) ;
#2773 = CARTESIAN_POINT ( 'NONE',  ( -0.5140000000000000100, 0.009999999999999944700, 0.03600000000000003900 ) ) ;
#2774 = CARTESIAN_POINT ( 'NONE',  ( -0.5811999599358717000, 0.08999999999999996900, -0.01586072192556194400 ) ) ;
#2775 = CARTESIAN_POINT ( 'NONE',  ( 0.5386602540389486800, -0.1450000000001269400, 1.365923996832131600E-016 ) ) ;
#2776 = CLOSED_SHELL ( 'NONE', ( #4972, #5741, #2079, #1492, #5212, #6166 ) ) ;
#2777 = CARTESIAN_POINT ( 'NONE',  ( 0.5500000000000000400, -0.1299999999999998100, -0.2999999999999998800 ) ) ;
#2778 =( NAMED_UNIT ( * ) SI_UNIT ( $, .STERADIAN. ) SOLID_ANGLE_UNIT ( ) );
#2779 = CIRCLE ( 'NONE', #2304, 0.01999999999999992400 ) ;
#2780 = CARTESIAN_POINT ( 'NONE',  ( 0.5188000400641282800, 0.09000000000000013500, -0.01586072192556180900 ) ) ;
#2781 = LINE ( 'NONE', #2246, #810 ) ;
#2782 = ORIENTED_EDGE ( 'NONE', *, *, #6218, .F. ) ;
#2783 = EDGE_LOOP ( 'NONE', ( #5765, #5073, #5133, #842 ) ) ;
#2784 = LINE ( 'NONE', #1802, #5625 ) ;
#2785 = STYLED_ITEM ( 'NONE', ( #6751 ), #4281 ) ;
#2786 = DIRECTION ( 'NONE',  ( -1.000000000000000000, -0.0000000000000000000, 0.0000000000000000000 ) ) ;
#2787 = CARTESIAN_POINT ( 'NONE',  ( -0.2901417322834637900, 0.1559999999999936400, -0.4500000000000011200 ) ) ;
#2788 = ORIENTED_EDGE ( 'NONE', *, *, #6570, .T. ) ;
#2789 = PLANE ( 'NONE',  #5710 ) ;
#2790 = EDGE_CURVE ( 'NONE', #1417, #2661, #3972, .T. ) ;
#2791 = VERTEX_POINT ( 'NONE', #2871 ) ;
#2792 = DIRECTION ( 'NONE',  ( -0.0000000000000000000, -0.0000000000000000000, 1.000000000000000000 ) ) ;
#2793 = PLANE ( 'NONE',  #1585 ) ;
#2794 = SURFACE_SIDE_STYLE ('',( #4060 ) ) ;
#2795 = CARTESIAN_POINT ( 'NONE',  ( -0.5811999599358717000, 0.08999999999999946900, 0.3158607219255620800 ) ) ;
#2796 = ORIENTED_EDGE ( 'NONE', *, *, #2106, .T. ) ;
#2797 = EDGE_CURVE ( 'NONE', #1682, #570, #5179, .T. ) ;
#2798 = PRESENTATION_LAYER_ASSIGNMENT (  '', '', ( #2439 ) ) ;
#2799 = VERTEX_POINT ( 'NONE', #5451 ) ;
#2800 = LINE ( 'NONE', #5508, #747 ) ;
#2801 = DIRECTION ( 'NONE',  ( 0.0000000000000000000, 6.982962677686265900E-015, 1.000000000000000000 ) ) ;
#2802 = VERTEX_POINT ( 'NONE', #4399 ) ;
#2803 = ORIENTED_EDGE ( 'NONE', *, *, #2519, .F. ) ;
#2804 = DIRECTION ( 'NONE',  ( 1.127570259384924600E-016, -1.000000000000000000, -2.220446049250313100E-016 ) ) ;
#2805 = CARTESIAN_POINT ( 'NONE',  ( 0.6010000000000022000, 0.08999999999999999700, 0.2763925329609311900 ) ) ;
#2806 = VERTEX_POINT ( 'NONE', #3913 ) ;
#2807 = CARTESIAN_POINT ( 'NONE',  ( -0.4679842519685032400, 0.2544251968503937200, -0.01078740157480294300 ) ) ;
#2808 = ORIENTED_EDGE ( 'NONE', *, *, #4621, .F. ) ;
#2809 = ORIENTED_EDGE ( 'NONE', *, *, #3047, .F. ) ;
#2810 = VECTOR ( 'NONE', #2816, 39.37007874015748100 ) ;
#2811 = ORIENTED_EDGE ( 'NONE', *, *, #960, .T. ) ;
#2812 = AXIS2_PLACEMENT_3D ( 'NONE', #2151, #5319, #5791 ) ;
#2813 = CARTESIAN_POINT ( 'NONE',  ( 0.2505039370078740400, 0.02700787401574812300, -0.3800000000000012300 ) ) ;
#2814 = FACE_OUTER_BOUND ( 'NONE', #746, .T. ) ;
#2815 = CARTESIAN_POINT ( 'NONE',  ( 0.5500000000000000400, 1.369951672159031700E-016, -0.2999999999999999900 ) ) ;
#2816 = DIRECTION ( 'NONE',  ( 1.000000000000000000, 0.0000000000000000000, 0.0000000000000000000 ) ) ;
#2817 = PLANE ( 'NONE',  #6063 ) ;
#2818 = EDGE_CURVE ( 'NONE', #3040, #3373, #3640, .T. ) ;
#2819 = DIRECTION ( 'NONE',  ( 1.127570259384924600E-016, -1.000000000000000000, -2.220446049250313100E-016 ) ) ;
#2820 = ORIENTED_EDGE ( 'NONE', *, *, #146, .T. ) ;
#2821 = FACE_OUTER_BOUND ( 'NONE', #2927, .T. ) ;
#2822 = VERTEX_POINT ( 'NONE', #4509 ) ;
#2823 = CARTESIAN_POINT ( 'NONE',  ( -0.6500000000000000200, 0.08999999999999362700, -0.4500000000000007300 ) ) ;
#2824 = VERTEX_POINT ( 'NONE', #4980 ) ;
#2825 = VECTOR ( 'NONE', #5503, 39.37007874015748100 ) ;
#2826 = ORIENTED_EDGE ( 'NONE', *, *, #1360, .T. ) ;
#2827 = DIRECTION ( 'NONE',  ( -1.000000000000000000, -0.0000000000000000000, -0.0000000000000000000 ) ) ;
#2828 = EDGE_CURVE ( 'NONE', #581, #307, #702, .T. ) ;
#2829 = DIRECTION ( 'NONE',  ( 8.998862438468698800E-017, -1.000000000000000000, -1.817932429810993200E-016 ) ) ;
#2830 = CARTESIAN_POINT ( 'NONE',  ( 0.5300000000018230100, -0.1299999999999999500, 1.365923996832131600E-016 ) ) ;
#2831 = LINE ( 'NONE', #1267, #2022 ) ;
#2832 = CARTESIAN_POINT ( 'NONE',  ( -0.3420157480314957600, 0.2544251968503935500, -0.1257874015748162700 ) ) ;
#2833 = ORIENTED_EDGE ( 'NONE', *, *, #6675, .T. ) ;
#2834 = AXIS2_PLACEMENT_3D ( 'NONE', #2083, #1569, #2577 ) ;
#2835 = ORIENTED_EDGE ( 'NONE', *, *, #5526, .T. ) ;
#2836 = ADVANCED_FACE ( 'NONE', ( #1191 ), #1126, .T. ) ;
#2837 = EDGE_CURVE ( 'NONE', #5605, #1261, #1967, .T. ) ;
#2838 = LINE ( 'NONE', #520, #5513 ) ;
#2839 = EDGE_CURVE ( 'NONE', #1512, #1261, #4678, .T. ) ;
#2840 = CARTESIAN_POINT ( 'NONE',  ( -0.6500000000000000200, 0.1559999999999959500, 0.4499999999999989600 ) ) ;
#2841 = LINE ( 'NONE', #5489, #3146 ) ;
#2842 = SURFACE_SIDE_STYLE ('',( #6244 ) ) ;
#2843 = ORIENTED_EDGE ( 'NONE', *, *, #4820, .F. ) ;
#2844 = CARTESIAN_POINT ( 'NONE',  ( 0.6500000000000000200, 0.1559999999999936400, -0.4500000000000011200 ) ) ;
#2845 = AXIS2_PLACEMENT_3D ( 'NONE', #526, #596, #2088 ) ;
#2846 = DIRECTION ( 'NONE',  ( 0.0000000000000000000, 1.000000000000000000, 0.0000000000000000000 ) ) ;
#2847 = CARTESIAN_POINT ( 'NONE',  ( -0.4130000000000000900, 0.02700787401574797000, 0.2855039370078653000 ) ) ;
#2848 = CARTESIAN_POINT ( 'NONE',  ( -0.5140000000000000100, -6.616194359655637900E-017, 0.01999999999999992400 ) ) ;
#2849 =( BOUNDED_CURVE ( )  B_SPLINE_CURVE ( 3, ( #3662, #4210, #5760, #1098 ),
 .UNSPECIFIED., .F., .F. ) 
 B_SPLINE_CURVE_WITH_KNOTS ( ( 4, 4 ),
 ( 2.179041905705111100, 3.141592653589793100 ),
 .UNSPECIFIED. ) 
 CURVE ( )  GEOMETRIC_REPRESENTATION_ITEM ( )  RATIONAL_B_SPLINE_CURVE ( ( 1.000000000000000000, 0.9242701736186129700, 0.9242701736186129700, 1.000000000000000000 ) ) 
 REPRESENTATION_ITEM ( '' )  );
#2850 = EDGE_LOOP ( 'NONE', ( #956, #6635, #1116, #1833 ) ) ;
#2851 = CARTESIAN_POINT ( 'NONE',  ( -0.09537007874015754300, 0.04078740157480230400, 0.2933937007873870800 ) ) ;
#2852 = DIRECTION ( 'NONE',  ( 0.0000000000000000000, -0.0000000000000000000, 1.000000000000000000 ) ) ;
#2853 = MANIFOLD_SOLID_BREP ( 'I6A4W010A033V-001-R-1-solid7', #1997 ) ;
#2854 = EDGE_CURVE ( 'NONE', #3855, #3550, #3326, .T. ) ;
#2855 = FACE_OUTER_BOUND ( 'NONE', #6294, .T. ) ;
#2856 = LINE ( 'NONE', #4899, #2523 ) ;
#2857 = VERTEX_POINT ( 'NONE', #2483 ) ;
#2858 = CARTESIAN_POINT ( 'NONE',  ( 0.5500000000000021500, 0.009999999999999884000, 0.2489999999999847100 ) ) ;
#2859 = DIRECTION ( 'NONE',  ( 4.510281037539699700E-017, -1.000000000000000000, -5.551115123125783900E-017 ) ) ;
#2860 = EDGE_LOOP ( 'NONE', ( #6696, #567, #1990, #3089 ) ) ;
#2861 = CARTESIAN_POINT ( 'NONE',  ( -0.6500000000000000200, 0.1559999999999958900, -0.1257874015748162700 ) ) ;
#2862 = FACE_OUTER_BOUND ( 'NONE', #6374, .T. ) ;
#2863 = ORIENTED_EDGE ( 'NONE', *, *, #1452, .T. ) ;
#2864 = VERTEX_POINT ( 'NONE', #1450 ) ;
#2865 = DIRECTION ( 'NONE',  ( 0.0000000000000000000, 0.0000000000000000000, 1.000000000000000000 ) ) ;
#2866 = ADVANCED_FACE ( 'NONE', ( #3421 ), #6121, .F. ) ;
#2867 = VECTOR ( 'NONE', #2130, 39.37007874015748100 ) ;
#2868 = EDGE_LOOP ( 'NONE', ( #5944, #5879, #3542, #2064 ) ) ;
#2869 = VERTEX_POINT ( 'NONE', #297 ) ;
#2870 = CARTESIAN_POINT ( 'NONE',  ( 0.1695039370078740000, 0.02700787401574808100, -0.1990000000000141100 ) ) ;
#2871 = CARTESIAN_POINT ( 'NONE',  ( -0.5811999599358714800, 0.08999999999999842800, 0.01586072192556180900 ) ) ;
#2872 = ORIENTED_EDGE ( 'NONE', *, *, #1788, .T. ) ;
#2873 = EDGE_CURVE ( 'NONE', #1671, #2207, #638, .T. ) ;
#2874 = CARTESIAN_POINT ( 'NONE',  ( -0.1929291338582678200, 0.1993070866141731500, -0.2419291338582770000 ) ) ;
#2875 = VERTEX_POINT ( 'NONE', #5065 ) ;
#2876 = ORIENTED_EDGE ( 'NONE', *, *, #807, .F. ) ;
#2877 = ORIENTED_EDGE ( 'NONE', *, *, #1878, .F. ) ;
#2878 = ORIENTED_EDGE ( 'NONE', *, *, #247, .T. ) ;
#2879 = DIRECTION ( 'NONE',  ( -1.000000000000000000, -0.0000000000000000000, -0.0000000000000000000 ) ) ;
#2880 = CARTESIAN_POINT ( 'NONE',  ( 0.2505039370078740400, 0.02700787401574807100, -0.1990000000000108300 ) ) ;
#2881 = ORIENTED_EDGE ( 'NONE', *, *, #5807, .T. ) ;
#2882 = CARTESIAN_POINT ( 'NONE',  ( -0.5499999999999998200, 1.195183497228115000E-016, -0.2999999999999999900 ) ) ;
#2883 = AXIS2_PLACEMENT_3D ( 'NONE', #571, #1677, #5328 ) ;
#2884 = DIRECTION ( 'NONE',  ( 1.000000000000000000, 3.274381405226671600E-032, -1.718396666791143600E-016 ) ) ;
#2885 = VERTEX_POINT ( 'NONE', #812 ) ;
#2886 = VERTEX_POINT ( 'NONE', #6057 ) ;
#2887 = AXIS2_PLACEMENT_3D ( 'NONE', #2352, #6066, #2903 ) ;
#2888 = CARTESIAN_POINT ( 'NONE',  ( 0.5500000000000000400, 0.009374999999999985800, -0.03499999999999980200 ) ) ;
#2889 = CARTESIAN_POINT ( 'NONE',  ( -0.6500000000000000200, 0.08999999999999991300, 0.4499999999999991800 ) ) ;
#2890 = CLOSED_SHELL ( 'NONE', ( #2682, #6764, #778, #2966, #2501, #4171 ) ) ;
#2891 = FACE_OUTER_BOUND ( 'NONE', #3525, .T. ) ;
#2892 =( CONVERSION_BASED_UNIT ( 'INCH', #1597 ) LENGTH_UNIT ( ) NAMED_UNIT ( #356 ) );
#2893 = CARTESIAN_POINT ( 'NONE',  ( -0.2870157480314961000, 0.02700787401574797000, 0.3484960629921173300 ) ) ;
#2894 = CIRCLE ( 'NONE', #5677, 0.01999999999999992400 ) ;
#2895 =( NAMED_UNIT ( * ) SI_UNIT ( $, .STERADIAN. ) SOLID_ANGLE_UNIT ( ) );
#2896 = VERTEX_POINT ( 'NONE', #1402 ) ;
#2897 = EDGE_CURVE ( 'NONE', #1989, #4096, #2936, .T. ) ;
#2898 = ORIENTED_EDGE ( 'NONE', *, *, #4552, .F. ) ;
#2899 = CARTESIAN_POINT ( 'NONE',  ( -0.6500000000000000200, 0.1559999999999984200, 0.2357874015748034100 ) ) ;
#2900 = ADVANCED_FACE ( 'NONE', ( #5277 ), #3412, .F. ) ;
#2901 = DIRECTION ( 'NONE',  ( -1.299748607768508500E-016, 0.8956625937653935900, -0.4447342106578351900 ) ) ;
#2902 = DIRECTION ( 'NONE',  ( 0.0000000000000000000, -6.982962677686265900E-015, -1.000000000000000000 ) ) ;
#2903 = DIRECTION ( 'NONE',  ( 0.0000000000000000000, 0.0000000000000000000, -1.000000000000000000 ) ) ;
#2904 = ORIENTED_EDGE ( 'NONE', *, *, #1528, .F. ) ;
#2905 = DIRECTION ( 'NONE',  ( 0.4999999999657018800, 0.8660254038042406500, -3.084316853914818900E-016 ) ) ;
#2906 = DIRECTION ( 'NONE',  ( -8.998862438468697500E-017, 1.000000000000000000, 1.817932429810993200E-016 ) ) ;
#2907 = SURFACE_SIDE_STYLE ('',( #2197 ) ) ;
#2908 = AXIS2_PLACEMENT_3D ( 'NONE', #1141, #4774, #6304 ) ;
#2909 = LENGTH_MEASURE_WITH_UNIT ( LENGTH_MEASURE( 0.02539999999999999900 ), #2570 );
#2910 = LINE ( 'NONE', #861, #2092 ) ;
#2911 = CARTESIAN_POINT ( 'NONE',  ( 0.6500000000000000200, 0.1559999999999936400, -0.4500000000000011200 ) ) ;
#2912 = PRESENTATION_LAYER_ASSIGNMENT (  '', '', ( #772 ) ) ;
#2913 = EDGE_CURVE ( 'NONE', #6439, #1140, #2280, .T. ) ;
#2914 = EDGE_LOOP ( 'NONE', ( #1835, #4601, #5711, #2465 ) ) ;
#2915 = CARTESIAN_POINT ( 'NONE',  ( -0.5500000000000000400, 0.7811982419601925000, 2.048885995248197400E-016 ) ) ;
#2916 = SURFACE_STYLE_FILL_AREA ( #5999 ) ;
#2917 = DIRECTION ( 'NONE',  ( 1.000000000000000000, 0.0000000000000000000, 0.0000000000000000000 ) ) ;
#2918 = LINE ( 'NONE', #5532, #4942 ) ;
#2919 = MECHANICAL_DESIGN_GEOMETRIC_PRESENTATION_REPRESENTATION (  '', ( #2005 ), #461 ) ;
#2920 = VERTEX_POINT ( 'NONE', #1358 ) ;
#2921 = EDGE_CURVE ( 'NONE', #5799, #1977, #6434, .T. ) ;
#2922 = DIRECTION ( 'NONE',  ( 7.493646328852173400E-034, 1.000000000000000000, 2.461415162476523600E-016 ) ) ;
#2923 = AXIS2_PLACEMENT_3D ( 'NONE', #3008, #4610, #5657 ) ;
#2924 = DIRECTION ( 'NONE',  ( 0.0000000000000000000, -6.982962677686265900E-015, -1.000000000000000000 ) ) ;
#2925 = CARTESIAN_POINT ( 'NONE',  ( 0.5860000000000000800, 0.09000000000000001100, -0.1341392780744382300 ) ) ;
#2926 = DIRECTION ( 'NONE',  ( 0.0000000000000000000, 1.000000000000000000, 1.942890293094024200E-016 ) ) ;
#2927 = EDGE_LOOP ( 'NONE', ( #1564, #5400, #2315, #6115 ) ) ;
#2928 = AXIS2_PLACEMENT_3D ( 'NONE', #3961, #5571, #4477 ) ;
#2929 = CARTESIAN_POINT ( 'NONE',  ( 0.5500000000000000400, 0.009374999999999968400, -0.1849999999999999400 ) ) ;
#2930 = DIRECTION ( 'NONE',  ( 0.0000000000000000000, 0.0000000000000000000, 1.000000000000000000 ) ) ;
#2931 = VECTOR ( 'NONE', #3452, 39.37007874015748100 ) ;
#2932 =( BOUNDED_CURVE ( )  B_SPLINE_CURVE ( 3, ( #4207, #2140, #6243, #1048 ),
 .UNSPECIFIED., .F., .F. ) 
 B_SPLINE_CURVE_WITH_KNOTS ( ( 4, 4 ),
 ( 3.141592653589789600, 4.231134521497997600 ),
 .UNSPECIFIED. ) 
 CURVE ( )  GEOMETRIC_REPRESENTATION_ITEM ( )  RATIONAL_B_SPLINE_CURVE ( ( 1.000000000000000000, 0.9034973468845365300, 0.9034973468845365300, 1.000000000000000000 ) ) 
 REPRESENTATION_ITEM ( '' )  );
#2933 = AXIS2_PLACEMENT_3D ( 'NONE', #2343, #4445, #6536 ) ;
#2934 = ADVANCED_FACE ( 'NONE', ( #3910 ), #6685, .F. ) ;
#2935 = ORIENTED_EDGE ( 'NONE', *, *, #6097, .T. ) ;
#2936 = LINE ( 'NONE', #5004, #6698 ) ;
#2937 = LINE ( 'NONE', #242, #4562 ) ;
#2938 = CARTESIAN_POINT ( 'NONE',  ( 0.5603070866141778300, 0.4739999999999999800, -0.1911338582677171400 ) ) ;
#2939 = LINE ( 'NONE', #4713, #1729 ) ;
#2940 = ORIENTED_EDGE ( 'NONE', *, *, #3189, .T. ) ;
#2941 = DIRECTION ( 'NONE',  ( -1.000000000000000000, -0.0000000000000000000, -0.0000000000000000000 ) ) ;
#2942 = ORIENTED_EDGE ( 'NONE', *, *, #4317, .F. ) ;
#2943 = EDGE_CURVE ( 'NONE', #2896, #6285, #808, .T. ) ;
#2944 = CARTESIAN_POINT ( 'NONE',  ( 0.5603070866141746100, 0.2347401574803148800, 0.2813070866141726400 ) ) ;
#2945 = ORIENTED_EDGE ( 'NONE', *, *, #951, .F. ) ;
#2946 = CARTESIAN_POINT ( 'NONE',  ( -0.5500000000000000400, 0.1299999999999999500, 0.3350000000000004100 ) ) ;
#2947 = EDGE_LOOP ( 'NONE', ( #6308, #5902, #3483, #2486, #5705 ) ) ;
#2948 = ORIENTED_EDGE ( 'NONE', *, *, #2567, .F. ) ;
#2949 = DIRECTION ( 'NONE',  ( 0.0000000000000000000, -6.982962677686265900E-015, -1.000000000000000000 ) ) ;
#2950 = CARTESIAN_POINT ( 'NONE',  ( -0.6500000000000000200, 0.1559999999999946700, -0.3053070866141768300 ) ) ;
#2951 = CARTESIAN_POINT ( 'NONE',  ( 0.08850393700787395600, 0.02700787401574805700, -0.07301574803149810100 ) ) ;
#2952 = EDGE_CURVE ( 'NONE', #6628, #490, #1144, .T. ) ;
#2953 = CARTESIAN_POINT ( 'NONE',  ( 0.3134960629921260100, 0.02700787401574807100, -0.1990000000000108300 ) ) ;
#2954 = ORIENTED_EDGE ( 'NONE', *, *, #4570, .F. ) ;
#2955 = FILL_AREA_STYLE_COLOUR ( '', #5551 ) ;
#2956 = VECTOR ( 'NONE', #3007, 39.37007874015748100 ) ;
#2957 = ORIENTED_EDGE ( 'NONE', *, *, #2913, .F. ) ;
#2958 = ORIENTED_EDGE ( 'NONE', *, *, #36, .F. ) ;
#2959 = VERTEX_POINT ( 'NONE', #31 ) ;
#2960 = DIRECTION ( 'NONE',  ( -0.0000000000000000000, -1.000000000000000000, -0.0000000000000000000 ) ) ;
#2961 = ORIENTED_EDGE ( 'NONE', *, *, #1922, .T. ) ;
#2962 = CARTESIAN_POINT ( 'NONE',  ( -0.5616862307208924100, 0.009375000000000136700, -0.2650000000000000100 ) ) ;
#2963 = EDGE_CURVE ( 'NONE', #2791, #2447, #4878, .T. ) ;
#2964 = EDGE_CURVE ( 'NONE', #1246, #2625, #6028, .T. ) ;
#2965 = CARTESIAN_POINT ( 'NONE',  ( -0.5500000000000000400, 0.009374999999999951100, 0.03500000000000008000 ) ) ;
#2966 = ADVANCED_FACE ( 'NONE', ( #6523 ), #2101, .T. ) ;
#2967 = DIRECTION ( 'NONE',  ( 0.0000000000000000000, 1.000000000000000000, 0.0000000000000000000 ) ) ;
#2968 = CARTESIAN_POINT ( 'NONE',  ( 0.4125039370078740200, 0.08999999999999412600, -0.3800000000000098300 ) ) ;
#2969 = DIRECTION ( 'NONE',  ( -6.938893903907228400E-018, -1.000000000000000000, -2.220446049250313100E-016 ) ) ;
#2970 = MECHANICAL_DESIGN_GEOMETRIC_PRESENTATION_REPRESENTATION (  '', ( #3265 ), #3306 ) ;
#2971 = FACE_OUTER_BOUND ( 'NONE', #5036, .T. ) ;
#2972 = AXIS2_PLACEMENT_3D ( 'NONE', #3629, #3667, #3079 ) ;
#2973 = CARTESIAN_POINT ( 'NONE',  ( -0.5787228132326900400, 1.201940859775225000E-016, -0.3200000000000002300 ) ) ;
#2974 = CARTESIAN_POINT ( 'NONE',  ( 0.5304984987125815900, 0.08000000000000023800, -0.3509999999999998100 ) ) ;
#2975 = CARTESIAN_POINT ( 'NONE',  ( 0.5603070866141778300, 0.2347401574803146800, -0.1911338582677182300 ) ) ;
#2976 = VERTEX_POINT ( 'NONE', #6740 ) ;
#2977 = UNCERTAINTY_MEASURE_WITH_UNIT (LENGTH_MEASURE( 1.000000000000000100E-005 ), #5394, 'distance_accuracy_value', 'NONE');
#2978 = EDGE_CURVE ( 'NONE', #928, #4927, #4641, .T. ) ;
#2979 = CARTESIAN_POINT ( 'NONE',  ( -0.6500000000000000200, 0.08999999999999991300, 0.4499999999999991800 ) ) ;
#2980 = CARTESIAN_POINT ( 'NONE',  ( 0.1514960629921259500, 0.02700787401574808100, -0.07301574803149817100 ) ) ;
#2981 = DIRECTION ( 'NONE',  ( 0.0000000000000000000, -1.000000000000000000, 6.982962677686265900E-015 ) ) ;
#2982 = LINE ( 'NONE', #2016, #4935 ) ;
#2983 = DIRECTION ( 'NONE',  ( 0.0000000000000000000, 0.0000000000000000000, 1.000000000000000000 ) ) ;
#2984 = LINE ( 'NONE', #2434, #617 ) ;
#2985 = PLANE ( 'NONE',  #5623 ) ;
#2986 = DIRECTION ( 'NONE',  ( 0.0000000000000000000, 0.5299989400031774900, 0.8479983040050894600 ) ) ;
#2987 = ORIENTED_EDGE ( 'NONE', *, *, #3832, .F. ) ;
#2988 = DIRECTION ( 'NONE',  ( 0.0000000000000000000, 0.5299989400031776000, 0.8479983040050893500 ) ) ;
#2989 = ORIENTED_EDGE ( 'NONE', *, *, #515, .F. ) ;
#2990 = DIRECTION ( 'NONE',  ( -1.000000000000000000, 0.0000000000000000000, -6.982962677686265900E-015 ) ) ;
#2991 = VECTOR ( 'NONE', #476, 39.37007874015748100 ) ;
#2992 = FACE_OUTER_BOUND ( 'NONE', #443, .T. ) ;
#2993 = CARTESIAN_POINT ( 'NONE',  ( 0.5500000000000000400, 1.360789404421061000E-016, 6.829619984160658000E-017 ) ) ;
#2994 = CARTESIAN_POINT ( 'NONE',  ( 0.5500000000000000400, 0.09000000000000001100, -0.1499999999999999100 ) ) ;
#2995 = CARTESIAN_POINT ( 'NONE',  ( -0.5212771867673099400, -2.791840012739059200E-018, 0.2800000000000001400 ) ) ;
#2996 = ORIENTED_EDGE ( 'NONE', *, *, #3131, .T. ) ;
#2997 = AXIS2_PLACEMENT_3D ( 'NONE', #1389, #2469, #3511 ) ;
#2998 = ADVANCED_FACE ( 'NONE', ( #6609 ), #983, .T. ) ;
#2999 = CARTESIAN_POINT ( 'NONE',  ( -0.01662992125984251400, 0.04078740157480196400, 0.2933937007873870800 ) ) ;
#3000 = PRESENTATION_LAYER_ASSIGNMENT (  '', '', ( #905 ) ) ;
#3001 = LINE ( 'NONE', #728, #5935 ) ;
#3002 = VERTEX_POINT ( 'NONE', #1053 ) ;
#3003 = CARTESIAN_POINT ( 'NONE',  ( 0.4754960629921260500, 0.02700787401574881300, -0.3800000000000098300 ) ) ;
#3004 = AXIS2_PLACEMENT_3D ( 'NONE', #1185, #2182, #1155 ) ;
#3005 = VECTOR ( 'NONE', #2043, 39.37007874015748100 ) ;
#3006 = EDGE_CURVE ( 'NONE', #2549, #1260, #5874, .T. ) ;
#3007 = DIRECTION ( 'NONE',  ( 0.0000000000000000000, -1.000000000000000000, -2.238410880014683800E-016 ) ) ;
#3008 = CARTESIAN_POINT ( 'NONE',  ( 0.5500000000000000400, 8.537024980200822600E-017, -0.2999999999999998800 ) ) ;
#3009 = CARTESIAN_POINT ( 'NONE',  ( 0.5500000000000000400, 0.7811982419601926100, -0.2999999999999998800 ) ) ;
#3010 = VECTOR ( 'NONE', #6664, 39.37007874015748100 ) ;
#3011 =( BOUNDED_CURVE ( )  B_SPLINE_CURVE ( 3, ( #1401, #935, #2962, #880 ),
 .UNSPECIFIED., .F., .T. ) 
 B_SPLINE_CURVE_WITH_KNOTS ( ( 4, 4 ),
 ( 2.179041905705103100, 3.141592653589793100 ),
 .UNSPECIFIED. ) 
 CURVE ( )  GEOMETRIC_REPRESENTATION_ITEM ( )  RATIONAL_B_SPLINE_CURVE ( ( 1.000000000000000000, 0.9242701736186118600, 0.9242701736186118600, 1.000000000000000000 ) ) 
 REPRESENTATION_ITEM ( '' )  );
#3012 = ADVANCED_FACE ( 'NONE', ( #889 ), #4615, .F. ) ;
#3013 = LINE ( 'NONE', #1257, #243 ) ;
#3014 = ORIENTED_EDGE ( 'NONE', *, *, #3229, .F. ) ;
#3015 = CARTESIAN_POINT ( 'NONE',  ( 0.5500000000000000400, 0.01000000000000003800, -0.3509999999999998700 ) ) ;
#3016 = EDGE_LOOP ( 'NONE', ( #2316, #1640 ) ) ;
#3017 = DIRECTION ( 'NONE',  ( 1.127570259384924600E-016, -1.000000000000000000, -2.220446049250313100E-016 ) ) ;
#3018 = PLANE ( 'NONE',  #5921 ) ;
#3019 = AXIS2_PLACEMENT_3D ( 'NONE', #2283, #723, #679 ) ;
#3020 = FACE_OUTER_BOUND ( 'NONE', #5375, .T. ) ;
#3021 = VERTEX_POINT ( 'NONE', #3579 ) ;
#3022 = CARTESIAN_POINT ( 'NONE',  ( -0.6500000000000000200, 0.08999999999999991300, 0.4499999999999991800 ) ) ;
#3023 = CARTESIAN_POINT ( 'NONE',  ( -0.3420157480314957600, 0.2544251968503935500, -0.2407874015748163500 ) ) ;
#3024 = ORIENTED_EDGE ( 'NONE', *, *, #6181, .F. ) ;
#3025 = ORIENTED_EDGE ( 'NONE', *, *, #35, .T. ) ;
#3026 = ADVANCED_FACE ( 'NONE', ( #5193 ), #3245, .T. ) ;
#3027 = VERTEX_POINT ( 'NONE', #3601 ) ;
#3028 = DIRECTION ( 'NONE',  ( -1.000000000000000000, -1.146085849339392900E-016, 7.163036558371161200E-017 ) ) ;
#3029 = ORIENTED_EDGE ( 'NONE', *, *, #4730, .F. ) ;
#3030 = ORIENTED_EDGE ( 'NONE', *, *, #379, .F. ) ;
#3031 = EDGE_LOOP ( 'NONE', ( #6553, #4165, #4093, #590 ) ) ;
#3032 = ORIENTED_EDGE ( 'NONE', *, *, #1024, .T. ) ;
#3033 = AXIS2_PLACEMENT_3D ( 'NONE', #2925, #5558, #5071 ) ;
#3034 = CARTESIAN_POINT ( 'NONE',  ( 0.5500000000000001600, -0.1299999999999999500, -0.1499999999999999700 ) ) ;
#3035 = CARTESIAN_POINT ( 'NONE',  ( 0.5500000000000000400, 0.009374999999999985800, -0.03499999999999980200 ) ) ;
#3036 = ORIENTED_EDGE ( 'NONE', *, *, #843, .F. ) ;
#3037 = EDGE_CURVE ( 'NONE', #6201, #732, #6258, .T. ) ;
#3038 =( NAMED_UNIT ( * ) SI_UNIT ( $, .STERADIAN. ) SOLID_ANGLE_UNIT ( ) );
#3039 = ORIENTED_EDGE ( 'NONE', *, *, #5285, .T. ) ;
#3040 = VERTEX_POINT ( 'NONE', #1507 ) ;
#3041 = ORIENTED_EDGE ( 'NONE', *, *, #4621, .T. ) ;
#3042 = CYLINDRICAL_SURFACE ( 'NONE', #6542, 0.01999999999999992400 ) ;
#3043 = STYLED_ITEM ( 'NONE', ( #5152 ), #5465 ) ;
#3044 = ADVANCED_FACE ( 'NONE', ( #6774 ), #4962, .T. ) ;
#3045 = FACE_OUTER_BOUND ( 'NONE', #3682, .T. ) ;
#3046 = CARTESIAN_POINT ( 'NONE',  ( 0.5500000000000000400, -0.1300000000021914500, 1.365923996832131600E-016 ) ) ;
#3047 = EDGE_CURVE ( 'NONE', #2447, #5181, #5980, .T. ) ;
#3048 = AXIS2_PLACEMENT_3D ( 'NONE', #340, #2859, #3418 ) ;
#3049 = ORIENTED_EDGE ( 'NONE', *, *, #2394, .F. ) ;
#3050 = CARTESIAN_POINT ( 'NONE',  ( -0.5500000000000000400, 0.009374999999999883400, 0.2650000000000002900 ) ) ;
#3051 = DIRECTION ( 'NONE',  ( -8.998862438468697500E-017, 1.000000000000000000, 1.817932429810993000E-016 ) ) ;
#3052 = STYLED_ITEM ( 'NONE', ( #5811 ), #6479 ) ;
#3053 = MANIFOLD_SOLID_BREP ( 'I6A4W010A033V-001-R-1-solid8', #4890 ) ;
#3054 = DIRECTION ( 'NONE',  ( 0.0000000000000000000, 0.0000000000000000000, 1.000000000000000000 ) ) ;
#3055 = VECTOR ( 'NONE', #2052, 39.37007874015748100 ) ;
#3056 = AXIS2_PLACEMENT_3D ( 'NONE', #4648, #5109, #2020 ) ;
#3057 = VECTOR ( 'NONE', #6600, 39.37007874015748100 ) ;
#3058 = DIRECTION ( 'NONE',  ( -0.0000000000000000000, -1.000000000000000000, -0.0000000000000000000 ) ) ;
#3059 = DIRECTION ( 'NONE',  ( 6.866538283325406900E-015, 0.0000000000000000000, -1.000000000000000000 ) ) ;
#3060 = CARTESIAN_POINT ( 'NONE',  ( -0.2870157480314962100, 0.02700787401574796700, 0.3484960629921173300 ) ) ;
#3061 = CARTESIAN_POINT ( 'NONE',  ( -0.4679842519685034100, 0.1559999999999969700, -0.1092125984251966600 ) ) ;
#3062 = MANIFOLD_SOLID_BREP ( 'I6A4W010A033V-001-R-1-solid24', #6375 ) ;
#3063 = ADVANCED_FACE ( 'NONE', ( #1475 ), #2356, .T. ) ;
#3064 = DIRECTION ( 'NONE',  ( -6.982962677686265900E-015, 0.0000000000000000000, 1.000000000000000000 ) ) ;
#3065 = EDGE_CURVE ( 'NONE', #2886, #5000, #6173, .T. ) ;
#3066 = PLANE ( 'NONE',  #2516 ) ;
#3067 = CARTESIAN_POINT ( 'NONE',  ( -0.6500000000000000200, 0.08999999999999991300, 0.4499999999999991800 ) ) ;
#3068 = FACE_OUTER_BOUND ( 'NONE', #5957, .T. ) ;
#3069 = ADVANCED_FACE ( 'NONE', ( #1554 ), #1123, .F. ) ;
#3070 = ORIENTED_EDGE ( 'NONE', *, *, #4046, .F. ) ;
#3071 = AXIS2_PLACEMENT_3D ( 'NONE', #5635, #5013, #4063 ) ;
#3072 = LINE ( 'NONE', #5246, #2504 ) ;
#3073 = DIRECTION ( 'NONE',  ( 1.000000000000000000, 4.836559219299864000E-017, 9.396903959152117600E-033 ) ) ;
#3074 = LINE ( 'NONE', #3370, #5688 ) ;
#3075 = DIRECTION ( 'NONE',  ( -1.000000000000000000, -0.0000000000000000000, -0.0000000000000000000 ) ) ;
#3076 = EDGE_CURVE ( 'NONE', #5174, #2769, #6688, .T. ) ;
#3077 = ADVANCED_FACE ( 'NONE', ( #5440 ), #124, .F. ) ;
#3078 = VERTEX_POINT ( 'NONE', #4703 ) ;
#3079 = DIRECTION ( 'NONE',  ( 0.0000000000000000000, 0.0000000000000000000, -1.000000000000000000 ) ) ;
#3080 = CARTESIAN_POINT ( 'NONE',  ( 0.5249324658624632300, 0.08401010114738512200, -0.02792394578861901200 ) ) ;
#3081 = DIRECTION ( 'NONE',  ( -1.000000000000000000, 0.0000000000000000000, -0.0000000000000000000 ) ) ;
#3082 = VECTOR ( 'NONE', #522, 39.37007874015748100 ) ;
#3083 = DIRECTION ( 'NONE',  ( -1.000000000000000000, 0.0000000000000000000, 0.0000000000000000000 ) ) ;
#3084 = CARTESIAN_POINT ( 'NONE',  ( 0.5500000000000000400, 0.01000000000000017500, -0.2489999999999998600 ) ) ;
#3085 = EDGE_CURVE ( 'NONE', #497, #4686, #3990, .T. ) ;
#3086 = EDGE_CURVE ( 'NONE', #4413, #2625, #1225, .T. ) ;
#3087 = VECTOR ( 'NONE', #2644, 39.37007874015748100 ) ;
#3088 = DIRECTION ( 'NONE',  ( 3.122402867468613100E-017, -0.8956625937653933700, -0.4447342106578355300 ) ) ;
#3089 = ORIENTED_EDGE ( 'NONE', *, *, #4484, .T. ) ;
#3090 = STYLED_ITEM ( 'NONE', ( #4029 ), #5993 ) ;
#3091 = FACE_OUTER_BOUND ( 'NONE', #4957, .T. ) ;
#3092 = ORIENTED_EDGE ( 'NONE', *, *, #5739, .T. ) ;
#3093 = ADVANCED_FACE ( 'NONE', ( #2520 ), #588, .F. ) ;
#3094 = VERTEX_POINT ( 'NONE', #5228 ) ;
#3095 = ORIENTED_EDGE ( 'NONE', *, *, #4506, .F. ) ;
#3096 = LENGTH_MEASURE_WITH_UNIT ( LENGTH_MEASURE( 0.02539999999999999900 ), #5350 );
#3097 = CARTESIAN_POINT ( 'NONE',  ( -0.05785826771653521800, 0.1953700787401574400, 0.3833779527559031400 ) ) ;
#3098 = ADVANCED_FACE ( 'NONE', ( #1721 ), #2692, .F. ) ;
#3099 = ORIENTED_EDGE ( 'NONE', *, *, #3006, .F. ) ;
#3100 = ORIENTED_EDGE ( 'NONE', *, *, #2484, .F. ) ;
#3101 = EDGE_CURVE ( 'NONE', #4907, #5458, #4068, .T. ) ;
#3102 = VERTEX_POINT ( 'NONE', #1709 ) ;
#3103 = ORIENTED_EDGE ( 'NONE', *, *, #4134, .F. ) ;
#3104 = ADVANCED_FACE ( 'NONE', ( #4788 ), #4215, .F. ) ;
#3105 = CARTESIAN_POINT ( 'NONE',  ( -0.02630708661417189100, 0.2347401574803148800, 0.2813070866141685300 ) ) ;
#3106 = DIRECTION ( 'NONE',  ( 1.000000000000000000, 1.878372261753385200E-016, 7.298942468355438900E-032 ) ) ;
#3107 = FACE_OUTER_BOUND ( 'NONE', #1005, .T. ) ;
#3108 = VERTEX_POINT ( 'NONE', #3247 ) ;
#3109 = ORIENTED_EDGE ( 'NONE', *, *, #3617, .F. ) ;
#3110 = ORIENTED_EDGE ( 'NONE', *, *, #3782, .F. ) ;
#3111 = ORIENTED_EDGE ( 'NONE', *, *, #4708, .F. ) ;
#3112 = ORIENTED_EDGE ( 'NONE', *, *, #1212, .F. ) ;
#3113 = DIRECTION ( 'NONE',  ( -1.000000000000000000, 0.0000000000000000000, -0.0000000000000000000 ) ) ;
#3114 = DIRECTION ( 'NONE',  ( -1.000000000000000000, -8.537024980547535100E-016, 0.0000000000000000000 ) ) ;
#3115 = ORIENTED_EDGE ( 'NONE', *, *, #6411, .T. ) ;
#3116 = LINE ( 'NONE', #3417, #4356 ) ;
#3117 = CIRCLE ( 'NONE', #2057, 0.01999999999999990700 ) ;
#3118 = AXIS2_PLACEMENT_3D ( 'NONE', #4629, #3073, #6736 ) ;
#3119 = CARTESIAN_POINT ( 'NONE',  ( -0.5188000400641285000, 0.08999999999999842800, 0.01586072192556180900 ) ) ;
#3120 = AXIS2_PLACEMENT_3D ( 'NONE', #6583, #2452, #5016 ) ;
#3121 = DIRECTION ( 'NONE',  ( 0.0000000000000000000, 1.000000000000000000, 0.0000000000000000000 ) ) ;
#3122 = EDGE_CURVE ( 'NONE', #1260, #5799, #798, .T. ) ;
#3123 = CARTESIAN_POINT ( 'NONE',  ( 0.2324960629921259100, 0.08999999999999626400, -0.07301574803151011900 ) ) ;
#3124 = ADVANCED_FACE ( 'NONE', ( #5270 ), #5782, .T. ) ;
#3125 =( LENGTH_UNIT ( ) NAMED_UNIT ( * ) SI_UNIT ( $, .METRE. ) );
#3126 =( BOUNDED_CURVE ( )  B_SPLINE_CURVE ( 3, ( #3449, #3883, #6021, #5415 ),
 .UNSPECIFIED., .F., .F. ) 
 B_SPLINE_CURVE_WITH_KNOTS ( ( 4, 4 ),
 ( 0.0000000000000000000, 0.9174548254164464100 ),
 .UNSPECIFIED. ) 
 CURVE ( )  GEOMETRIC_REPRESENTATION_ITEM ( )  RATIONAL_B_SPLINE_CURVE ( ( 1.000000000000000000, 0.9310778230156171500, 0.9310778230156171500, 1.000000000000000000 ) ) 
 REPRESENTATION_ITEM ( '' )  );
#3127 = ORIENTED_EDGE ( 'NONE', *, *, #5516, .F. ) ;
#3128 = PRESENTATION_STYLE_ASSIGNMENT (( #3863 ) ) ;
#3129 = CARTESIAN_POINT ( 'NONE',  ( 0.5750675341375368600, 0.08401010114738498300, -0.1779239457886191100 ) ) ;
#3130 = DIRECTION ( 'NONE',  ( 0.0000000000000000000, -6.982962677686265900E-015, -1.000000000000000000 ) ) ;
#3131 = EDGE_CURVE ( 'NONE', #2857, #2822, #240, .T. ) ;
#3132 = ADVANCED_FACE ( 'NONE', ( #5104 ), #1750, .F. ) ;
#3133 = DIRECTION ( 'NONE',  ( 0.0000000000000000000, 1.000000000000000000, -0.0000000000000000000 ) ) ;
#3134 = DIRECTION ( 'NONE',  ( -0.0000000000000000000, 1.000000000000000000, -6.982962677686265900E-015 ) ) ;
#3135 = DIRECTION ( 'NONE',  ( 9.396903959152117600E-033, 4.544868247651256500E-049, -1.000000000000000000 ) ) ;
#3136 = ADVANCED_FACE ( 'NONE', ( #6513 ), #3273, .F. ) ;
#3137 = AXIS2_PLACEMENT_3D ( 'NONE', #3802, #1219, #1195 ) ;
#3138 = DIRECTION ( 'NONE',  ( -4.268512490281893800E-016, 1.000000000000000000, 0.0000000000000000000 ) ) ;
#3139 = VECTOR ( 'NONE', #360, 39.37007874015748100 ) ;
#3140 = DIRECTION ( 'NONE',  ( 0.0000000000000000000, 0.0000000000000000000, 1.000000000000000000 ) ) ;
#3141 = VERTEX_POINT ( 'NONE', #1248 ) ;
#3142 = DIRECTION ( 'NONE',  ( -1.000000000000000000, 1.505681874629105100E-015, 0.0000000000000000000 ) ) ;
#3143 = ORIENTED_EDGE ( 'NONE', *, *, #2431, .T. ) ;
#3144 = PLANE ( 'NONE',  #2017 ) ;
#3145 = LINE ( 'NONE', #1593, #1785 ) ;
#3146 = VECTOR ( 'NONE', #4431, 39.37007874015748100 ) ;
#3147 = CARTESIAN_POINT ( 'NONE',  ( 0.1695039370078740000, 0.02700787401574806700, -0.07301574803151011900 ) ) ;
#3148 = EDGE_CURVE ( 'NONE', #167, #2642, #4637, .T. ) ;
#3149 = ORIENTED_EDGE ( 'NONE', *, *, #2541, .T. ) ;
#3150 = COLOUR_RGB ( '',0.2509803921568627400, 0.2509803921568627400, 0.2509803921568627400 ) ;
#3151 = ADVANCED_FACE ( 'NONE', ( #4561 ), #1771, .T. ) ;
#3152 = ORIENTED_EDGE ( 'NONE', *, *, #1268, .F. ) ;
#3153 = DIRECTION ( 'NONE',  ( -1.127570259384924600E-016, 1.000000000000000000, 2.220446049250313100E-016 ) ) ;
#3154 = CARTESIAN_POINT ( 'NONE',  ( -0.5188000400641285000, 0.08999999999999842800, 0.01586072192556180900 ) ) ;
#3155 = DIRECTION ( 'NONE',  ( -1.000000000000000000, -1.017949417668884000E-016, 0.0000000000000000000 ) ) ;
#3156 = EDGE_CURVE ( 'NONE', #6717, #4414, #2037, .T. ) ;
#3157 = DIRECTION ( 'NONE',  ( 0.0000000000000000000, -6.982962677686265900E-015, -1.000000000000000000 ) ) ;
#3158 = ORIENTED_EDGE ( 'NONE', *, *, #5994, .F. ) ;
#3159 = CARTESIAN_POINT ( 'NONE',  ( 0.5904969134626331100, 1.371534574798034200E-016, -0.3309999999999999100 ) ) ;
#3160 = CARTESIAN_POINT ( 'NONE',  ( 0.5500000000000000400, 0.7811982419601925000, -0.1499999999999997700 ) ) ;
#3161 = VECTOR ( 'NONE', #6603, 39.37007874015748100 ) ;
#3162 = FACE_OUTER_BOUND ( 'NONE', #1060, .T. ) ;
#3163 = FACE_OUTER_BOUND ( 'NONE', #825, .T. ) ;
#3164 = EDGE_CURVE ( 'NONE', #181, #2532, #1308, .T. ) ;
#3165 = ORIENTED_EDGE ( 'NONE', *, *, #859, .T. ) ;
#3166 = EDGE_CURVE ( 'NONE', #2864, #3918, #6605, .T. ) ;
#3167 = EDGE_LOOP ( 'NONE', ( #335, #3411, #5365, #3999 ) ) ;
#3168 = DIRECTION ( 'NONE',  ( -1.000000000000000000, 0.0000000000000000000, 0.0000000000000000000 ) ) ;
#3169 = CYLINDRICAL_SURFACE ( 'NONE', #154, 0.01999999999999992400 ) ;
#3170 = VECTOR ( 'NONE', #1307, 39.37007874015748100 ) ;
#3171 = CARTESIAN_POINT ( 'NONE',  ( 0.5500000000000021500, -0.1300000000021914500, 0.2999999999999847200 ) ) ;
#3172 = VERTEX_POINT ( 'NONE', #2259 ) ;
#3173 = ORIENTED_EDGE ( 'NONE', *, *, #4924, .F. ) ;
#3174 = DIRECTION ( 'NONE',  ( 6.938893903907228400E-018, 1.000000000000000000, 2.220446049250313100E-016 ) ) ;
#3175 = STYLED_ITEM ( 'NONE', ( #3591 ), #6709 ) ;
#3176 = ORIENTED_EDGE ( 'NONE', *, *, #6762, .F. ) ;
#3177 = PRESENTATION_LAYER_ASSIGNMENT (  '', '', ( #3406 ) ) ;
#3178 = VERTEX_POINT ( 'NONE', #532 ) ;
#3179 = VECTOR ( 'NONE', #2027, 39.37007874015748100 ) ;
#3180 = PLANE ( 'NONE',  #3752 ) ;
#3181 = EDGE_LOOP ( 'NONE', ( #5477, #5655, #1137, #3362 ) ) ;
#3182 = ORIENTED_EDGE ( 'NONE', *, *, #6078, .T. ) ;
#3183 = CARTESIAN_POINT ( 'NONE',  ( -0.4679842519685032400, 0.2544251968503937800, 0.1002125984251970400 ) ) ;
#3184 = DIRECTION ( 'NONE',  ( -1.000000000000000000, -3.876322972432708400E-031, -5.551115123125773500E-017 ) ) ;
#3185 = VERTEX_POINT ( 'NONE', #1728 ) ;
#3186 = PRESENTATION_STYLE_ASSIGNMENT (( #5520 ) ) ;
#3187 = CARTESIAN_POINT ( 'NONE',  ( -0.5500000000000000400, 0.1299999999999999500, -0.03499999999999996900 ) ) ;
#3188 = ORIENTED_EDGE ( 'NONE', *, *, #4450, .T. ) ;
#3189 = EDGE_CURVE ( 'NONE', #2078, #4670, #3738, .T. ) ;
#3190 = EDGE_LOOP ( 'NONE', ( #6672, #6540, #2695, #1497 ) ) ;
#3191 = ADVANCED_FACE ( 'NONE', ( #2196 ), #1579, .F. ) ;
#3192 = ORIENTED_EDGE ( 'NONE', *, *, #2048, .T. ) ;
#3193 = DIRECTION ( 'NONE',  ( -0.0000000000000000000, 1.000000000000000000, -6.982962677686265900E-015 ) ) ;
#3194 = LINE ( 'NONE', #5411, #5395 ) ;
#3195 = ORIENTED_EDGE ( 'NONE', *, *, #2854, .T. ) ;
#3196 = DIRECTION ( 'NONE',  ( 0.0000000000000000000, 0.0000000000000000000, 1.000000000000000000 ) ) ;
#3197 = CARTESIAN_POINT ( 'NONE',  ( 0.3315039370078740100, 0.08999999999999362700, -0.4500000000000007300 ) ) ;
#3198 = ORIENTED_EDGE ( 'NONE', *, *, #1247, .T. ) ;
#3199 = DIMENSIONAL_EXPONENTS ( 1.000000000000000000, 0.0000000000000000000, 0.0000000000000000000, 0.0000000000000000000, 0.0000000000000000000, 0.0000000000000000000, 0.0000000000000000000 ) ;
#3200 = PLANE ( 'NONE',  #5447 ) ;
#3201 = DIRECTION ( 'NONE',  ( 0.0000000000000000000, 0.0000000000000000000, 1.000000000000000000 ) ) ;
#3202 = CYLINDRICAL_SURFACE ( 'NONE', #5120, 0.05099999999999998300 ) ;
#3203 = CARTESIAN_POINT ( 'NONE',  ( -0.2870157480314961000, 0.02700787401574797000, 0.3484960629921173300 ) ) ;
#3204 = CARTESIAN_POINT ( 'NONE',  ( -0.4679842519685032400, 0.2544251968503937200, -0.1092125984251966600 ) ) ;
#3205 = EDGE_LOOP ( 'NONE', ( #2657, #6083, #4714, #4888 ) ) ;
#3206 = FACE_OUTER_BOUND ( 'NONE', #4073, .T. ) ;
#3207 = AXIS2_PLACEMENT_3D ( 'NONE', #5099, #3569, #4202 ) ;
#3208 = DIRECTION ( 'NONE',  ( -1.000000000000000000, -2.465190328815661900E-032, 1.665334536937734800E-016 ) ) ;
#3209 = EDGE_CURVE ( 'NONE', #719, #6368, #3237, .T. ) ;
#3210 = AXIS2_PLACEMENT_3D ( 'NONE', #6526, #289, #3930 ) ;
#3211 = CARTESIAN_POINT ( 'NONE',  ( 0.4125039370078740800, 0.02700787401574803900, -0.07301574803150034900 ) ) ;
#3212 = DIRECTION ( 'NONE',  ( 0.0000000000000000000, 0.4447342106578351900, 0.8956625937653933700 ) ) ;
#3213 = CARTESIAN_POINT ( 'NONE',  ( -0.5500000000000000400, -5.122214988120493500E-017, 0.0000000000000000000 ) ) ;
#3214 =( BOUNDED_CURVE ( )  B_SPLINE_CURVE ( 3, ( #1716, #4286, #2228, #2735 ),
 .UNSPECIFIED., .F., .F. ) 
 B_SPLINE_CURVE_WITH_KNOTS ( ( 4, 4 ),
 ( 3.141592653589793100, 4.104143401474485300 ),
 .UNSPECIFIED. ) 
 CURVE ( )  GEOMETRIC_REPRESENTATION_ITEM ( )  RATIONAL_B_SPLINE_CURVE ( ( 1.000000000000000000, 0.9242701736186114100, 0.9242701736186114100, 1.000000000000000000 ) ) 
 REPRESENTATION_ITEM ( '' )  );
#3215 = VECTOR ( 'NONE', #4398, 39.37007874015748100 ) ;
#3216 = LENGTH_MEASURE_WITH_UNIT ( LENGTH_MEASURE( 0.02539999999999999900 ), #4493 );
#3217 = AXIS2_PLACEMENT_3D ( 'NONE', #6667, #4746, #6659 ) ;
#3218 = CARTESIAN_POINT ( 'NONE',  ( -0.4679842519685032400, 0.2544251968503937800, 0.001787401574803257200 ) ) ;
#3219 = DIRECTION ( 'NONE',  ( -4.510281037539699100E-017, 1.000000000000000000, 5.551115123125782700E-017 ) ) ;
#3220 = AXIS2_PLACEMENT_3D ( 'NONE', #1756, #2314, #4408 ) ;
#3221 = FACE_OUTER_BOUND ( 'NONE', #4544, .T. ) ;
#3222 =( NAMED_UNIT ( * ) SI_UNIT ( $, .STERADIAN. ) SOLID_ANGLE_UNIT ( ) );
#3223 = ADVANCED_FACE ( 'NONE', ( #5869 ), #6222, .F. ) ;
#3224 = CARTESIAN_POINT ( 'NONE',  ( -0.5140000000000000100, 0.009999999999999989800, 0.2640000000000001200 ) ) ;
#3225 = LINE ( 'NONE', #2832, #303 ) ;
#3226 = DIRECTION ( 'NONE',  ( 0.0000000000000000000, 1.000000000000000000, 2.238410880014683800E-016 ) ) ;
#3227 =( LENGTH_UNIT ( ) NAMED_UNIT ( * ) SI_UNIT ( $, .METRE. ) );
#3228 = ORIENTED_EDGE ( 'NONE', *, *, #2689, .F. ) ;
#3229 = EDGE_CURVE ( 'NONE', #3353, #1040, #5528, .T. ) ;
#3230 = CARTESIAN_POINT ( 'NONE',  ( -0.02630708661417189100, 0.4739999999999999800, 0.2813070866141685300 ) ) ;
#3231 = DIRECTION ( 'NONE',  ( -8.998862438468698800E-017, 1.000000000000000000, 1.817932429810993200E-016 ) ) ;
#3232 = SURFACE_SIDE_STYLE ('',( #6208 ) ) ;
#3233 = EDGE_LOOP ( 'NONE', ( #16, #1278, #551, #4460 ) ) ;
#3234 = CARTESIAN_POINT ( 'NONE',  ( 0.3944960629921259700, 0.08999999999999362700, -0.4500000000000007300 ) ) ;
#3235 = DIRECTION ( 'NONE',  ( 0.0000000000000000000, 0.0000000000000000000, -1.000000000000000000 ) ) ;
#3236 = ORIENTED_EDGE ( 'NONE', *, *, #4833, .F. ) ;
#3237 = LINE ( 'NONE', #5712, #156 ) ;
#3238 = VECTOR ( 'NONE', #5640, 39.37007874015748100 ) ;
#3239 =( GEOMETRIC_REPRESENTATION_CONTEXT ( 3 ) GLOBAL_UNCERTAINTY_ASSIGNED_CONTEXT ( ( #3636 ) ) GLOBAL_UNIT_ASSIGNED_CONTEXT ( ( #3780, #3758, #5842 ) ) REPRESENTATION_CONTEXT ( 'NONE', 'WORKASPACE' ) );
#3240 = ORIENTED_EDGE ( 'NONE', *, *, #3517, .T. ) ;
#3241 = CARTESIAN_POINT ( 'NONE',  ( -0.5364675199559607600, 0.08049654212842384500, 0.2650000000000002400 ) ) ;
#3242 = CARTESIAN_POINT ( 'NONE',  ( -0.3419999999999991400, 0.1559999999999960300, -0.1092125984251966600 ) ) ;
#3243 = CARTESIAN_POINT ( 'NONE',  ( 0.5661699190787505800, 0.01000000000000015800, -0.2489999999999998600 ) ) ;
#3244 = EDGE_CURVE ( 'NONE', #6614, #2632, #975, .T. ) ;
#3245 = CYLINDRICAL_SURFACE ( 'NONE', #2972, 0.03500000000000000300 ) ;
#3246 = FACE_OUTER_BOUND ( 'NONE', #86, .T. ) ;
#3247 = CARTESIAN_POINT ( 'NONE',  ( -0.3419999999999991400, 0.1559999999999967800, 0.001787401574803257200 ) ) ;
#3248 = CARTESIAN_POINT ( 'NONE',  ( 0.5695015012874213900, 0.08000000000000014000, -0.2489999999999999200 ) ) ;
#3249 = ORIENTED_EDGE ( 'NONE', *, *, #35, .F. ) ;
#3250 = CARTESIAN_POINT ( 'NONE',  ( 0.5500000000000000400, 0.08049654212842388700, -0.1849999999999999100 ) ) ;
#3251 = VERTEX_POINT ( 'NONE', #513 ) ;
#3252 = SURFACE_STYLE_FILL_AREA ( #5982 ) ;
#3253 = DIRECTION ( 'NONE',  ( 1.000000000000000000, 0.0000000000000000000, 0.0000000000000000000 ) ) ;
#3254 = EDGE_CURVE ( 'NONE', #1169, #3828, #2932, .T. ) ;
#3255 = LINE ( 'NONE', #3940, #257 ) ;
#3256 = EDGE_CURVE ( 'NONE', #490, #231, #6765, .T. ) ;
#3257 = DIRECTION ( 'NONE',  ( 0.0000000000000000000, -1.000000000000000000, 6.982962677686265900E-015 ) ) ;
#3258 = ORIENTED_EDGE ( 'NONE', *, *, #4681, .T. ) ;
#3259 = DIRECTION ( 'NONE',  ( 1.000000000000000000, 0.0000000000000000000, 0.0000000000000000000 ) ) ;
#3260 = ORIENTED_EDGE ( 'NONE', *, *, #5167, .F. ) ;
#3261 = CARTESIAN_POINT ( 'NONE',  ( -0.6500000000000000200, 0.08999999999999626400, -0.07301574803150028000 ) ) ;
#3262 = UNCERTAINTY_MEASURE_WITH_UNIT (LENGTH_MEASURE( 1.000000000000000100E-005 ), #4406, 'distance_accuracy_value', 'NONE');
#3263 = DIRECTION ( 'NONE',  ( -9.708880932604529700E-017, 0.8479983040050895800, -0.5299989400031776000 ) ) ;
#3264 = VERTEX_POINT ( 'NONE', #4695 ) ;
#3265 = STYLED_ITEM ( 'NONE', ( #2291 ), #4358 ) ;
#3266 = CARTESIAN_POINT ( 'NONE',  ( -0.5364675199559609800, 0.08049654212842387300, -0.2649999999999999600 ) ) ;
#3267 = ORIENTED_EDGE ( 'NONE', *, *, #6399, .F. ) ;
#3268 = AXIS2_PLACEMENT_3D ( 'NONE', #46, #2572, #3114 ) ;
#3269 = DIRECTION ( 'NONE',  ( 0.0000000000000000000, -6.982962677686265900E-015, -1.000000000000000000 ) ) ;
#3270 = DIRECTION ( 'NONE',  ( 0.0000000000000000000, -1.000000000000000000, 6.982962677686265900E-015 ) ) ;
#3271 = ORIENTED_EDGE ( 'NONE', *, *, #4102, .T. ) ;
#3272 = ORIENTED_EDGE ( 'NONE', *, *, #1487, .F. ) ;
#3273 = PLANE ( 'NONE',  #4067 ) ;
#3274 = ORIENTED_EDGE ( 'NONE', *, *, #6570, .F. ) ;
#3275 = CARTESIAN_POINT ( 'NONE',  ( -0.1985354330708660200, 0.08999999999999820600, 0.2038503937007725700 ) ) ;
#3276 = DIRECTION ( 'NONE',  ( -1.000000000000000000, -0.0000000000000000000, -6.982962677686265900E-015 ) ) ;
#3277 = ORIENTED_EDGE ( 'NONE', *, *, #3963, .T. ) ;
#3278 = VECTOR ( 'NONE', #2879, 39.37007874015748100 ) ;
#3279 = EDGE_CURVE ( 'NONE', #8, #6041, #3414, .T. ) ;
#3280 = FACE_OUTER_BOUND ( 'NONE', #868, .T. ) ;
#3281 = CARTESIAN_POINT ( 'NONE',  ( 0.2505039370078740400, 0.02700787401574812300, -0.3800000000000012300 ) ) ;
#3282 = ORIENTED_EDGE ( 'NONE', *, *, #4366, .T. ) ;
#3283 = CYLINDRICAL_SURFACE ( 'NONE', #6766, 0.03500000000000000300 ) ;
#3284 = CARTESIAN_POINT ( 'NONE',  ( 0.3134960629921259600, 0.02700787401574812300, -0.2540157480314970700 ) ) ;
#3285 = CARTESIAN_POINT ( 'NONE',  ( -0.05907086614172500600, 0.1559999999999945300, -0.2530708661417400100 ) ) ;
#3286 = CARTESIAN_POINT ( 'NONE',  ( 0.4125039370078740800, 0.02700787401574807400, -0.1990000000000042800 ) ) ;
#3287 = AXIS2_PLACEMENT_3D ( 'NONE', #3426, #4499, #4969 ) ;
#3288 = CARTESIAN_POINT ( 'NONE',  ( -0.05907086614172500600, 0.1993070866141732300, -0.2530708661417397400 ) ) ;
#3289 = EDGE_CURVE ( 'NONE', #2445, #5450, #5364, .T. ) ;
#3290 = VECTOR ( 'NONE', #3325, 39.37007874015748100 ) ;
#3291 = ORIENTED_EDGE ( 'NONE', *, *, #3156, .F. ) ;
#3292 = DIRECTION ( 'NONE',  ( -4.510281037539699700E-017, 1.000000000000000000, 5.551115123125783900E-017 ) ) ;
#3293 = CARTESIAN_POINT ( 'NONE',  ( 0.08850393700787395600, 0.02700787401574809500, -0.1990000000000020900 ) ) ;
#3294 = DIRECTION ( 'NONE',  ( -8.977231617801917100E-017, 0.8956625937653934800, -0.4447342106578354200 ) ) ;
#3295 = CARTESIAN_POINT ( 'NONE',  ( -0.4679842519685032400, 0.2544251968503936600, 0.2192125984251971100 ) ) ;
#3296 = EDGE_LOOP ( 'NONE', ( #3282, #3592, #5068, #1096 ) ) ;
#3297 = LINE ( 'NONE', #3105, #210 ) ;
#3298 = COLOUR_RGB ( '',0.5882352941176470800, 0.2941176470588235400, 0.0000000000000000000 ) ;
#3299 = CARTESIAN_POINT ( 'NONE',  ( -0.01546456692913367200, 0.08999999999999820600, 0.2038503937007727900 ) ) ;
#3300 = EDGE_CURVE ( 'NONE', #6381, #4505, #3586, .T. ) ;
#3301 = EDGE_CURVE ( 'NONE', #1512, #497, #5537, .T. ) ;
#3302 = CARTESIAN_POINT ( 'NONE',  ( -0.4130000000000000900, 0.02700787401574797000, 0.3484960629921173300 ) ) ;
#3303 = CARTESIAN_POINT ( 'NONE',  ( -0.05785826771653453800, 0.1953700787401574400, 0.1806220472440921400 ) ) ;
#3304 = DIRECTION ( 'NONE',  ( 5.551115123125782700E-017, 2.220446049250313100E-016, -1.000000000000000000 ) ) ;
#3305 = PRESENTATION_STYLE_ASSIGNMENT (( #5608 ) ) ;
#3306 =( GEOMETRIC_REPRESENTATION_CONTEXT ( 3 ) GLOBAL_UNCERTAINTY_ASSIGNED_CONTEXT ( ( #706 ) ) GLOBAL_UNIT_ASSIGNED_CONTEXT ( ( #685, #4800, #5326 ) ) REPRESENTATION_CONTEXT ( 'NONE', 'WORKASPACE' ) );
#3307 = CARTESIAN_POINT ( 'NONE',  ( 0.5047928379568048500, 0.08999999999999934400, 0.2763925329609291900 ) ) ;
#3308 = VERTEX_POINT ( 'NONE', #61 ) ;
#3309 = CARTESIAN_POINT ( 'NONE',  ( -0.4679842519685032400, 0.2544251968503937200, -0.1092125984251966600 ) ) ;
#3310 = MECHANICAL_DESIGN_GEOMETRIC_PRESENTATION_REPRESENTATION (  '', ( #3793 ), #4699 ) ;
#3311 = VECTOR ( 'NONE', #4153, 39.37007874015748100 ) ;
#3312 = VECTOR ( 'NONE', #5607, 39.37007874015748100 ) ;
#3313 = CARTESIAN_POINT ( 'NONE',  ( 0.5952071620432005700, 0.08999999999999949700, 0.3236074670390380900 ) ) ;
#3314 = ORIENTED_EDGE ( 'NONE', *, *, #2317, .T. ) ;
#3315 = PLANE ( 'NONE',  #5265 ) ;
#3316 = DIRECTION ( 'NONE',  ( 8.998862438468698800E-017, -1.000000000000000000, -1.817932429810993200E-016 ) ) ;
#3317 = CONICAL_SURFACE ( 'NONE', #4452, 0.03099999999733729300, 0.5235987756232957100 ) ;
#3318 = EDGE_CURVE ( 'NONE', #1077, #5737, #2206, .T. ) ;
#3319 = ORIENTED_EDGE ( 'NONE', *, *, #5079, .F. ) ;
#3320 = CARTESIAN_POINT ( 'NONE',  ( -0.6500000000000000200, 0.08999999999999991300, 0.4499999999999991800 ) ) ;
#3321 = LINE ( 'NONE', #3607, #1955 ) ;
#3322 = EDGE_LOOP ( 'NONE', ( #2808, #3438, #4982, #3379 ) ) ;
#3323 = DIRECTION ( 'NONE',  ( 0.0000000000000000000, -6.982962677686265900E-015, -1.000000000000000000 ) ) ;
#3324 = DIRECTION ( 'NONE',  ( 0.0000000000000000000, -0.0000000000000000000, 1.000000000000000000 ) ) ;
#3325 = DIRECTION ( 'NONE',  ( 0.0000000000000000000, -6.982962677686265900E-015, -1.000000000000000000 ) ) ;
#3326 = CIRCLE ( 'NONE', #6325, 0.03099999999999985400 ) ;
#3327 = DIRECTION ( 'NONE',  ( -1.000000000000000000, -0.0000000000000000000, -0.0000000000000000000 ) ) ;
#3328 = FACE_OUTER_BOUND ( 'NONE', #5888, .T. ) ;
#3329 = ADVANCED_FACE ( 'NONE', ( #3660 ), #3200, .F. ) ;
#3330 = EDGE_LOOP ( 'NONE', ( #1540, #1547, #1602, #5049 ) ) ;
#3331 = VERTEX_POINT ( 'NONE', #1113 ) ;
#3332 =( BOUNDED_CURVE ( )  B_SPLINE_CURVE ( 3, ( #2713, #2741, #3266, #2678 ),
 .UNSPECIFIED., .F., .F. ) 
 B_SPLINE_CURVE_WITH_KNOTS ( ( 4, 4 ),
 ( 5.182699915743517800, 6.283185307179586200 ),
 .UNSPECIFIED. ) 
 CURVE ( )  GEOMETRIC_REPRESENTATION_ITEM ( )  RATIONAL_B_SPLINE_CURVE ( ( 1.000000000000000000, 0.9015984286673699400, 0.9015984286673699400, 1.000000000000000000 ) ) 
 REPRESENTATION_ITEM ( '' )  );
#3333 = LINE ( 'NONE', #3843, #4885 ) ;
#3334 = CARTESIAN_POINT ( 'NONE',  ( -0.6969134938320985500, -0.1450000000000001800, -0.4500000000000008400 ) ) ;
#3335 = FACE_OUTER_BOUND ( 'NONE', #4949, .T. ) ;
#3336 = CARTESIAN_POINT ( 'NONE',  ( -0.5386602540363265600, -0.1449999999978890700, 0.3000000000000003800 ) ) ;
#3337 = ORIENTED_EDGE ( 'NONE', *, *, #2484, .T. ) ;
#3338 = CARTESIAN_POINT ( 'NONE',  ( -0.6500000000000000200, 0.08999999999999688800, 0.01586072192556194400 ) ) ;
#3339 = ORIENTED_EDGE ( 'NONE', *, *, #313, .F. ) ;
#3340 = VERTEX_POINT ( 'NONE', #1091 ) ;
#3341 = VERTEX_POINT ( 'NONE', #1070 ) ;
#3342 = LENGTH_MEASURE_WITH_UNIT ( LENGTH_MEASURE( 0.02539999999999999900 ), #2071 );
#3343 = DIRECTION ( 'NONE',  ( -1.000000000000000000, -1.101551610443109700E-015, 0.0000000000000000000 ) ) ;
#3344 = EDGE_LOOP ( 'NONE', ( #2782, #4272, #4712, #2220 ) ) ;
#3345 = DIRECTION ( 'NONE',  ( -8.027803178845996600E-017, -0.8956625937653933700, -0.4447342106578355300 ) ) ;
#3346 = ORIENTED_EDGE ( 'NONE', *, *, #2623, .F. ) ;
#3347 =( BOUNDED_CURVE ( )  B_SPLINE_CURVE ( 3, ( #371, #502, #2085, #1039 ),
 .UNSPECIFIED., .F., .T. ) 
 B_SPLINE_CURVE_WITH_KNOTS ( ( 4, 4 ),
 ( 2.179041905705098700, 3.141592653589793100 ),
 .UNSPECIFIED. ) 
 CURVE ( )  GEOMETRIC_REPRESENTATION_ITEM ( )  RATIONAL_B_SPLINE_CURVE ( ( 1.000000000000000000, 0.9242701736186109700, 0.9242701736186109700, 1.000000000000000000 ) ) 
 REPRESENTATION_ITEM ( '' )  );
#3348 = FILL_AREA_STYLE_COLOUR ( '', #6037 ) ;
#3349 = ORIENTED_EDGE ( 'NONE', *, *, #4954, .F. ) ;
#3350 = FACE_OUTER_BOUND ( 'NONE', #6095, .T. ) ;
#3351 = DIRECTION ( 'NONE',  ( -1.127570259384924600E-016, 1.000000000000000000, 2.220446049250313100E-016 ) ) ;
#3352 = ORIENTED_EDGE ( 'NONE', *, *, #5750, .T. ) ;
#3353 = VERTEX_POINT ( 'NONE', #3866 ) ;
#3354 = CARTESIAN_POINT ( 'NONE',  ( -0.5500000000000000400, -4.950320162274833900E-017, -0.02000000000000005900 ) ) ;
#3355 = ORIENTED_EDGE ( 'NONE', *, *, #281, .T. ) ;
#3356 = CARTESIAN_POINT ( 'NONE',  ( 0.5500000000000000400, 0.7811982419601926100, -0.3309999999999996800 ) ) ;
#3357 = ORIENTED_EDGE ( 'NONE', *, *, #258, .F. ) ;
#3358 = DIRECTION ( 'NONE',  ( 1.550203531853473500E-048, 1.731638373097045300E-080, -1.000000000000000000 ) ) ;
#3359 = ORIENTED_EDGE ( 'NONE', *, *, #1914, .F. ) ;
#3360 = AXIS2_PLACEMENT_3D ( 'NONE', #3183, #2750, #1101 ) ;
#3361 = DIRECTION ( 'NONE',  ( 0.0000000000000000000, 0.5299989400031776000, -0.8479983040050893500 ) ) ;
#3362 = ORIENTED_EDGE ( 'NONE', *, *, #5526, .F. ) ;
#3363 = CARTESIAN_POINT ( 'NONE',  ( -0.5188000400641282800, 0.08999999999999998300, 0.2841392780744383400 ) ) ;
#3364 = PLANE ( 'NONE',  #5861 ) ;
#3365 = CARTESIAN_POINT ( 'NONE',  ( -0.05785826771653521800, 0.1559999999999995000, 0.3833779527559029200 ) ) ;
#3366 = LENGTH_MEASURE_WITH_UNIT ( LENGTH_MEASURE( 0.02539999999999999900 ), #233 );
#3367 = VECTOR ( 'NONE', #2960, 39.37007874015748100 ) ;
#3368 = ADVANCED_FACE ( 'NONE', ( #480 ), #1130, .F. ) ;
#3369 = DIRECTION ( 'NONE',  ( 1.000000000000000000, 0.0000000000000000000, 0.0000000000000000000 ) ) ;
#3370 = CARTESIAN_POINT ( 'NONE',  ( 0.6010000000000019800, -6.616194359655637900E-017, 0.3309999999999845300 ) ) ;
#3371 = DIRECTION ( 'NONE',  ( 4.510281037539699100E-017, -1.000000000000000000, -5.551115123125782700E-017 ) ) ;
#3372 = PLANE ( 'NONE',  #3220 ) ;
#3373 = VERTEX_POINT ( 'NONE', #5812 ) ;
#3374 = LINE ( 'NONE', #388, #1850 ) ;
#3375 = EDGE_LOOP ( 'NONE', ( #5482, #4970, #3659, #5052 ) ) ;
#3376 = CARTESIAN_POINT ( 'NONE',  ( -0.5500000000000000400, 0.7811982419601925000, -0.01999999999999971900 ) ) ;
#3377 = CARTESIAN_POINT ( 'NONE',  ( -0.5249324658624630000, 0.08401010114738506600, -0.3279239457886192800 ) ) ;
#3378 = SURFACE_STYLE_USAGE ( .BOTH. , #2907 ) ;
#3379 = ORIENTED_EDGE ( 'NONE', *, *, #3528, .T. ) ;
#3380 = LINE ( 'NONE', #250, #693 ) ;
#3381 = ORIENTED_EDGE ( 'NONE', *, *, #4089, .F. ) ;
#3382 =( GEOMETRIC_REPRESENTATION_CONTEXT ( 3 ) GLOBAL_UNCERTAINTY_ASSIGNED_CONTEXT ( ( #927 ) ) GLOBAL_UNIT_ASSIGNED_CONTEXT ( ( #1562, #452, #965 ) ) REPRESENTATION_CONTEXT ( 'NONE', 'WORKASPACE' ) );
#3383 = VECTOR ( 'NONE', #2553, 39.37007874015748100 ) ;
#3384 = EDGE_CURVE ( 'NONE', #5827, #1736, #5948, .T. ) ;
#3385 = PLANE ( 'NONE',  #1628 ) ;
#3386 = CARTESIAN_POINT ( 'NONE',  ( 0.5047928379568055200, 0.08999999999999731800, -0.3236074670390612400 ) ) ;
#3387 = FACE_OUTER_BOUND ( 'NONE', #2554, .T. ) ;
#3388 = DIRECTION ( 'NONE',  ( -0.0000000000000000000, -1.000000000000000000, 6.982962677686265900E-015 ) ) ;
#3389 = AXIS2_PLACEMENT_3D ( 'NONE', #4519, #6697, #4617 ) ;
#3390 = EDGE_CURVE ( 'NONE', #1668, #2976, #2111, .T. ) ;
#3391 = FACE_OUTER_BOUND ( 'NONE', #3296, .T. ) ;
#3392 = EDGE_CURVE ( 'NONE', #4282, #3993, #2939, .T. ) ;
#3393 = DIRECTION ( 'NONE',  ( 1.000000000000000000, 0.0000000000000000000, -0.0000000000000000000 ) ) ;
#3394 = VECTOR ( 'NONE', #314, 39.37007874015748100 ) ;
#3395 =( NAMED_UNIT ( * ) SI_UNIT ( $, .STERADIAN. ) SOLID_ANGLE_UNIT ( ) );
#3396 = CARTESIAN_POINT ( 'NONE',  ( 0.5500000000000021500, -0.1299999999999999500, 0.2999999999999847200 ) ) ;
#3397 = ORIENTED_EDGE ( 'NONE', *, *, #6020, .F. ) ;
#3398 = CARTESIAN_POINT ( 'NONE',  ( -0.6500000000000000200, 0.08999999999999397400, -0.4000000000000005800 ) ) ;
#3399 = ORIENTED_EDGE ( 'NONE', *, *, #4128, .F. ) ;
#3400 = DIRECTION ( 'NONE',  ( 0.0000000000000000000, -6.982962677686265900E-015, -1.000000000000000000 ) ) ;
#3401 =( GEOMETRIC_REPRESENTATION_CONTEXT ( 3 ) GLOBAL_UNCERTAINTY_ASSIGNED_CONTEXT ( ( #6346 ) ) GLOBAL_UNIT_ASSIGNED_CONTEXT ( ( #6007, #328, #2895 ) ) REPRESENTATION_CONTEXT ( 'NONE', 'WORKASPACE' ) );
#3402 = LINE ( 'NONE', #3303, #4697 ) ;
#3403 = CARTESIAN_POINT ( 'NONE',  ( 0.5138199173461182000, 0.08368936704111701300, -0.3408938891721176000 ) ) ;
#3404 = CARTESIAN_POINT ( 'NONE',  ( -0.6500000000000000200, 0.1559999999999975900, 0.1207874015748034000 ) ) ;
#3405 = VERTEX_POINT ( 'NONE', #131 ) ;
#3406 = STYLED_ITEM ( 'NONE', ( #4707 ), #3053 ) ;
#3407 = ADVANCED_FACE ( 'NONE', ( #1560 ), #2159, .F. ) ;
#3408 = CARTESIAN_POINT ( 'NONE',  ( -0.1929291338582678200, 0.1559999999999955600, -0.2419291338582770000 ) ) ;
#3409 = FACE_OUTER_BOUND ( 'NONE', #1905, .T. ) ;
#3410 = DIRECTION ( 'NONE',  ( -0.0000000000000000000, -1.000000000000000000, -0.0000000000000000000 ) ) ;
#3411 = ORIENTED_EDGE ( 'NONE', *, *, #209, .F. ) ;
#3412 = PLANE ( 'NONE',  #970 ) ;
#3413 = DIRECTION ( 'NONE',  ( -1.000000000000000000, -0.0000000000000000000, -0.0000000000000000000 ) ) ;
#3414 = LINE ( 'NONE', #1094, #394 ) ;
#3415 = EDGE_CURVE ( 'NONE', #5546, #6186, #5877, .T. ) ;
#3416 = ORIENTED_EDGE ( 'NONE', *, *, #6138, .T. ) ;
#3417 = CARTESIAN_POINT ( 'NONE',  ( 0.4125039370078740800, 0.02700787401574807400, -0.1990000000000042800 ) ) ;
#3418 = DIRECTION ( 'NONE',  ( 0.0000000000000000000, -5.551115123125782700E-017, 1.000000000000000000 ) ) ;
#3419 = CARTESIAN_POINT ( 'NONE',  ( -0.5383137692791074600, 0.009375000000000022200, -0.3350000000000000200 ) ) ;
#3420 = CARTESIAN_POINT ( 'NONE',  ( -0.05785826771653467000, 0.1953700787401574400, 0.1806220472440921400 ) ) ;
#3421 = FACE_OUTER_BOUND ( 'NONE', #1340, .T. ) ;
#3422 = VECTOR ( 'NONE', #161, 39.37007874015748100 ) ;
#3423 = FACE_OUTER_BOUND ( 'NONE', #4434, .T. ) ;
#3424 = DIRECTION ( 'NONE',  ( -0.0000000000000000000, 0.0000000000000000000, -1.000000000000000000 ) ) ;
#3425 = ORIENTED_EDGE ( 'NONE', *, *, #6209, .F. ) ;
#3426 = CARTESIAN_POINT ( 'NONE',  ( 0.6009999999999999800, 0.01000000000000013900, -0.3510000000000000900 ) ) ;
#3427 = ORIENTED_EDGE ( 'NONE', *, *, #4691, .F. ) ;
#3428 = EDGE_CURVE ( 'NONE', #6645, #3002, #3997, .T. ) ;
#3429 =( NAMED_UNIT ( * ) SI_UNIT ( $, .STERADIAN. ) SOLID_ANGLE_UNIT ( ) );
#3430 = UNCERTAINTY_MEASURE_WITH_UNIT (LENGTH_MEASURE( 1.000000000000000100E-005 ), #2892, 'distance_accuracy_value', 'NONE');
#3431 = VECTOR ( 'NONE', #6586, 39.37007874015748100 ) ;
#3432 = CARTESIAN_POINT ( 'NONE',  ( 0.5720449671064660200, 0.005993953971255868900, 0.02959032635400932200 ) ) ;
#3433 = ORIENTED_EDGE ( 'NONE', *, *, #5123, .T. ) ;
#3434 = ORIENTED_EDGE ( 'NONE', *, *, #4277, .F. ) ;
#3435 = CARTESIAN_POINT ( 'NONE',  ( -0.6500000000000000200, 0.1559999999999967800, 0.001787401574803257200 ) ) ;
#3436 = DIRECTION ( 'NONE',  ( -1.368455531567204200E-048, -1.942890293094024200E-016, 1.000000000000000000 ) ) ;
#3437 = DIRECTION ( 'NONE',  ( -0.0000000000000000000, -1.000000000000000000, -2.238410880014683800E-016 ) ) ;
#3438 = ORIENTED_EDGE ( 'NONE', *, *, #4999, .T. ) ;
#3439 = EDGE_CURVE ( 'NONE', #8, #2134, #892, .T. ) ;
#3440 = EDGE_CURVE ( 'NONE', #6457, #5282, #4881, .T. ) ;
#3441 = ORIENTED_EDGE ( 'NONE', *, *, #3244, .T. ) ;
#3442 = ADVANCED_FACE ( 'NONE', ( #1236 ), #2734, .F. ) ;
#3443 = CARTESIAN_POINT ( 'NONE',  ( 0.3944960629921259700, 0.02700787401574809800, -0.2540157480315091100 ) ) ;
#3444 = VECTOR ( 'NONE', #5070, 39.37007874015748100 ) ;
#3445 = CARTESIAN_POINT ( 'NONE',  ( 0.3315039370078740600, 0.02700787401574809800, -0.2540157480315091100 ) ) ;
#3446 = ORIENTED_EDGE ( 'NONE', *, *, #3484, .T. ) ;
#3447 = ORIENTED_EDGE ( 'NONE', *, *, #4120, .F. ) ;
#3448 = AXIS2_PLACEMENT_3D ( 'NONE', #4542, #5076, #1634 ) ;
#3449 = CARTESIAN_POINT ( 'NONE',  ( 0.5500000000000000400, 0.01000000000000003800, -0.3509999999999998700 ) ) ;
#3450 = DIRECTION ( 'NONE',  ( 0.0000000000000000000, -1.000000000000000000, -1.387778780781445400E-016 ) ) ;
#3451 = CIRCLE ( 'NONE', #1534, 0.01999999999999992400 ) ;
#3452 = DIRECTION ( 'NONE',  ( -0.0000000000000000000, -1.000000000000000000, -1.942890293094024200E-016 ) ) ;
#3453 = LINE ( 'NONE', #2391, #4996 ) ;
#3454 = CARTESIAN_POINT ( 'NONE',  ( 0.5500000000000000400, 0.009375000000000155800, 0.03500000000000020500 ) ) ;
#3455 = VERTEX_POINT ( 'NONE', #1231 ) ;
#3456 = EDGE_CURVE ( 'NONE', #5098, #307, #724, .T. ) ;
#3457 = CARTESIAN_POINT ( 'NONE',  ( -0.5188000400641282800, 0.08999999999999946900, 0.3158607219255620800 ) ) ;
#3458 = PLANE ( 'NONE',  #1836 ) ;
#3459 = DIRECTION ( 'NONE',  ( 1.665334536937734800E-016, 0.0000000000000000000, 1.000000000000000000 ) ) ;
#3460 = DIRECTION ( 'NONE',  ( -0.0000000000000000000, 6.982962677686265900E-015, 1.000000000000000000 ) ) ;
#3461 = PRODUCT_DEFINITION_SHAPE ( 'NONE', 'NONE',  #1801 ) ;
#3462 = ORIENTED_EDGE ( 'NONE', *, *, #5214, .F. ) ;
#3463 = CYLINDRICAL_SURFACE ( 'NONE', #2564, 0.03500000000000003800 ) ;
#3464 = EDGE_LOOP ( 'NONE', ( #4206, #4337, #5813, #3974 ) ) ;
#3465 = CARTESIAN_POINT ( 'NONE',  ( 0.3944960629921259700, 0.02700787401574809800, -0.2540157480315091100 ) ) ;
#3466 = CARTESIAN_POINT ( 'NONE',  ( 0.5500000000000000400, 0.08000000000000014000, -0.2489999999999998600 ) ) ;
#3467 = SURFACE_SIDE_STYLE ('',( #2656 ) ) ;
#3468 = VERTEX_POINT ( 'NONE', #1735 ) ;
#3469 = LINE ( 'NONE', #427, #3549 ) ;
#3470 = LINE ( 'NONE', #2861, #48 ) ;
#3471 = ORIENTED_EDGE ( 'NONE', *, *, #4660, .F. ) ;
#3472 = CARTESIAN_POINT ( 'NONE',  ( 0.5500000000000021500, 0.08388434700220565000, 0.2999999999999846700 ) ) ;
#3473 = DIRECTION ( 'NONE',  ( -1.000000000000000000, -1.540743955509788400E-032, 1.110223024625156500E-016 ) ) ;
#3474 = ADVANCED_FACE ( 'NONE', ( #5039 ), #5899, .F. ) ;
#3475 = VECTOR ( 'NONE', #4981, 39.37007874015748100 ) ;
#3476 = ORIENTED_EDGE ( 'NONE', *, *, #6646, .T. ) ;
#3477 = EDGE_CURVE ( 'NONE', #1976, #1246, #1061, .T. ) ;
#3478 = ORIENTED_EDGE ( 'NONE', *, *, #3428, .F. ) ;
#3479 = CARTESIAN_POINT ( 'NONE',  ( 0.5500000000000000400, -5.122214988120493500E-017, -0.1499999999999999700 ) ) ;
#3480 = CARTESIAN_POINT ( 'NONE',  ( -0.6500000000000000200, 0.1559999999999939800, -0.4000000000000009700 ) ) ;
#3481 = CARTESIAN_POINT ( 'NONE',  ( -0.5500000000000000400, -1.707404996040164500E-017, 0.3000000000000003200 ) ) ;
#3482 = CARTESIAN_POINT ( 'NONE',  ( -0.4679999999999997500, 0.2544251968503935500, -0.1257874015748162700 ) ) ;
#3483 = ORIENTED_EDGE ( 'NONE', *, *, #1379, .T. ) ;
#3484 = EDGE_CURVE ( 'NONE', #1679, #20, #4159, .T. ) ;
#3485 = CARTESIAN_POINT ( 'NONE',  ( -0.5499999999999998200, 0.1300000000000001200, -0.2649999999999999600 ) ) ;
#3486 = MECHANICAL_DESIGN_GEOMETRIC_PRESENTATION_REPRESENTATION (  '', ( #2439 ), #3745 ) ;
#3487 = CARTESIAN_POINT ( 'NONE',  ( -0.5212771867673099400, -2.791840012739059200E-018, 0.2800000000000001400 ) ) ;
#3488 = LINE ( 'NONE', #2287, #1300 ) ;
#3489 = CARTESIAN_POINT ( 'NONE',  ( -0.5188000400641282800, 0.08999999999999998300, 0.2841392780744383400 ) ) ;
#3490 = ORIENTED_EDGE ( 'NONE', *, *, #4357, .T. ) ;
#3491 = DIRECTION ( 'NONE',  ( 0.0000000000000000000, -1.000000000000000000, 6.982962677686265900E-015 ) ) ;
#3492 = LENGTH_MEASURE_WITH_UNIT ( LENGTH_MEASURE( 0.02539999999999999900 ), #5614 );
#3493 = SURFACE_SIDE_STYLE ('',( #548 ) ) ;
#3494 = AXIS2_PLACEMENT_3D ( 'NONE', #4828, #4801, #5851 ) ;
#3495 = EDGE_LOOP ( 'NONE', ( #6702, #5771, #4275, #3446 ) ) ;
#3496 = DIMENSIONAL_EXPONENTS ( 1.000000000000000000, 0.0000000000000000000, 0.0000000000000000000, 0.0000000000000000000, 0.0000000000000000000, 0.0000000000000000000, 0.0000000000000000000 ) ;
#3497 = VECTOR ( 'NONE', #5960, 39.37007874015748100 ) ;
#3498 = CARTESIAN_POINT ( 'NONE',  ( 0.5811999599358712600, 0.08999999999999792900, -0.1341392780744382300 ) ) ;
#3499 = VECTOR ( 'NONE', #149, 39.37007874015748100 ) ;
#3500 = DIRECTION ( 'NONE',  ( -0.0000000000000000000, 6.982962677686265900E-015, 1.000000000000000000 ) ) ;
#3501 = DIRECTION ( 'NONE',  ( 0.0000000000000000000, 0.0000000000000000000, 1.000000000000000000 ) ) ;
#3502 = EDGE_LOOP ( 'NONE', ( #5204, #3510, #458, #2288 ) ) ;
#3503 = VERTEX_POINT ( 'NONE', #3767 ) ;
#3504 = EDGE_CURVE ( 'NONE', #3550, #6644, #4793, .T. ) ;
#3505 = ORIENTED_EDGE ( 'NONE', *, *, #71, .T. ) ;
#3506 = CYLINDRICAL_SURFACE ( 'NONE', #386, 0.03099999999999985400 ) ;
#3507 = ADVANCED_FACE ( 'NONE', ( #3423 ), #2202, .T. ) ;
#3508 = ORIENTED_EDGE ( 'NONE', *, *, #4634, .T. ) ;
#3509 = DIRECTION ( 'NONE',  ( 1.000000000000000000, 0.0000000000000000000, 0.0000000000000000000 ) ) ;
#3510 = ORIENTED_EDGE ( 'NONE', *, *, #4128, .T. ) ;
#3511 = DIRECTION ( 'NONE',  ( 0.0000000000000000000, 0.0000000000000000000, 1.000000000000000000 ) ) ;
#3512 = ORIENTED_EDGE ( 'NONE', *, *, #5547, .T. ) ;
#3513 = DIRECTION ( 'NONE',  ( 1.000000000000000000, 0.0000000000000000000, 0.0000000000000000000 ) ) ;
#3514 = ADVANCED_FACE ( 'NONE', ( #3328 ), #4783, .F. ) ;
#3515 = EDGE_LOOP ( 'NONE', ( #3680, #6055, #6636, #2457 ) ) ;
#3516 = PLANE ( 'NONE',  #682 ) ;
#3517 = EDGE_CURVE ( 'NONE', #743, #260, #5190, .T. ) ;
#3518 = ORIENTED_EDGE ( 'NONE', *, *, #5241, .T. ) ;
#3519 = LINE ( 'NONE', #155, #661 ) ;
#3520 = ORIENTED_EDGE ( 'NONE', *, *, #5426, .F. ) ;
#3521 = ORIENTED_EDGE ( 'NONE', *, *, #5882, .T. ) ;
#3522 = AXIS2_PLACEMENT_3D ( 'NONE', #2619, #4706, #50 ) ;
#3523 = VERTEX_POINT ( 'NONE', #6431 ) ;
#3524 = CARTESIAN_POINT ( 'NONE',  ( 0.3315039370078740600, 0.02700787401574807100, -0.07301574803150363800 ) ) ;
#3525 = EDGE_LOOP ( 'NONE', ( #6527, #1992, #6608 ) ) ;
#3526 = DIRECTION ( 'NONE',  ( -1.127570259384924600E-017, 1.000000000000000000, 2.775557561562891400E-017 ) ) ;
#3527 = EDGE_CURVE ( 'NONE', #489, #4050, #2781, .T. ) ;
#3528 = EDGE_CURVE ( 'NONE', #5359, #401, #641, .T. ) ;
#3529 = LINE ( 'NONE', #4868, #2629 ) ;
#3530 = ORIENTED_EDGE ( 'NONE', *, *, #1469, .T. ) ;
#3531 = ORIENTED_EDGE ( 'NONE', *, *, #2253, .T. ) ;
#3532 = CARTESIAN_POINT ( 'NONE',  ( -0.5279550328935342900, 0.005993953971255646900, 0.2704096736459910600 ) ) ;
#3533 = PLANE ( 'NONE',  #1875 ) ;
#3534 = CARTESIAN_POINT ( 'NONE',  ( -0.5279550328935339600, 0.005993953971255740500, 0.3295903263540093700 ) ) ;
#3535 = EDGE_LOOP ( 'NONE', ( #6073, #2624, #4797, #5354 ) ) ;
#3536 = PRESENTATION_STYLE_ASSIGNMENT (( #3853 ) ) ;
#3537 = VECTOR ( 'NONE', #2032, 39.37007874015748100 ) ;
#3538 = MECHANICAL_DESIGN_GEOMETRIC_PRESENTATION_REPRESENTATION (  '', ( #3406 ), #3888 ) ;
#3539 = PLANE ( 'NONE',  #5512 ) ;
#3540 = DIRECTION ( 'NONE',  ( -3.611517186439268300E-017, 1.000000000000000000, 2.775557561562892000E-017 ) ) ;
#3541 = DIRECTION ( 'NONE',  ( -1.000000000000000000, -3.611517186439268300E-017, 0.0000000000000000000 ) ) ;
#3542 = ORIENTED_EDGE ( 'NONE', *, *, #586, .F. ) ;
#3543 = FACE_OUTER_BOUND ( 'NONE', #908, .T. ) ;
#3544 = ADVANCED_FACE ( 'NONE', ( #2047 ), #6045, .F. ) ;
#3545 = ORIENTED_EDGE ( 'NONE', *, *, #4225, .T. ) ;
#3546 = CARTESIAN_POINT ( 'NONE',  ( -0.4679999999999997500, 0.2544251968503935500, -0.3392125984252100100 ) ) ;
#3547 = EDGE_CURVE ( 'NONE', #4096, #93, #418, .T. ) ;
#3548 = EDGE_LOOP ( 'NONE', ( #4968, #5129, #5219, #204 ) ) ;
#3549 = VECTOR ( 'NONE', #2502, 39.37007874015748100 ) ;
#3550 = VERTEX_POINT ( 'NONE', #1872 ) ;
#3551 =( BOUNDED_CURVE ( )  B_SPLINE_CURVE ( 3, ( #6392, #3770, #362, #1430 ),
 .UNSPECIFIED., .F., .F. ) 
 B_SPLINE_CURVE_WITH_KNOTS ( ( 4, 4 ),
 ( 2.052050785681935000, 3.141592653589793100 ),
 .UNSPECIFIED. ) 
 CURVE ( )  GEOMETRIC_REPRESENTATION_ITEM ( )  RATIONAL_B_SPLINE_CURVE ( ( 1.000000000000000000, 0.9034973468845969300, 0.9034973468845969300, 1.000000000000000000 ) ) 
 REPRESENTATION_ITEM ( '' )  );
#3552 = LINE ( 'NONE', #2277, #6402 ) ;
#3553 = FACE_OUTER_BOUND ( 'NONE', #4087, .T. ) ;
#3554 = CARTESIAN_POINT ( 'NONE',  ( -0.5299999999995468300, -0.1299999999999999500, -0.2999999999999999900 ) ) ;
#3555 = CARTESIAN_POINT ( 'NONE',  ( -0.5500000000000000400, 0.08049654212842370600, 0.03500000000000009400 ) ) ;
#3556 = CARTESIAN_POINT ( 'NONE',  ( 0.5859999999999999700, 0.01000000000000013900, 0.03600000000000017800 ) ) ;
#3557 = ADVANCED_FACE ( 'NONE', ( #322 ), #1370, .T. ) ;
#3558 = VECTOR ( 'NONE', #2059, 39.37007874015748100 ) ;
#3559 = VECTOR ( 'NONE', #6520, 39.37007874015748100 ) ;
#3560 = DIRECTION ( 'NONE',  ( -5.551115123125782700E-017, 0.0000000000000000000, 1.000000000000000000 ) ) ;
#3561 = CARTESIAN_POINT ( 'NONE',  ( 0.5500000000000000400, 1.365923996832131600E-016, -0.2999999999999998800 ) ) ;
#3562 = CARTESIAN_POINT ( 'NONE',  ( -0.6500000000000000200, 0.08999999999999902500, 0.3236074670390378700 ) ) ;
#3563 = ORIENTED_EDGE ( 'NONE', *, *, #2603, .F. ) ;
#3564 = MANIFOLD_SOLID_BREP ( 'I6A4W010A033V-001-R-1-solid16', #383 ) ;
#3565 = AXIS2_PLACEMENT_3D ( 'NONE', #549, #620, #41 ) ;
#3566 = FILL_AREA_STYLE_COLOUR ( '', #4892 ) ;
#3567 = EDGE_CURVE ( 'NONE', #5724, #2632, #2856, .T. ) ;
#3568 = LINE ( 'NONE', #4986, #4779 ) ;
#3569 = DIRECTION ( 'NONE',  ( 1.954082057455163300E-016, -6.982962677686265900E-015, -1.000000000000000000 ) ) ;
#3570 = CARTESIAN_POINT ( 'NONE',  ( 0.5500000000000000400, 1.821254398020274400E-017, -0.1700000000000000400 ) ) ;
#3571 = AXIS2_PLACEMENT_3D ( 'NONE', #4263, #577, #1703 ) ;
#3572 = LINE ( 'NONE', #2179, #5351 ) ;
#3573 = ADVANCED_FACE ( 'NONE', ( #3907 ), #826, .F. ) ;
#3574 = EDGE_CURVE ( 'NONE', #4097, #5956, #3126, .T. ) ;
#3575 = FILL_AREA_STYLE ('',( #3595 ) ) ;
#3576 = PRESENTATION_STYLE_ASSIGNMENT (( #6354 ) ) ;
#3577 = VERTEX_POINT ( 'NONE', #2319 ) ;
#3578 = CIRCLE ( 'NONE', #4469, 0.01999999999999990700 ) ;
#3579 = CARTESIAN_POINT ( 'NONE',  ( -0.5212771867673097200, -5.503440037320368500E-017, 0.01999999999999999000 ) ) ;
#3580 = ORIENTED_EDGE ( 'NONE', *, *, #2431, .F. ) ;
#3581 = CARTESIAN_POINT ( 'NONE',  ( 0.5188000400641282800, 0.09000000000000013500, -0.01586072192556180900 ) ) ;
#3582 = ADVANCED_FACE ( 'NONE', ( #1477 ), #5784, .T. ) ;
#3583 = CARTESIAN_POINT ( 'NONE',  ( 0.5500000000000001600, -0.1299999999977155500, -0.1499999999999999700 ) ) ;
#3584 = AXIS2_PLACEMENT_3D ( 'NONE', #1109, #3257, #3323 ) ;
#3585 = EDGE_CURVE ( 'NONE', #5471, #3040, #4958, .T. ) ;
#3586 = LINE ( 'NONE', #1629, #557 ) ;
#3587 = PLANE ( 'NONE',  #2711 ) ;
#3588 = ORIENTED_EDGE ( 'NONE', *, *, #1923, .F. ) ;
#3589 = ORIENTED_EDGE ( 'NONE', *, *, #4777, .F. ) ;
#3590 = ADVANCED_FACE ( 'NONE', ( #1639 ), #784, .F. ) ;
#3591 = PRESENTATION_STYLE_ASSIGNMENT (( #3699 ) ) ;
#3592 = ORIENTED_EDGE ( 'NONE', *, *, #4953, .T. ) ;
#3593 = CLOSED_SHELL ( 'NONE', ( #4622, #5698, #2416, #3609, #6004, #3124, #1985, #447, #4464, #1342, #5128, #5734, #4940, #538 ) ) ;
#3594 = ORIENTED_EDGE ( 'NONE', *, *, #4620, .F. ) ;
#3595 = FILL_AREA_STYLE_COLOUR ( '', #1202 ) ;
#3596 = CARTESIAN_POINT ( 'NONE',  ( -0.5383137692791074600, 0.009375000000000050000, 0.3350000000000005200 ) ) ;
#3597 = DIMENSIONAL_EXPONENTS ( 1.000000000000000000, 0.0000000000000000000, 0.0000000000000000000, 0.0000000000000000000, 0.0000000000000000000, 0.0000000000000000000, 0.0000000000000000000 ) ;
#3598 = VERTEX_POINT ( 'NONE', #309 ) ;
#3599 = EDGE_LOOP ( 'NONE', ( #5042, #558, #3769, #58 ) ) ;
#3600 = AXIS2_PLACEMENT_3D ( 'NONE', #4819, #3371, #1319 ) ;
#3601 = CARTESIAN_POINT ( 'NONE',  ( 0.5500000000000001600, -0.1299999999999999500, -0.1699999999999999000 ) ) ;
#3602 = DIRECTION ( 'NONE',  ( -8.326672684688670400E-017, -1.905486357431723600E-016, 1.000000000000000000 ) ) ;
#3603 = LINE ( 'NONE', #1846, #5304 ) ;
#3604 = AXIS2_PLACEMENT_3D ( 'NONE', #3171, #4203, #2184 ) ;
#3605 = PLANE ( 'NONE',  #3874 ) ;
#3606 = EDGE_CURVE ( 'NONE', #1976, #3141, #5442, .T. ) ;
#3607 = CARTESIAN_POINT ( 'NONE',  ( -0.01662992125984251400, 0.04078740157480230400, 0.3426062992125839000 ) ) ;
#3608 = ORIENTED_EDGE ( 'NONE', *, *, #4213, .T. ) ;
#3609 = ADVANCED_FACE ( 'NONE', ( #2683 ), #2475, .F. ) ;
#3610 = EDGE_LOOP ( 'NONE', ( #4183, #1072, #4748, #6715 ) ) ;
#3611 = PLANE ( 'NONE',  #4787 ) ;
#3612 = VERTEX_POINT ( 'NONE', #6578 ) ;
#3613 = CIRCLE ( 'NONE', #3739, 0.03500000000000003800 ) ;
#3614 = AXIS2_PLACEMENT_3D ( 'NONE', #5744, #4195, #6254 ) ;
#3615 = VECTOR ( 'NONE', #450, 39.37007874015748100 ) ;
#3616 = DIRECTION ( 'NONE',  ( 0.0000000000000000000, 0.4447342106578355300, -0.8956625937653933700 ) ) ;
#3617 = EDGE_CURVE ( 'NONE', #1918, #260, #802, .T. ) ;
#3618 = EDGE_CURVE ( 'NONE', #5541, #2258, #979, .T. ) ;
#3619 = ADVANCED_FACE ( 'NONE', ( #6177 ), #4041, .F. ) ;
#3620 = EDGE_LOOP ( 'NONE', ( #5373, #3359, #2714, #5853 ) ) ;
#3621 = ORIENTED_EDGE ( 'NONE', *, *, #1352, .F. ) ;
#3622 = CARTESIAN_POINT ( 'NONE',  ( -0.5635324800440390000, 0.08049654212842369300, 0.03500000000000010700 ) ) ;
#3623 = STYLED_ITEM ( 'NONE', ( #3186 ), #6486 ) ;
#3624 = PLANE ( 'NONE',  #1896 ) ;
#3625 = CLOSED_SHELL ( 'NONE', ( #271, #4702, #2012, #431, #6679, #1549 ) ) ;
#3626 = ADVANCED_FACE ( 'NONE', ( #1312 ), #3539, .F. ) ;
#3627 = LINE ( 'NONE', #111, #1524 ) ;
#3628 = AXIS2_PLACEMENT_3D ( 'NONE', #2844, #759, #3424 ) ;
#3629 = CARTESIAN_POINT ( 'NONE',  ( 0.5500000000000000400, 0.1300000000000000000, -0.1499999999999999100 ) ) ;
#3630 = DIRECTION ( 'NONE',  ( 0.0000000000000000000, 0.0000000000000000000, 1.000000000000000000 ) ) ;
#3631 = DIRECTION ( 'NONE',  ( 0.0000000000000000000, 0.0000000000000000000, 1.000000000000000000 ) ) ;
#3632 =( NAMED_UNIT ( * ) SI_UNIT ( $, .STERADIAN. ) SOLID_ANGLE_UNIT ( ) );
#3633 = VECTOR ( 'NONE', #3500, 39.37007874015748100 ) ;
#3634 = CARTESIAN_POINT ( 'NONE',  ( -0.5500000000000000400, 0.009374999999999951100, 0.03500000000000008000 ) ) ;
#3635 = EDGE_CURVE ( 'NONE', #1590, #3891, #5274, .T. ) ;
#3636 = UNCERTAINTY_MEASURE_WITH_UNIT (LENGTH_MEASURE( 1.000000000000000100E-005 ), #3780, 'distance_accuracy_value', 'NONE');
#3637 = CARTESIAN_POINT ( 'NONE',  ( 0.5500000000000000400, 0.08049654212842388700, -0.1849999999999999100 ) ) ;
#3638 = DIRECTION ( 'NONE',  ( -1.127570259384924600E-017, 1.000000000000000000, 2.775557561562891400E-017 ) ) ;
#3639 = LINE ( 'NONE', #2194, #5507 ) ;
#3640 = LINE ( 'NONE', #359, #857 ) ;
#3641 = ORIENTED_EDGE ( 'NONE', *, *, #1359, .F. ) ;
#3642 = EDGE_LOOP ( 'NONE', ( #375, #1255, #95, #6755, #2105 ) ) ;
#3643 = ADVANCED_FACE ( 'NONE', ( #3163 ), #6084, .T. ) ;
#3644 = LINE ( 'NONE', #4649, #310 ) ;
#3645 = DIRECTION ( 'NONE',  ( -1.000000000000000000, 0.0000000000000000000, 0.0000000000000000000 ) ) ;
#3646 = EDGE_CURVE ( 'NONE', #1332, #1679, #5619, .T. ) ;
#3647 = EDGE_LOOP ( 'NONE', ( #6453, #5940, #5416, #1667 ) ) ;
#3648 = CARTESIAN_POINT ( 'NONE',  ( 0.5500000000000000400, 9.330759783201512000E-018, -0.1300000000000001200 ) ) ;
#3649 = CARTESIAN_POINT ( 'NONE',  ( 0.5500000000000000400, -0.1450000000001269700, -0.2999999999999998800 ) ) ;
#3650 = ADVANCED_FACE ( 'NONE', ( #75 ), #4071, .T. ) ;
#3651 = FACE_OUTER_BOUND ( 'NONE', #4132, .T. ) ;
#3652 = DIRECTION ( 'NONE',  ( 0.0000000000000000000, -1.000000000000000000, -1.387778780781445400E-016 ) ) ;
#3653 = EDGE_CURVE ( 'NONE', #1831, #4023, #4, .T. ) ;
#3654 = EDGE_CURVE ( 'NONE', #3027, #3852, #3578, .T. ) ;
#3655 = VECTOR ( 'NONE', #5327, 39.37007874015748100 ) ;
#3656 = ADVANCED_FACE ( 'NONE', ( #4563 ), #4538, .T. ) ;
#3657 = DIRECTION ( 'NONE',  ( -5.551115123125788900E-017, 0.0000000000000000000, 1.000000000000000000 ) ) ;
#3658 = ORIENTED_EDGE ( 'NONE', *, *, #3229, .T. ) ;
#3659 = ORIENTED_EDGE ( 'NONE', *, *, #2873, .F. ) ;
#3660 = FACE_OUTER_BOUND ( 'NONE', #3502, .T. ) ;
#3661 = ORIENTED_EDGE ( 'NONE', *, *, #2349, .F. ) ;
#3662 = CARTESIAN_POINT ( 'NONE',  ( -0.5212771867673099400, -4.677183174027933600E-017, -0.02000000000000005900 ) ) ;
#3663 = ORIENTED_EDGE ( 'NONE', *, *, #6703, .F. ) ;
#3664 = PLANE ( 'NONE',  #3833 ) ;
#3665 = CIRCLE ( 'NONE', #25, 0.05100000000000001800 ) ;
#3666 = FACE_OUTER_BOUND ( 'NONE', #347, .T. ) ;
#3667 = DIRECTION ( 'NONE',  ( 1.127570259384924600E-016, -1.000000000000000000, -2.220446049250313100E-016 ) ) ;
#3668 = ORIENTED_EDGE ( 'NONE', *, *, #5486, .F. ) ;
#3669 = ORIENTED_EDGE ( 'NONE', *, *, #370, .F. ) ;
#3670 = CARTESIAN_POINT ( 'NONE',  ( -0.4679842519685032400, 0.2544251968503937800, 0.1002125984251970400 ) ) ;
#3671 = CARTESIAN_POINT ( 'NONE',  ( -0.01662992125984251400, 0.08999999999999362700, -0.4500000000000007300 ) ) ;
#3672 = EDGE_LOOP ( 'NONE', ( #2266, #1582 ) ) ;
#3673 = EDGE_CURVE ( 'NONE', #928, #729, #6347, .T. ) ;
#3674 = ADVANCED_FACE ( 'NONE', ( #1807 ), #1954, .F. ) ;
#3675 = SURFACE_STYLE_FILL_AREA ( #5209 ) ;
#3676 = ORIENTED_EDGE ( 'NONE', *, *, #5124, .T. ) ;
#3677 = CARTESIAN_POINT ( 'NONE',  ( -0.3420157480314957600, 0.2544251968503935500, -0.3392125984252100100 ) ) ;
#3678 = ORIENTED_EDGE ( 'NONE', *, *, #5214, .T. ) ;
#3679 = VECTOR ( 'NONE', #5901, 39.37007874015748100 ) ;
#3680 = ORIENTED_EDGE ( 'NONE', *, *, #3764, .T. ) ;
#3681 = VERTEX_POINT ( 'NONE', #4906 ) ;
#3682 = EDGE_LOOP ( 'NONE', ( #6047, #3621 ) ) ;
#3683 = EDGE_LOOP ( 'NONE', ( #4593, #5898, #4256, #1607 ) ) ;
#3684 = DIRECTION ( 'NONE',  ( -1.000000000000000000, 8.382609021623082900E-017, 0.0000000000000000000 ) ) ;
#3685 = CARTESIAN_POINT ( 'NONE',  ( 0.2505039370078739300, 0.08999999999999362700, -0.4500000000000007300 ) ) ;
#3686 = EDGE_LOOP ( 'NONE', ( #3669, #1601, #3944, #4052, #3915 ) ) ;
#3687 = LINE ( 'NONE', #5393, #2312 ) ;
#3688 = CARTESIAN_POINT ( 'NONE',  ( -0.5500000000000000400, -5.394409372124896300E-017, -6.829619984160658000E-017 ) ) ;
#3689 = ADVANCED_FACE ( 'NONE', ( #2200 ), #665, .T. ) ;
#3690 = ORIENTED_EDGE ( 'NONE', *, *, #1221, .F. ) ;
#3691 = CARTESIAN_POINT ( 'NONE',  ( -0.6500000000000000200, 0.08999999999999991300, 0.4499999999999991800 ) ) ;
#3692 = EDGE_LOOP ( 'NONE', ( #5216, #1748, #6714, #659 ) ) ;
#3693 = PLANE ( 'NONE',  #119 ) ;
#3694 = MECHANICAL_DESIGN_GEOMETRIC_PRESENTATION_REPRESENTATION (  '', ( #905 ), #4047 ) ;
#3695 = PLANE ( 'NONE',  #5849 ) ;
#3696 = EDGE_LOOP ( 'NONE', ( #6422, #6563, #1148, #3909 ) ) ;
#3697 = LINE ( 'NONE', #5184, #6557 ) ;
#3698 = CARTESIAN_POINT ( 'NONE',  ( -0.6500000000000000200, 0.1559999999999959500, 0.4499999999999989600 ) ) ;
#3699 = SURFACE_STYLE_USAGE ( .BOTH. , #4672 ) ;
#3700 = PLANE ( 'NONE',  #78 ) ;
#3701 = LENGTH_MEASURE_WITH_UNIT ( LENGTH_MEASURE( 0.02539999999999999900 ), #219 );
#3702 = CARTESIAN_POINT ( 'NONE',  ( -0.4679842519685032400, 0.2544251968503936600, 0.1207874015748034000 ) ) ;
#3703 = AXIS2_PLACEMENT_3D ( 'NONE', #5230, #4303, #2129 ) ;
#3704 = DIRECTION ( 'NONE',  ( -0.0000000000000000000, -1.000000000000000000, -3.132540046889706200E-016 ) ) ;
#3705 = ORIENTED_EDGE ( 'NONE', *, *, #6218, .T. ) ;
#3706 = DIMENSIONAL_EXPONENTS ( 1.000000000000000000, 0.0000000000000000000, 0.0000000000000000000, 0.0000000000000000000, 0.0000000000000000000, 0.0000000000000000000, 0.0000000000000000000 ) ;
#3707 = LINE ( 'NONE', #2460, #4197 ) ;
#3708 = LINE ( 'NONE', #5491, #1606 ) ;
#3709 = DIRECTION ( 'NONE',  ( -1.000000000000000000, 0.0000000000000000000, 0.0000000000000000000 ) ) ;
#3710 = CARTESIAN_POINT ( 'NONE',  ( -0.6500000000000000200, 0.08999999999999991300, 0.4499999999999991800 ) ) ;
#3711 = CARTESIAN_POINT ( 'NONE',  ( -0.5499999999999998200, -0.1450000000001269400, -0.2999999999999999900 ) ) ;
#3712 = AXIS2_PLACEMENT_3D ( 'NONE', #5889, #653, #4318 ) ;
#3713 = DIRECTION ( 'NONE',  ( 1.000000000000000000, 6.076910945164084400E-017, -3.017442294953562000E-017 ) ) ;
#3714 = VECTOR ( 'NONE', #2786, 39.37007874015748100 ) ;
#3715 = CARTESIAN_POINT ( 'NONE',  ( -0.6500000000000000200, 0.1559999999999959500, 0.4499999999999989600 ) ) ;
#3716 = DIRECTION ( 'NONE',  ( 0.0000000000000000000, 0.4447342106578353600, -0.8956625937653933700 ) ) ;
#3717 = ORIENTED_EDGE ( 'NONE', *, *, #3635, .T. ) ;
#3718 = DIRECTION ( 'NONE',  ( 0.0000000000000000000, 0.4447342106578353600, 0.8956625937653933700 ) ) ;
#3719 = DIRECTION ( 'NONE',  ( 1.746849823612013600E-017, -0.8479983040050894600, -0.5299989400031778200 ) ) ;
#3720 = UNCERTAINTY_MEASURE_WITH_UNIT (LENGTH_MEASURE( 1.000000000000000100E-005 ), #1653, 'distance_accuracy_value', 'NONE');
#3721 = DIRECTION ( 'NONE',  ( 1.127570259384924600E-016, -1.000000000000000000, -2.220446049250313100E-016 ) ) ;
#3722 = LINE ( 'NONE', #2944, #5344 ) ;
#3723 = DIRECTION ( 'NONE',  ( 1.000000000000000000, -0.0000000000000000000, 0.0000000000000000000 ) ) ;
#3724 = ORIENTED_EDGE ( 'NONE', *, *, #507, .F. ) ;
#3725 = DIRECTION ( 'NONE',  ( 0.0000000000000000000, 6.982962677686265900E-015, 1.000000000000000000 ) ) ;
#3726 = DIRECTION ( 'NONE',  ( -0.7071067811865474600, 0.0000000000000000000, 0.7071067811865474600 ) ) ;
#3727 = DIRECTION ( 'NONE',  ( 1.878372261753385200E-016, -1.000000000000000000, 0.0000000000000000000 ) ) ;
#3728 = FACE_OUTER_BOUND ( 'NONE', #3908, .T. ) ;
#3729 = DIRECTION ( 'NONE',  ( 1.117039367744597100E-032, -1.000000000000000000, 0.0000000000000000000 ) ) ;
#3730 = DIRECTION ( 'NONE',  ( 1.110223024625156500E-016, 0.0000000000000000000, -1.000000000000000000 ) ) ;
#3731 = DIRECTION ( 'NONE',  ( 0.0000000000000000000, 0.0000000000000000000, 1.000000000000000000 ) ) ;
#3732 = DIRECTION ( 'NONE',  ( 0.0000000000000000000, 0.0000000000000000000, 1.000000000000000000 ) ) ;
#3733 = LINE ( 'NONE', #3562, #3082 ) ;
#3734 = EDGE_CURVE ( 'NONE', #2144, #3612, #3013, .T. ) ;
#3735 = CARTESIAN_POINT ( 'NONE',  ( -0.5500000000000000400, 0.08999999999999996900, 6.829619984160658000E-017 ) ) ;
#3736 = PLANE ( 'NONE',  #4627 ) ;
#3737 = CARTESIAN_POINT ( 'NONE',  ( -0.5188000400641282800, 0.08999999999999946900, 0.3158607219255620800 ) ) ;
#3738 = CIRCLE ( 'NONE', #2666, 0.01999999999999992400 ) ;
#3739 = AXIS2_PLACEMENT_3D ( 'NONE', #5269, #2177, #5895 ) ;
#3740 = CLOSED_SHELL ( 'NONE', ( #5006, #6224, #467, #5726, #3329, #531 ) ) ;
#3741 = CARTESIAN_POINT ( 'NONE',  ( -0.6500000000000000200, 0.08999999999999538900, -0.1990000000000075600 ) ) ;
#3742 = VECTOR ( 'NONE', #3400, 39.37007874015748100 ) ;
#3743 = EDGE_LOOP ( 'NONE', ( #4815, #4056, #5581, #5809 ) ) ;
#3744 = EDGE_CURVE ( 'NONE', #5181, #1727, #4237, .T. ) ;
#3745 =( GEOMETRIC_REPRESENTATION_CONTEXT ( 3 ) GLOBAL_UNCERTAINTY_ASSIGNED_CONTEXT ( ( #5693 ) ) GLOBAL_UNIT_ASSIGNED_CONTEXT ( ( #94, #2639, #4790 ) ) REPRESENTATION_CONTEXT ( 'NONE', 'WORKASPACE' ) );
#3746 = LINE ( 'NONE', #316, #6521 ) ;
#3747 = FACE_OUTER_BOUND ( 'NONE', #879, .T. ) ;
#3748 = ORIENTED_EDGE ( 'NONE', *, *, #4584, .T. ) ;
#3749 = ORIENTED_EDGE ( 'NONE', *, *, #916, .T. ) ;
#3750 = ORIENTED_EDGE ( 'NONE', *, *, #3916, .F. ) ;
#3751 = DIRECTION ( 'NONE',  ( 1.000000000000000000, 0.0000000000000000000, 0.0000000000000000000 ) ) ;
#3752 = AXIS2_PLACEMENT_3D ( 'NONE', #4169, #536, #5762 ) ;
#3753 = FACE_OUTER_BOUND ( 'NONE', #1011, .T. ) ;
#3754 = CARTESIAN_POINT ( 'NONE',  ( -0.5500000000000000400, 0.009374999999999883400, 0.2650000000000002900 ) ) ;
#3755 = ORIENTED_EDGE ( 'NONE', *, *, #818, .F. ) ;
#3756 = ORIENTED_EDGE ( 'NONE', *, *, #52, .F. ) ;
#3757 =( NAMED_UNIT ( * ) SI_UNIT ( $, .STERADIAN. ) SOLID_ANGLE_UNIT ( ) );
#3758 =( NAMED_UNIT ( * ) PLANE_ANGLE_UNIT ( ) SI_UNIT ( $, .RADIAN. ) );
#3759 = EDGE_LOOP ( 'NONE', ( #2727, #4650, #6579, #1941 ) ) ;
#3760 = LENGTH_MEASURE_WITH_UNIT ( LENGTH_MEASURE( 0.02539999999999999900 ), #6440 );
#3761 = CARTESIAN_POINT ( 'NONE',  ( -0.5635324800440391100, 0.08049654212842384500, -0.03499999999999996200 ) ) ;
#3762 = DIRECTION ( 'NONE',  ( 1.000000000000000000, -0.0000000000000000000, 0.0000000000000000000 ) ) ;
#3763 = VERTEX_POINT ( 'NONE', #3285 ) ;
#3764 = EDGE_CURVE ( 'NONE', #2160, #338, #1645, .T. ) ;
#3765 = EDGE_LOOP ( 'NONE', ( #5368, #5424, #6275, #5831 ) ) ;
#3766 = EDGE_LOOP ( 'NONE', ( #2948, #332, #4476, #188 ) ) ;
#3767 = CARTESIAN_POINT ( 'NONE',  ( 0.5603070866141747200, 0.2347401574803148800, 0.2419370078740151800 ) ) ;
#3768 = FACE_OUTER_BOUND ( 'NONE', #2429, .T. ) ;
#3769 = ORIENTED_EDGE ( 'NONE', *, *, #1840, .T. ) ;
#3770 = CARTESIAN_POINT ( 'NONE',  ( 0.5861800826538761100, 0.08368936704111580600, -0.3408938891721210500 ) ) ;
#3771 = ORIENTED_EDGE ( 'NONE', *, *, #633, .F. ) ;
#3772 = AXIS2_PLACEMENT_3D ( 'NONE', #3835, #708, #177 ) ;
#3773 = ORIENTED_EDGE ( 'NONE', *, *, #1885, .F. ) ;
#3774 = CYLINDRICAL_SURFACE ( 'NONE', #3522, 0.01999999999999992400 ) ;
#3775 = EDGE_CURVE ( 'NONE', #4397, #5562, #5883, .T. ) ;
#3776 = FILL_AREA_STYLE_COLOUR ( '', #2653 ) ;
#3777 = CARTESIAN_POINT ( 'NONE',  ( -0.3419999999999989700, 0.2544251968503936600, 0.3342125984251971300 ) ) ;
#3778 = VECTOR ( 'NONE', #2906, 39.37007874015748100 ) ;
#3779 = DIRECTION ( 'NONE',  ( 0.0000000000000000000, 0.0000000000000000000, 1.000000000000000000 ) ) ;
#3780 =( CONVERSION_BASED_UNIT ( 'INCH', #5682 ) LENGTH_UNIT ( ) NAMED_UNIT ( #5378 ) );
#3781 = EDGE_CURVE ( 'NONE', #5983, #2160, #4243, .T. ) ;
#3782 = EDGE_CURVE ( 'NONE', #928, #5647, #3551, .T. ) ;
#3783 = CARTESIAN_POINT ( 'NONE',  ( -0.5500000000000000400, 0.08049654212842384500, -0.03499999999999998300 ) ) ;
#3784 = CARTESIAN_POINT ( 'NONE',  ( -0.3420157480314957600, 0.2544251968503935500, -0.1257874015748162700 ) ) ;
#3785 = DIRECTION ( 'NONE',  ( 5.551115123125782700E-017, 0.0000000000000000000, -1.000000000000000000 ) ) ;
#3786 = VECTOR ( 'NONE', #1680, 39.37007874015748100 ) ;
#3787 = DIRECTION ( 'NONE',  ( 0.0000000000000000000, 0.3429264012056981700, -0.9393622748205873200 ) ) ;
#3788 = AXIS2_PLACEMENT_3D ( 'NONE', #6367, #4830, #618 ) ;
#3789 = DIRECTION ( 'NONE',  ( 1.000000000000000000, 0.0000000000000000000, 0.0000000000000000000 ) ) ;
#3790 = DIRECTION ( 'NONE',  ( -1.000000000000000000, 0.0000000000000000000, 6.808368128483062900E-017 ) ) ;
#3791 = LINE ( 'NONE', #136, #2413 ) ;
#3792 = EDGE_CURVE ( 'NONE', #253, #3185, #1733, .T. ) ;
#3793 = STYLED_ITEM ( 'NONE', ( #947 ), #2353 ) ;
#3794 = LINE ( 'NONE', #3741, #2250 ) ;
#3795 = CARTESIAN_POINT ( 'NONE',  ( 0.4754960629921260500, 0.08999999999999498700, -0.2540157480315059500 ) ) ;
#3796 = CARTESIAN_POINT ( 'NONE',  ( -0.4679842519685032400, 0.2544251968503937800, 0.001787401574803257200 ) ) ;
#3797 = COLOUR_RGB ( '',0.5882352941176470800, 0.2941176470588235400, 0.0000000000000000000 ) ;
#3798 = DIRECTION ( 'NONE',  ( 0.0000000000000000000, 0.0000000000000000000, -1.000000000000000000 ) ) ;
#3799 = VERTEX_POINT ( 'NONE', #1373 ) ;
#3800 = ORIENTED_EDGE ( 'NONE', *, *, #1313, .F. ) ;
#3801 = EDGE_CURVE ( 'NONE', #3799, #719, #5047, .T. ) ;
#3802 = CARTESIAN_POINT ( 'NONE',  ( 0.5860000000000000800, 0.09000000000000001100, -0.1658607219255618400 ) ) ;
#3803 = CARTESIAN_POINT ( 'NONE',  ( -0.6500000000000000200, 0.08999999999999498700, -0.2540157480315091100 ) ) ;
#3804 = CLOSED_SHELL ( 'NONE', ( #1883, #875, #3514, #6176, #4668, #3077 ) ) ;
#3805 =( NAMED_UNIT ( * ) PLANE_ANGLE_UNIT ( ) SI_UNIT ( $, .RADIAN. ) );
#3806 = DIRECTION ( 'NONE',  ( -1.000000000000000000, 3.572603406767967500E-017, 0.0000000000000000000 ) ) ;
#3807 = VECTOR ( 'NONE', #2598, 39.37007874015748100 ) ;
#3808 = PLANE ( 'NONE',  #714 ) ;
#3809 = DIRECTION ( 'NONE',  ( -1.711344293466708400E-016, 1.000000000000000000, 2.220446049250313100E-016 ) ) ;
#3810 = DIMENSIONAL_EXPONENTS ( 1.000000000000000000, 0.0000000000000000000, 0.0000000000000000000, 0.0000000000000000000, 0.0000000000000000000, 0.0000000000000000000, 0.0000000000000000000 ) ;
#3811 = DIRECTION ( 'NONE',  ( 1.000000000000000000, -0.0000000000000000000, 0.0000000000000000000 ) ) ;
#3812 = VECTOR ( 'NONE', #3861, 39.37007874015748100 ) ;
#3813 = AXIS2_PLACEMENT_3D ( 'NONE', #5239, #2686, #3684 ) ;
#3814 = ORIENTED_EDGE ( 'NONE', *, *, #2383, .F. ) ;
#3815 = CARTESIAN_POINT ( 'NONE',  ( 0.5500000000000021500, 0.009999999999999995000, 0.3509999999999846600 ) ) ;
#3816 = DIRECTION ( 'NONE',  ( 1.034689081976639900E-014, 0.0000000000000000000, -1.000000000000000000 ) ) ;
#3817 = AXIS2_PLACEMENT_3D ( 'NONE', #201, #2297, #1895 ) ;
#3818 = DIRECTION ( 'NONE',  ( 0.0000000000000000000, -1.000000000000000000, -1.942890293094024200E-016 ) ) ;
#3819 = EDGE_CURVE ( 'NONE', #5598, #3893, #1732, .T. ) ;
#3820 = LENGTH_MEASURE_WITH_UNIT ( LENGTH_MEASURE( 0.02539999999999999900 ), #4245 );
#3821 = LINE ( 'NONE', #573, #4069 ) ;
#3822 = ORIENTED_EDGE ( 'NONE', *, *, #860, .T. ) ;
#3823 = DIRECTION ( 'NONE',  ( -1.127570259384924600E-016, 1.000000000000000000, 2.220446049250313100E-016 ) ) ;
#3824 = VECTOR ( 'NONE', #5236, 39.37007874015748100 ) ;
#3825 = EDGE_LOOP ( 'NONE', ( #5063, #1810, #986, #4025 ) ) ;
#3826 = CARTESIAN_POINT ( 'NONE',  ( -0.6500000000000000200, 0.1559999999999982800, 0.2192125984251970500 ) ) ;
#3827 = CARTESIAN_POINT ( 'NONE',  ( 0.5047928379568019700, 0.08999999999999748500, -0.2763925329609464000 ) ) ;
#3828 = VERTEX_POINT ( 'NONE', #5786 ) ;
#3829 = DIRECTION ( 'NONE',  ( 0.0000000000000000000, 0.4447342106578355300, -0.8956625937653933700 ) ) ;
#3830 = FACE_OUTER_BOUND ( 'NONE', #2783, .T. ) ;
#3831 = LINE ( 'NONE', #6274, #900 ) ;
#3832 = EDGE_CURVE ( 'NONE', #2070, #5025, #4572, .T. ) ;
#3833 = AXIS2_PLACEMENT_3D ( 'NONE', #537, #585, #561 ) ;
#3834 = EDGE_LOOP ( 'NONE', ( #6048, #5050, #3, #5630 ) ) ;
#3835 = CARTESIAN_POINT ( 'NONE',  ( 0.5500000000000000400, 8.537024980200822600E-017, 2.048885995248197400E-016 ) ) ;
#3836 = ORIENTED_EDGE ( 'NONE', *, *, #5923, .T. ) ;
#3837 = DIRECTION ( 'NONE',  ( 1.000000000000000000, 3.611517186439268300E-017, -0.0000000000000000000 ) ) ;
#3838 = CARTESIAN_POINT ( 'NONE',  ( 0.5500000000000021500, -5.122214988120493500E-017, 0.2999999999999846700 ) ) ;
#3839 =( BOUNDED_CURVE ( )  B_SPLINE_CURVE ( 3, ( #449, #14, #6220, #5690 ),
 .UNSPECIFIED., .F., .F. ) 
 B_SPLINE_CURVE_WITH_KNOTS ( ( 4, 4 ),
 ( 5.182699915743512500, 6.283185307179586200 ),
 .UNSPECIFIED. ) 
 CURVE ( )  GEOMETRIC_REPRESENTATION_ITEM ( )  RATIONAL_B_SPLINE_CURVE ( ( 1.000000000000000000, 0.9015984286673690600, 0.9015984286673690600, 1.000000000000000000 ) ) 
 REPRESENTATION_ITEM ( '' )  );
#3840 = ORIENTED_EDGE ( 'NONE', *, *, #2818, .T. ) ;
#3841 = STYLED_ITEM ( 'NONE', ( #883 ), #3564 ) ;
#3842 = PLANE ( 'NONE',  #4950 ) ;
#3843 = CARTESIAN_POINT ( 'NONE',  ( 0.3944960629921259700, 0.02700787401574812300, -0.3800000000000132200 ) ) ;
#3844 = EDGE_LOOP ( 'NONE', ( #847, #1666, #6157, #2550 ) ) ;
#3845 = LINE ( 'NONE', #5872, #2303 ) ;
#3846 = CARTESIAN_POINT ( 'NONE',  ( -0.5140000000000000100, 0.08999999999999998300, 0.2841392780744382800 ) ) ;
#3847 = MANIFOLD_SOLID_BREP ( 'I6A4W010A033V-001-R-1-solid27', #5284 ) ;
#3848 = ORIENTED_EDGE ( 'NONE', *, *, #5486, .T. ) ;
#3849 = ORIENTED_EDGE ( 'NONE', *, *, #552, .F. ) ;
#3850 = ORIENTED_EDGE ( 'NONE', *, *, #6399, .T. ) ;
#3851 = DIRECTION ( 'NONE',  ( 0.0000000000000000000, -6.982962677686265900E-015, -1.000000000000000000 ) ) ;
#3852 = VERTEX_POINT ( 'NONE', #2334 ) ;
#3853 = SURFACE_STYLE_USAGE ( .BOTH. , #3232 ) ;
#3854 = CARTESIAN_POINT ( 'NONE',  ( 0.5500000000000000400, -0.1300000000066672500, -0.2999999999999998800 ) ) ;
#3855 = VERTEX_POINT ( 'NONE', #689 ) ;
#3856 = CIRCLE ( 'NONE', #2267, 0.02233974596431661400 ) ;
#3857 = EDGE_CURVE ( 'NONE', #3027, #1977, #6, .T. ) ;
#3858 = DIRECTION ( 'NONE',  ( 0.0000000000000000000, 1.000000000000000000, 1.942890293094024200E-016 ) ) ;
#3859 = ORIENTED_EDGE ( 'NONE', *, *, #4213, .F. ) ;
#3860 =( BOUNDED_CURVE ( )  B_SPLINE_CURVE ( 3, ( #1717, #6393, #153, #4352 ),
 .UNSPECIFIED., .F., .F. ) 
 B_SPLINE_CURVE_WITH_KNOTS ( ( 4, 4 ),
 ( 5.182699915743491200, 6.283185307179586200 ),
 .UNSPECIFIED. ) 
 CURVE ( )  GEOMETRIC_REPRESENTATION_ITEM ( )  RATIONAL_B_SPLINE_CURVE ( ( 1.000000000000000000, 0.9015984286673651700, 0.9015984286673651700, 1.000000000000000000 ) ) 
 REPRESENTATION_ITEM ( '' )  );
#3861 = DIRECTION ( 'NONE',  ( 0.0000000000000000000, -6.982962677686265900E-015, -1.000000000000000000 ) ) ;
#3862 = LINE ( 'NONE', #1594, #5986 ) ;
#3863 = SURFACE_STYLE_USAGE ( .BOTH. , #2764 ) ;
#3864 = CARTESIAN_POINT ( 'NONE',  ( 0.4125039370078741900, 0.02700787401574807100, -0.1990000000000042800 ) ) ;
#3865 = AXIS2_PLACEMENT_3D ( 'NONE', #5201, #1174, #2667 ) ;
#3866 = CARTESIAN_POINT ( 'NONE',  ( 0.5613397459610513000, -0.1450000000001269400, 1.385114056619661700E-016 ) ) ;
#3867 = CARTESIAN_POINT ( 'NONE',  ( 0.4754960629921261600, 0.08999999999999538900, -0.1990000000000042800 ) ) ;
#3868 = EDGE_CURVE ( 'NONE', #914, #2068, #172, .T. ) ;
#3869 = EDGE_LOOP ( 'NONE', ( #2127, #2299, #1816, #4666 ) ) ;
#3870 = CARTESIAN_POINT ( 'NONE',  ( -0.6500000000000000200, 0.08999999999999897000, 0.3158607219255620300 ) ) ;
#3871 = DIRECTION ( 'NONE',  ( -0.0000000000000000000, -0.0000000000000000000, -1.000000000000000000 ) ) ;
#3872 = DIRECTION ( 'NONE',  ( -0.0000000000000000000, 6.982962677686265900E-015, 1.000000000000000000 ) ) ;
#3873 = CARTESIAN_POINT ( 'NONE',  ( 0.6010000000000023100, 0.01000000000000000000, 0.2489999999999846200 ) ) ;
#3874 = AXIS2_PLACEMENT_3D ( 'NONE', #5142, #4651, #1614 ) ;
#3875 = VECTOR ( 'NONE', #744, 39.37007874015748100 ) ;
#3876 = LINE ( 'NONE', #4515, #6077 ) ;
#3877 = EDGE_CURVE ( 'NONE', #4293, #5904, #4755, .T. ) ;
#3878 = EDGE_CURVE ( 'NONE', #1150, #4927, #3665, .T. ) ;
#3879 = DIRECTION ( 'NONE',  ( -0.0000000000000000000, -1.000000000000000000, -1.942890293094024200E-016 ) ) ;
#3880 = ORIENTED_EDGE ( 'NONE', *, *, #291, .T. ) ;
#3881 = DIRECTION ( 'NONE',  ( 1.280553747225428500E-015, 1.000000000000000000, -4.268512490751471600E-016 ) ) ;
#3882 = FACE_OUTER_BOUND ( 'NONE', #1427, .T. ) ;
#3883 = CARTESIAN_POINT ( 'NONE',  ( 0.5338300809212496200, 0.01000000000000002100, -0.3509999999999998700 ) ) ;
#3884 = VERTEX_POINT ( 'NONE', #264 ) ;
#3885 = MECHANICAL_DESIGN_GEOMETRIC_PRESENTATION_REPRESENTATION (  '', ( #3052 ), #5131 ) ;
#3886 = FILL_AREA_STYLE ('',( #737 ) ) ;
#3887 = CARTESIAN_POINT ( 'NONE',  ( 0.5279550328935340700, 0.005993953971255859400, 0.02959032635400930800 ) ) ;
#3888 =( GEOMETRIC_REPRESENTATION_CONTEXT ( 3 ) GLOBAL_UNCERTAINTY_ASSIGNED_CONTEXT ( ( #1311 ) ) GLOBAL_UNIT_ASSIGNED_CONTEXT ( ( #4193, #2122, #3757 ) ) REPRESENTATION_CONTEXT ( 'NONE', 'WORKASPACE' ) );
#3889 = ADVANCED_FACE ( 'NONE', ( #5544 ), #3169, .T. ) ;
#3890 = FACE_OUTER_BOUND ( 'NONE', #2665, .T. ) ;
#3891 = VERTEX_POINT ( 'NONE', #6416 ) ;
#3892 = DIRECTION ( 'NONE',  ( -0.0000000000000000000, -1.000000000000000000, -0.0000000000000000000 ) ) ;
#3893 = VERTEX_POINT ( 'NONE', #4902 ) ;
#3894 = CARTESIAN_POINT ( 'NONE',  ( 0.5500000000000021500, 0.08388434700220565000, 0.2489999999999847100 ) ) ;
#3895 = CARTESIAN_POINT ( 'NONE',  ( 0.5276602540372309400, -0.1450000000001270000, -0.2999999999999998800 ) ) ;
#3896 = EDGE_CURVE ( 'NONE', #1918, #1912, #2784, .T. ) ;
#3897 = CARTESIAN_POINT ( 'NONE',  ( 0.5047928379568048500, 0.08999999999999934400, 0.2763925329609291900 ) ) ;
#3898 = DIRECTION ( 'NONE',  ( -1.000000000000000000, 1.396592535537247200E-015, -6.982962677686184900E-016 ) ) ;
#3899 = DIRECTION ( 'NONE',  ( 0.0000000000000000000, 0.0000000000000000000, 1.000000000000000000 ) ) ;
#3900 = COLOUR_RGB ( '',1.000000000000000000, 0.8117647058823529400, 0.5019607843137254800 ) ;
#3901 = CARTESIAN_POINT ( 'NONE',  ( 0.5500000000000000400, 1.365923996832131600E-016, 2.048885995248197400E-016 ) ) ;
#3902 = ORIENTED_EDGE ( 'NONE', *, *, #1038, .T. ) ;
#3903 = CARTESIAN_POINT ( 'NONE',  ( 0.5500000000000000400, 0.7811982419601925000, -0.1699999999999996800 ) ) ;
#3904 =( NAMED_UNIT ( * ) PLANE_ANGLE_UNIT ( ) SI_UNIT ( $, .RADIAN. ) );
#3905 = VECTOR ( 'NONE', #1692, 39.37007874015748100 ) ;
#3906 = VECTOR ( 'NONE', #4971, 39.37007874015748100 ) ;
#3907 = FACE_OUTER_BOUND ( 'NONE', #6273, .T. ) ;
#3908 = EDGE_LOOP ( 'NONE', ( #3935, #2763, #5463, #3836 ) ) ;
#3909 = ORIENTED_EDGE ( 'NONE', *, *, #586, .T. ) ;
#3910 = FACE_OUTER_BOUND ( 'NONE', #5582, .T. ) ;
#3911 = LINE ( 'NONE', #4811, #5790 ) ;
#3912 = CARTESIAN_POINT ( 'NONE',  ( 0.5904969134626331100, 1.371534574798034200E-016, -0.3309999999999999100 ) ) ;
#3913 = CARTESIAN_POINT ( 'NONE',  ( 0.4754960629921260500, 0.02700787401574804300, -0.07301574803150034900 ) ) ;
#3914 = EDGE_CURVE ( 'NONE', #20, #5511, #646, .T. ) ;
#3915 = ORIENTED_EDGE ( 'NONE', *, *, #6012, .F. ) ;
#3916 = EDGE_CURVE ( 'NONE', #4704, #3172, #5448, .T. ) ;
#3917 = ORIENTED_EDGE ( 'NONE', *, *, #2132, .T. ) ;
#3918 = VERTEX_POINT ( 'NONE', #5417 ) ;
#3919 = ADVANCED_FACE ( 'NONE', ( #2608 ), #3808, .T. ) ;
#3920 = FACE_OUTER_BOUND ( 'NONE', #2850, .T. ) ;
#3921 = DIRECTION ( 'NONE',  ( -0.0000000000000000000, 6.982962677686265900E-015, 1.000000000000000000 ) ) ;
#3922 = DIRECTION ( 'NONE',  ( 1.000000000000000000, -0.0000000000000000000, 6.982962677686265900E-015 ) ) ;
#3923 = EDGE_LOOP ( 'NONE', ( #2309, #1121, #6125, #99 ) ) ;
#3924 = CARTESIAN_POINT ( 'NONE',  ( 0.5500000000000000400, 0.009374999999999968400, -0.1849999999999999400 ) ) ;
#3925 = MECHANICAL_DESIGN_GEOMETRIC_PRESENTATION_REPRESENTATION (  '', ( #4829 ), #5173 ) ;
#3926 = CARTESIAN_POINT ( 'NONE',  ( -0.05907086614173251400, 0.1993070866141731000, -0.1080708661417415400 ) ) ;
#3927 = ORIENTED_EDGE ( 'NONE', *, *, #5770, .T. ) ;
#3928 = MECHANICAL_DESIGN_GEOMETRIC_PRESENTATION_REPRESENTATION (  '', ( #1368 ), #1498 ) ;
#3929 = AXIS2_PLACEMENT_3D ( 'NONE', #2305, #2328, #208 ) ;
#3930 = DIRECTION ( 'NONE',  ( 0.0000000000000000000, -1.000000000000000000, 6.982962677686265900E-015 ) ) ;
#3931 = VERTEX_POINT ( 'NONE', #2320 ) ;
#3932 = LINE ( 'NONE', #3288, #493 ) ;
#3933 = DIRECTION ( 'NONE',  ( -1.000000000000000000, -0.0000000000000000000, -0.0000000000000000000 ) ) ;
#3934 = ORIENTED_EDGE ( 'NONE', *, *, #3086, .T. ) ;
#3935 = ORIENTED_EDGE ( 'NONE', *, *, #3415, .T. ) ;
#3936 = CARTESIAN_POINT ( 'NONE',  ( -0.5188000400641282800, 0.08999999999999996900, -0.01586072192556194400 ) ) ;
#3937 = ORIENTED_EDGE ( 'NONE', *, *, #3131, .F. ) ;
#3938 =( BOUNDED_CURVE ( )  B_SPLINE_CURVE ( 3, ( #2234, #5881, #623, #1740 ),
 .UNSPECIFIED., .F., .F. ) 
 B_SPLINE_CURVE_WITH_KNOTS ( ( 4, 4 ),
 ( 5.182699915743494800, 6.283185307179586200 ),
 .UNSPECIFIED. ) 
 CURVE ( )  GEOMETRIC_REPRESENTATION_ITEM ( )  RATIONAL_B_SPLINE_CURVE ( ( 1.000000000000000000, 0.9015984286673659500, 0.9015984286673659500, 1.000000000000000000 ) ) 
 REPRESENTATION_ITEM ( '' )  );
#3939 = ORIENTED_EDGE ( 'NONE', *, *, #4809, .F. ) ;
#3940 = CARTESIAN_POINT ( 'NONE',  ( -0.6500000000000000200, 0.1559999999999950600, -0.2419291338582770000 ) ) ;
#3941 = ORIENTED_EDGE ( 'NONE', *, *, #4782, .T. ) ;
#3942 = PRESENTATION_LAYER_ASSIGNMENT (  '', '', ( #3841 ) ) ;
#3943 = EDGE_CURVE ( 'NONE', #645, #21, #81, .T. ) ;
#3944 = ORIENTED_EDGE ( 'NONE', *, *, #3440, .T. ) ;
#3945 = CARTESIAN_POINT ( 'NONE',  ( 0.2324960629921260000, 0.08999999999999538900, -0.1990000000000141100 ) ) ;
#3946 = VERTEX_POINT ( 'NONE', #217 ) ;
#3947 = FACE_OUTER_BOUND ( 'NONE', #4727, .T. ) ;
#3948 = CIRCLE ( 'NONE', #433, 0.03500000000000003800 ) ;
#3949 = CARTESIAN_POINT ( 'NONE',  ( -0.5499999999999998200, -0.1299999999999999500, -0.2999999999999999900 ) ) ;
#3950 = DIRECTION ( 'NONE',  ( -1.000000000000000000, 3.903127820947802900E-018, 4.428646991611383300E-017 ) ) ;
#3951 = DIRECTION ( 'NONE',  ( -1.351519034798110400E-016, 0.8479983040050895800, -0.5299989400031776000 ) ) ;
#3952 = CARTESIAN_POINT ( 'NONE',  ( -0.4679842519685031300, 0.1559999999999936400, -0.4500000000000011200 ) ) ;
#3953 = ORIENTED_EDGE ( 'NONE', *, *, #3085, .T. ) ;
#3954 = VECTOR ( 'NONE', #872, 39.37007874015748100 ) ;
#3955 = ORIENTED_EDGE ( 'NONE', *, *, #676, .T. ) ;
#3956 = SURFACE_STYLE_USAGE ( .BOTH. , #6022 ) ;
#3957 = CARTESIAN_POINT ( 'NONE',  ( -0.5500000000000000400, -0.1300000000000000900, 0.0000000000000000000 ) ) ;
#3958 = FACE_OUTER_BOUND ( 'NONE', #1879, .T. ) ;
#3959 = LINE ( 'NONE', #3685, #1891 ) ;
#3960 = ADVANCED_FACE ( 'NONE', ( #2690 ), #5958, .F. ) ;
#3961 = CARTESIAN_POINT ( 'NONE',  ( -0.4679999999999997500, 0.2544251968503935500, -0.3392125984252100100 ) ) ;
#3962 = AXIS2_PLACEMENT_3D ( 'NONE', #604, #4718, #5234 ) ;
#3963 = EDGE_CURVE ( 'NONE', #5799, #4658, #6249, .T. ) ;
#3964 = CARTESIAN_POINT ( 'NONE',  ( -0.5500000000000000400, 0.009374999999999866100, -0.03499999999999999600 ) ) ;
#3965 = CARTESIAN_POINT ( 'NONE',  ( -0.5499999999999998200, -0.1300000000021914200, -0.2999999999999999900 ) ) ;
#3966 = DIRECTION ( 'NONE',  ( -1.000000000000000000, 0.0000000000000000000, -0.0000000000000000000 ) ) ;
#3967 = CARTESIAN_POINT ( 'NONE',  ( -0.4130000000000000900, 0.08999999999999362700, -0.4500000000000007300 ) ) ;
#3968 = EDGE_CURVE ( 'NONE', #4628, #2824, #4055, .T. ) ;
#3969 = FACE_OUTER_BOUND ( 'NONE', #5461, .T. ) ;
#3970 = EDGE_CURVE ( 'NONE', #5302, #77, #1481, .T. ) ;
#3971 =( NAMED_UNIT ( * ) SI_UNIT ( $, .STERADIAN. ) SOLID_ANGLE_UNIT ( ) );
#3972 = CIRCLE ( 'NONE', #4596, 0.01133974596298104900 ) ;
#3973 = CARTESIAN_POINT ( 'NONE',  ( -0.4679999999999999200, 0.1559999999999950600, -0.2407874015748163500 ) ) ;
#3974 = ORIENTED_EDGE ( 'NONE', *, *, #2260, .T. ) ;
#3975 = PLANE ( 'NONE',  #434 ) ;
#3976 = EDGE_LOOP ( 'NONE', ( #3934, #4643, #6116, #2803 ) ) ;
#3977 = CARTESIAN_POINT ( 'NONE',  ( -0.1929291338582604400, 0.1993070866141732300, -0.2530708661417410700 ) ) ;
#3978 = LINE ( 'NONE', #5697, #3311 ) ;
#3979 = AXIS2_PLACEMENT_3D ( 'NONE', #392, #3064, #1468 ) ;
#3980 = VECTOR ( 'NONE', #6016, 39.37007874015748100 ) ;
#3981 = CARTESIAN_POINT ( 'NONE',  ( 0.5720449671064658000, 0.005993953971255759600, -0.02959032635400901000 ) ) ;
#3982 = CARTESIAN_POINT ( 'NONE',  ( 0.5500000000000001600, -0.1450000000001269400, -0.1499999999999999700 ) ) ;
#3983 = ORIENTED_EDGE ( 'NONE', *, *, #3037, .T. ) ;
#3984 = AXIS2_PLACEMENT_3D ( 'NONE', #6401, #3823, #4386 ) ;
#3985 = VECTOR ( 'NONE', #1839, 39.37007874015748100 ) ;
#3986 = DIMENSIONAL_EXPONENTS ( 1.000000000000000000, 0.0000000000000000000, 0.0000000000000000000, 0.0000000000000000000, 0.0000000000000000000, 0.0000000000000000000, 0.0000000000000000000 ) ;
#3987 = CARTESIAN_POINT ( 'NONE',  ( -0.4679999999999997500, 0.2544251968503935500, -0.2242125984252099900 ) ) ;
#3988 = DIRECTION ( 'NONE',  ( 0.0000000000000000000, 1.000000000000000000, 0.0000000000000000000 ) ) ;
#3989 = CARTESIAN_POINT ( 'NONE',  ( -0.6500000000000000200, 0.08999999999999412600, -0.3800000000000132200 ) ) ;
#3990 = LINE ( 'NONE', #69, #3905 ) ;
#3991 = EDGE_CURVE ( 'NONE', #2385, #1512, #898, .T. ) ;
#3992 = ADVANCED_FACE ( 'NONE', ( #3830 ), #4027, .T. ) ;
#3993 = VERTEX_POINT ( 'NONE', #1934 ) ;
#3994 = PLANE ( 'NONE',  #1184 ) ;
#3995 = CARTESIAN_POINT ( 'NONE',  ( -0.3419999999999991400, 0.2544251968503937200, -0.1092125984251966600 ) ) ;
#3996 = LINE ( 'NONE', #1328, #2600 ) ;
#3997 = LINE ( 'NONE', #2760, #3499 ) ;
#3998 = STYLED_ITEM ( 'NONE', ( #5254 ), #4061 ) ;
#3999 = ORIENTED_EDGE ( 'NONE', *, *, #991, .F. ) ;
#4000 = DIRECTION ( 'NONE',  ( 0.0000000000000000000, -1.000000000000000000, 6.982962677686265900E-015 ) ) ;
#4001 = ORIENTED_EDGE ( 'NONE', *, *, #5340, .T. ) ;
#4002 = CARTESIAN_POINT ( 'NONE',  ( 0.5500000000000000400, 0.7811982419601926100, -0.01999999999999970200 ) ) ;
#4003 = EDGE_CURVE ( 'NONE', #1355, #1175, #4075, .T. ) ;
#4004 = CARTESIAN_POINT ( 'NONE',  ( 0.5695015012874223800, 0.08000000000000007100, 0.2489999999999847100 ) ) ;
#4005 = VECTOR ( 'NONE', #760, 39.37007874015748100 ) ;
#4006 =( LENGTH_UNIT ( ) NAMED_UNIT ( * ) SI_UNIT ( $, .METRE. ) );
#4007 = EDGE_LOOP ( 'NONE', ( #3750, #1310, #5723, #6529 ) ) ;
#4008 = ORIENTED_EDGE ( 'NONE', *, *, #5701, .T. ) ;
#4009 =( CONVERSION_BASED_UNIT ( 'INCH', #1915 ) LENGTH_UNIT ( ) NAMED_UNIT ( #3706 ) );
#4010 = SURFACE_STYLE_USAGE ( .BOTH. , #5524 ) ;
#4011 = EDGE_CURVE ( 'NONE', #5647, #4927, #5242, .T. ) ;
#4012 = LINE ( 'NONE', #5018, #4588 ) ;
#4013 = EDGE_CURVE ( 'NONE', #6552, #4640, #2454, .T. ) ;
#4014 = CARTESIAN_POINT ( 'NONE',  ( 0.4125039370078741900, 0.02700787401574803600, -0.07301574803150034900 ) ) ;
#4015 = ORIENTED_EDGE ( 'NONE', *, *, #6051, .T. ) ;
#4016 = DIRECTION ( 'NONE',  ( 8.998862438468698800E-017, -1.000000000000000000, -1.817932429810993200E-016 ) ) ;
#4017 = CARTESIAN_POINT ( 'NONE',  ( -0.5383137692791075700, 0.009374999999999878200, 0.2650000000000002900 ) ) ;
#4018 = VERTEX_POINT ( 'NONE', #2448 ) ;
#4019 = CARTESIAN_POINT ( 'NONE',  ( 0.5500000000000000400, 0.08049654212842374800, -0.1149999999999999200 ) ) ;
#4020 = AXIS2_PLACEMENT_3D ( 'NONE', #6564, #903, #4504 ) ;
#4021 = DIRECTION ( 'NONE',  ( -0.0000000000000000000, -0.0000000000000000000, -1.000000000000000000 ) ) ;
#4022 = ORIENTED_EDGE ( 'NONE', *, *, #215, .T. ) ;
#4023 = VERTEX_POINT ( 'NONE', #2379 ) ;
#4024 = CLOSED_SHELL ( 'NONE', ( #4221, #3544, #5694, #2030, #2631, #3191 ) ) ;
#4025 = ORIENTED_EDGE ( 'NONE', *, *, #3384, .T. ) ;
#4026 = DIRECTION ( 'NONE',  ( -2.168404344971011000E-017, 1.000000000000000000, -0.0000000000000000000 ) ) ;
#4027 = PLANE ( 'NONE',  #3287 ) ;
#4028 = ORIENTED_EDGE ( 'NONE', *, *, #5709, .T. ) ;
#4029 = PRESENTATION_STYLE_ASSIGNMENT (( #2466 ) ) ;
#4030 = CARTESIAN_POINT ( 'NONE',  ( 0.5603070866141748300, -0.7015252255565037600, 0.2419370078740151800 ) ) ;
#4031 = DIRECTION ( 'NONE',  ( 1.000000000000000000, 0.0000000000000000000, -0.0000000000000000000 ) ) ;
#4032 = ORIENTED_EDGE ( 'NONE', *, *, #727, .T. ) ;
#4033 = ADVANCED_FACE ( 'NONE', ( #5199 ), #350, .F. ) ;
#4034 = DIRECTION ( 'NONE',  ( -0.0000000000000000000, 6.982962677686265900E-015, 1.000000000000000000 ) ) ;
#4035 = LINE ( 'NONE', #6495, #5978 ) ;
#4036 = EDGE_CURVE ( 'NONE', #4018, #5380, #1393, .T. ) ;
#4037 = VERTEX_POINT ( 'NONE', #1437 ) ;
#4038 = FILL_AREA_STYLE_COLOUR ( '', #3298 ) ;
#4039 = VECTOR ( 'NONE', #1535, 39.37007874015748100 ) ;
#4040 = ORIENTED_EDGE ( 'NONE', *, *, #2394, .T. ) ;
#4041 = PLANE ( 'NONE',  #492 ) ;
#4042 = CARTESIAN_POINT ( 'NONE',  ( 0.5500000000000000400, 0.08049654212842402600, -0.03499999999999979500 ) ) ;
#4043 = DIRECTION ( 'NONE',  ( 1.127570259384924600E-016, -1.000000000000000000, -2.220446049250313100E-016 ) ) ;
#4044 = FACE_OUTER_BOUND ( 'NONE', #3322, .T. ) ;
#4045 = CARTESIAN_POINT ( 'NONE',  ( 0.5500000000000021500, 0.08999999999999999700, 0.2999999999999846700 ) ) ;
#4046 = EDGE_CURVE ( 'NONE', #4818, #1386, #4329, .T. ) ;
#4047 =( GEOMETRIC_REPRESENTATION_CONTEXT ( 3 ) GLOBAL_UNCERTAINTY_ASSIGNED_CONTEXT ( ( #2150 ) ) GLOBAL_UNIT_ASSIGNED_CONTEXT ( ( #2025, #6763, #3632 ) ) REPRESENTATION_CONTEXT ( 'NONE', 'WORKASPACE' ) );
#4048 = ORIENTED_EDGE ( 'NONE', *, *, #4101, .F. ) ;
#4049 = CARTESIAN_POINT ( 'NONE',  ( -0.09537007874015754300, 0.04078740157480230400, 0.3426062992125835600 ) ) ;
#4050 = VERTEX_POINT ( 'NONE', #290 ) ;
#4051 = DIRECTION ( 'NONE',  ( 0.0000000000000000000, 0.0000000000000000000, -1.000000000000000000 ) ) ;
#4052 = ORIENTED_EDGE ( 'NONE', *, *, #331, .F. ) ;
#4053 = CARTESIAN_POINT ( 'NONE',  ( -0.5499999999999998200, -0.1299999999999999500, -0.2999999999999999900 ) ) ;
#4054 = VECTOR ( 'NONE', #2015, 39.37007874015748100 ) ;
#4055 =( BOUNDED_CURVE ( )  B_SPLINE_CURVE ( 3, ( #6501, #895, #829, #849 ),
 .UNSPECIFIED., .F., .F. ) 
 B_SPLINE_CURVE_WITH_KNOTS ( ( 4, 4 ),
 ( 1.308102676735034500E-016, 1.100485391436082600 ),
 .UNSPECIFIED. ) 
 CURVE ( )  GEOMETRIC_REPRESENTATION_ITEM ( )  RATIONAL_B_SPLINE_CURVE ( ( 1.000000000000000000, 0.9015984286673675000, 0.9015984286673675000, 1.000000000000000000 ) ) 
 REPRESENTATION_ITEM ( '' )  );
#4056 = ORIENTED_EDGE ( 'NONE', *, *, #6255, .F. ) ;
#4057 = ADVANCED_FACE ( 'NONE', ( #4403 ), #1874, .F. ) ;
#4058 = DIRECTION ( 'NONE',  ( 8.998862438468697500E-017, -1.000000000000000000, -1.817932429810993000E-016 ) ) ;
#4059 = PRESENTATION_LAYER_ASSIGNMENT (  '', '', ( #4750 ) ) ;
#4060 = SURFACE_STYLE_FILL_AREA ( #4869 ) ;
#4061 = MANIFOLD_SOLID_BREP ( 'I6A4W010A033V-001-R-1-solid10', #2890 ) ;
#4062 = CARTESIAN_POINT ( 'NONE',  ( 0.2505039370078740400, 0.02700787401574803900, -0.07301574803150691400 ) ) ;
#4063 = DIRECTION ( 'NONE',  ( 0.0000000000000000000, 1.000000000000000000, -6.982962677686265900E-015 ) ) ;
#4064 = CARTESIAN_POINT ( 'NONE',  ( -0.02630708661417189100, 0.4739999999999999800, 0.2813070866141685300 ) ) ;
#4065 = DIRECTION ( 'NONE',  ( 1.000000000000000000, -2.428612866367530200E-017, -1.348150961071064900E-033 ) ) ;
#4066 = PLANE ( 'NONE',  #3120 ) ;
#4067 = AXIS2_PLACEMENT_3D ( 'NONE', #2815, #4338, #5363 ) ;
#4068 = LINE ( 'NONE', #2192, #5695 ) ;
#4069 = VECTOR ( 'NONE', #5279, 39.37007874015748100 ) ;
#4070 = ADVANCED_FACE ( 'NONE', ( #1292 ), #368, .F. ) ;
#4071 = CYLINDRICAL_SURFACE ( 'NONE', #2001, 0.05100000000000001800 ) ;
#4072 = CARTESIAN_POINT ( 'NONE',  ( -0.6500000000000000200, 0.1559999999999967000, -0.01078740157480294300 ) ) ;
#4073 = EDGE_LOOP ( 'NONE', ( #3676, #994, #774, #5638, #3277, #1522, #5965, #2033 ) ) ;
#4074 = ORIENTED_EDGE ( 'NONE', *, *, #4323, .T. ) ;
#4075 = LINE ( 'NONE', #6087, #1241 ) ;
#4076 = VECTOR ( 'NONE', #1587, 39.37007874015748100 ) ;
#4077 = EDGE_LOOP ( 'NONE', ( #1591, #4377, #6276, #430 ) ) ;
#4078 = ORIENTED_EDGE ( 'NONE', *, *, #1247, .F. ) ;
#4079 = DIRECTION ( 'NONE',  ( 1.280553747225428500E-015, 1.000000000000000000, -4.268512490751471600E-016 ) ) ;
#4080 = ORIENTED_EDGE ( 'NONE', *, *, #495, .F. ) ;
#4081 = FILL_AREA_STYLE ('',( #4038 ) ) ;
#4082 = CLOSED_SHELL ( 'NONE', ( #3012, #3104, #5140, #3656, #962, #3674 ) ) ;
#4083 = MECHANICAL_DESIGN_GEOMETRIC_PRESENTATION_REPRESENTATION (  '', ( #2337 ), #3382 ) ;
#4084 = CARTESIAN_POINT ( 'NONE',  ( -0.2870157480314961000, 0.02700787401574797000, 0.3484960629921173300 ) ) ;
#4085 = LINE ( 'NONE', #2999, #1655 ) ;
#4086 = PLANE ( 'NONE',  #4523 ) ;
#4087 = EDGE_LOOP ( 'NONE', ( #2809, #5105, #2954 ) ) ;
#4088 = CARTESIAN_POINT ( 'NONE',  ( -0.5499999999999998200, 0.08049654212842387300, -0.2649999999999999600 ) ) ;
#4089 = EDGE_CURVE ( 'NONE', #3141, #2625, #380, .T. ) ;
#4090 = CARTESIAN_POINT ( 'NONE',  ( -0.01546456692913367200, 0.05062992125984071300, 0.2038503937007729300 ) ) ;
#4091 = ORIENTED_EDGE ( 'NONE', *, *, #2069, .F. ) ;
#4092 = ADVANCED_FACE ( 'NONE', ( #3890 ), #5636, .F. ) ;
#4093 = ORIENTED_EDGE ( 'NONE', *, *, #5007, .T. ) ;
#4094 = DIRECTION ( 'NONE',  ( -1.000000000000000000, -0.0000000000000000000, 0.0000000000000000000 ) ) ;
#4095 = ORIENTED_EDGE ( 'NONE', *, *, #4673, .T. ) ;
#4096 = VERTEX_POINT ( 'NONE', #3035 ) ;
#4097 = VERTEX_POINT ( 'NONE', #3015 ) ;
#4098 = VERTEX_POINT ( 'NONE', #2536 ) ;
#4099 = DIRECTION ( 'NONE',  ( 4.268512490759537700E-016, 1.000000000000000000, -1.822019888377020100E-031 ) ) ;
#4100 = CARTESIAN_POINT ( 'NONE',  ( -0.4679842519685032400, 0.2544251968503937200, -0.1092125984251966600 ) ) ;
#4101 = EDGE_CURVE ( 'NONE', #765, #2802, #5926, .T. ) ;
#4102 = EDGE_CURVE ( 'NONE', #5956, #3308, #1042, .T. ) ;
#4103 = MECHANICAL_DESIGN_GEOMETRIC_PRESENTATION_REPRESENTATION (  '', ( #1047 ), #1674 ) ;
#4104 = FACE_OUTER_BOUND ( 'NONE', #411, .T. ) ;
#4105 = EDGE_LOOP ( 'NONE', ( #275, #2843, #4883, #2292 ) ) ;
#4106 = ORIENTED_EDGE ( 'NONE', *, *, #2132, .F. ) ;
#4107 = AXIS2_PLACEMENT_3D ( 'NONE', #5166, #4688, #2158 ) ;
#4108 = ORIENTED_EDGE ( 'NONE', *, *, #6592, .T. ) ;
#4109 = FACE_OUTER_BOUND ( 'NONE', #5755, .T. ) ;
#4110 = ADVANCED_FACE ( 'NONE', ( #1209 ), #4130, .F. ) ;
#4111 = FACE_OUTER_BOUND ( 'NONE', #2709, .T. ) ;
#4112 = AXIS2_PLACEMENT_3D ( 'NONE', #5716, #4127, #2 ) ;
#4113 = DIRECTION ( 'NONE',  ( 1.000000000000000000, 1.711344293466708400E-016, 3.799947675335221100E-032 ) ) ;
#4114 = DIRECTION ( 'NONE',  ( -7.298942468355438900E-032, -1.371013107269264100E-047, 1.000000000000000000 ) ) ;
#4115 = DIRECTION ( 'NONE',  ( -1.034689081976639900E-014, -0.0000000000000000000, 1.000000000000000000 ) ) ;
#4116 = CARTESIAN_POINT ( 'NONE',  ( 0.1695039370078740000, 0.02700787401574808100, -0.1990000000000141100 ) ) ;
#4117 = ORIENTED_EDGE ( 'NONE', *, *, #5167, .T. ) ;
#4118 = LINE ( 'NONE', #3284, #2402 ) ;
#4119 = DIRECTION ( 'NONE',  ( 0.0000000000000000000, 0.0000000000000000000, 1.000000000000000000 ) ) ;
#4120 = EDGE_CURVE ( 'NONE', #3353, #6475, #5343, .T. ) ;
#4121 = CARTESIAN_POINT ( 'NONE',  ( -0.3419999999999992500, 0.1559999999999936400, -0.4500000000000011200 ) ) ;
#4122 = FACE_OUTER_BOUND ( 'NONE', #3233, .T. ) ;
#4123 = DIRECTION ( 'NONE',  ( 0.0000000000000000000, -6.982962677686265900E-015, -1.000000000000000000 ) ) ;
#4124 = ADVANCED_FACE ( 'NONE', ( #6494 ), #1981, .F. ) ;
#4125 = VECTOR ( 'NONE', #6452, 39.37007874015748100 ) ;
#4126 = CARTESIAN_POINT ( 'NONE',  ( -0.5500000000000000400, -0.1300000000021914500, 6.829619984160658000E-017 ) ) ;
#4127 = DIRECTION ( 'NONE',  ( 0.0000000000000000000, 1.000000000000000000, 0.0000000000000000000 ) ) ;
#4128 = EDGE_CURVE ( 'NONE', #6386, #2806, #3644, .T. ) ;
#4129 = VECTOR ( 'NONE', #2941, 39.37007874015748100 ) ;
#4130 = PLANE ( 'NONE',  #4910 ) ;
#4131 = DIRECTION ( 'NONE',  ( 5.551115123125782700E-017, 0.0000000000000000000, -1.000000000000000000 ) ) ;
#4132 = EDGE_LOOP ( 'NONE', ( #6338, #5995, #5126, #1083, #6366 ) ) ;
#4133 = DIRECTION ( 'NONE',  ( 0.0000000000000000000, -1.000000000000000000, -3.132540046889706200E-016 ) ) ;
#4134 = EDGE_CURVE ( 'NONE', #489, #1989, #5121, .T. ) ;
#4135 = CIRCLE ( 'NONE', #1610, 0.02233974596276902200 ) ;
#4136 = EDGE_CURVE ( 'NONE', #4912, #3341, #5687, .T. ) ;
#4137 = CIRCLE ( 'NONE', #466, 0.01999999999999992400 ) ;
#4138 = UNCERTAINTY_MEASURE_WITH_UNIT (LENGTH_MEASURE( 1.000000000000000100E-005 ), #5873, 'distance_accuracy_value', 'NONE');
#4139 = ADVANCED_FACE ( 'NONE', ( #1622 ), #4086, .F. ) ;
#4140 = VERTEX_POINT ( 'NONE', #6695 ) ;
#4141 = CARTESIAN_POINT ( 'NONE',  ( -0.2870157480314962100, 0.02700787401574796700, 0.2855039370078653000 ) ) ;
#4142 = DIRECTION ( 'NONE',  ( 0.0000000000000000000, 0.0000000000000000000, 1.000000000000000000 ) ) ;
#4143 = LINE ( 'NONE', #3187, #2590 ) ;
#4144 = ORIENTED_EDGE ( 'NONE', *, *, #5392, .T. ) ;
#4145 = AXIS2_PLACEMENT_3D ( 'NONE', #1112, #512, #6268 ) ;
#4146 = AXIS2_PLACEMENT_3D ( 'NONE', #3556, #6104, #2988 ) ;
#4147 = CARTESIAN_POINT ( 'NONE',  ( 0.5249324658624635600, 0.08401010114738474700, -0.1220760542113805100 ) ) ;
#4148 = DIRECTION ( 'NONE',  ( -2.962820895727912800E-017, 0.9393622748205874300, -0.3429264012056980600 ) ) ;
#4149 = VECTOR ( 'NONE', #5268, 39.37007874015748100 ) ;
#4150 = LINE ( 'NONE', #389, #3238 ) ;
#4151 = CARTESIAN_POINT ( 'NONE',  ( 0.5500000000000001600, -0.1299999999977155500, -0.1499999999999999700 ) ) ;
#4152 = EDGE_LOOP ( 'NONE', ( #24, #755, #400, #2167 ) ) ;
#4153 = DIRECTION ( 'NONE',  ( 0.0000000000000000000, 1.000000000000000000, 0.0000000000000000000 ) ) ;
#4154 = CARTESIAN_POINT ( 'NONE',  ( -0.5811999599358714800, 0.09000000000000012200, -0.3158607219255620300 ) ) ;
#4155 = DIRECTION ( 'NONE',  ( 0.0000000000000000000, 0.0000000000000000000, 1.000000000000000000 ) ) ;
#4156 = EDGE_CURVE ( 'NONE', #4602, #2806, #701, .T. ) ;
#4157 = FACE_OUTER_BOUND ( 'NONE', #1987, .T. ) ;
#4158 = ADVANCED_FACE ( 'NONE', ( #4690 ), #3693, .F. ) ;
#4159 = LINE ( 'NONE', #1760, #2446 ) ;
#4160 = CARTESIAN_POINT ( 'NONE',  ( 0.5500000000000000400, 0.08388434700220578900, -0.2999999999999998800 ) ) ;
#4161 = ORIENTED_EDGE ( 'NONE', *, *, #6682, .F. ) ;
#4162 = ORIENTED_EDGE ( 'NONE', *, *, #3819, .T. ) ;
#4163 = CARTESIAN_POINT ( 'NONE',  ( 0.4125039370078740800, 0.02700787401574802200, -0.07301574803150034900 ) ) ;
#4164 = ADVANCED_FACE ( 'NONE', ( #6237 ), #2597, .F. ) ;
#4165 = ORIENTED_EDGE ( 'NONE', *, *, #2623, .T. ) ;
#4166 = DIRECTION ( 'NONE',  ( 0.0000000000000000000, 0.0000000000000000000, 1.000000000000000000 ) ) ;
#4167 = ORIENTED_EDGE ( 'NONE', *, *, #52, .T. ) ;
#4168 = FACE_OUTER_BOUND ( 'NONE', #4646, .T. ) ;
#4169 = CARTESIAN_POINT ( 'NONE',  ( -0.3420157480314957600, 0.2544251968503935500, -0.1257874015748162700 ) ) ;
#4170 = ORIENTED_EDGE ( 'NONE', *, *, #4299, .F. ) ;
#4171 = ADVANCED_FACE ( 'NONE', ( #4857 ), #2645, .F. ) ;
#4172 = DIRECTION ( 'NONE',  ( 0.0000000000000000000, 6.982962677686265900E-015, 1.000000000000000000 ) ) ;
#4173 = ORIENTED_EDGE ( 'NONE', *, *, #465, .T. ) ;
#4174 = COLOUR_RGB ( '',1.000000000000000000, 0.8117647058823529400, 0.5019607843137254800 ) ;
#4175 = CARTESIAN_POINT ( 'NONE',  ( 0.2324960629921259100, 0.02700787401574808100, -0.1990000000000141100 ) ) ;
#4176 = EDGE_CURVE ( 'NONE', #3891, #2208, #4310, .T. ) ;
#4177 = CARTESIAN_POINT ( 'NONE',  ( 0.1695039370078739200, 0.08999999999999626400, -0.07301574803151011900 ) ) ;
#4178 = VERTEX_POINT ( 'NONE', #2081 ) ;
#4179 = ORIENTED_EDGE ( 'NONE', *, *, #3617, .T. ) ;
#4180 = ORIENTED_EDGE ( 'NONE', *, *, #5672, .F. ) ;
#4181 = VERTEX_POINT ( 'NONE', #1055 ) ;
#4182 = CARTESIAN_POINT ( 'NONE',  ( -0.3419999999999989700, 0.2544251968503936600, 0.2357874015748034100 ) ) ;
#4183 = ORIENTED_EDGE ( 'NONE', *, *, #1339, .T. ) ;
#4184 = ORIENTED_EDGE ( 'NONE', *, *, #3547, .T. ) ;
#4185 = DIRECTION ( 'NONE',  ( -1.000000000000000000, 2.465190328815661900E-032, 5.473822126268816700E-048 ) ) ;
#4186 = PLANE ( 'NONE',  #2654 ) ;
#4187 = EDGE_CURVE ( 'NONE', #5717, #5804, #3145, .T. ) ;
#4188 = CLOSED_SHELL ( 'NONE', ( #4503, #5148, #1589, #6038, #6742, #953 ) ) ;
#4189 = ADVANCED_FACE ( 'NONE', ( #221 ), #1117, .T. ) ;
#4190 = CARTESIAN_POINT ( 'NONE',  ( -0.4679842519685032400, 0.2544251968503937800, 0.1002125984251970400 ) ) ;
#4191 = DIRECTION ( 'NONE',  ( -0.0000000000000000000, 6.982962677686265900E-015, 1.000000000000000000 ) ) ;
#4192 = CARTESIAN_POINT ( 'NONE',  ( -0.5500000000000000400, -0.1450000000001269400, -0.01133974596298098100 ) ) ;
#4193 =( CONVERSION_BASED_UNIT ( 'INCH', #3820 ) LENGTH_UNIT ( ) NAMED_UNIT ( #5810 ) );
#4194 = DIRECTION ( 'NONE',  ( 1.000000000000000000, 0.0000000000000000000, 0.0000000000000000000 ) ) ;
#4195 = DIRECTION ( 'NONE',  ( -1.000000000000000000, 0.0000000000000000000, -1.034689081976639900E-014 ) ) ;
#4196 = CARTESIAN_POINT ( 'NONE',  ( -0.6969134938320985500, -0.1450000000000002700, -0.4500000000000008400 ) ) ;
#4197 = VECTOR ( 'NONE', #5003, 39.37007874015748100 ) ;
#4198 = SURFACE_STYLE_FILL_AREA ( #4081 ) ;
#4199 = CARTESIAN_POINT ( 'NONE',  ( -0.05785826771653453800, 0.1953700787401574400, 0.1806220472440921400 ) ) ;
#4200 = EDGE_CURVE ( 'NONE', #914, #338, #3978, .T. ) ;
#4201 = ADVANCED_FACE ( 'NONE', ( #142 ), #4729, .F. ) ;
#4202 = DIRECTION ( 'NONE',  ( 0.0000000000000000000, 1.000000000000000000, -6.982962677686265900E-015 ) ) ;
#4203 = DIRECTION ( 'NONE',  ( 0.0000000000000000000, 1.000000000000000000, -0.0000000000000000000 ) ) ;
#4204 = CYLINDRICAL_SURFACE ( 'NONE', #2908, 0.03500000000000003800 ) ;
#4205 = VECTOR ( 'NONE', #6446, 39.37007874015748100 ) ;
#4206 = ORIENTED_EDGE ( 'NONE', *, *, #6138, .F. ) ;
#4207 = CARTESIAN_POINT ( 'NONE',  ( 0.5500000000000021500, 0.08000000000000000200, 0.3509999999999846600 ) ) ;
#4208 = ORIENTED_EDGE ( 'NONE', *, *, #3547, .F. ) ;
#4209 = AXIS2_PLACEMENT_3D ( 'NONE', #2889, #4000, #5014 ) ;
#4210 = CARTESIAN_POINT ( 'NONE',  ( -0.5279550328935342900, 0.005993953971255620000, -0.02959032635400915500 ) ) ;
#4211 = VECTOR ( 'NONE', #3509, 39.37007874015748100 ) ;
#4212 = CARTESIAN_POINT ( 'NONE',  ( 0.5806681391206478500, 0.006419919741470101100, -0.2561601605170600900 ) ) ;
#4213 = EDGE_CURVE ( 'NONE', #2920, #3503, #6591, .T. ) ;
#4214 = EDGE_LOOP ( 'NONE', ( #3381, #4074, #6619, #5247 ) ) ;
#4215 = PLANE ( 'NONE',  #2812 ) ;
#4216 = CARTESIAN_POINT ( 'NONE',  ( 0.4125039370078740800, 0.02700787401574881000, -0.2540157480315059500 ) ) ;
#4217 = CARTESIAN_POINT ( 'NONE',  ( -0.4679842519685032400, 0.2544251968503936600, 0.2192125984251971100 ) ) ;
#4218 = AXIS2_PLACEMENT_3D ( 'NONE', #521, #2646, #3081 ) ;
#4219 = CARTESIAN_POINT ( 'NONE',  ( 0.5952071620432005700, 0.08999999999999949700, 0.3236074670390380900 ) ) ;
#4220 =( BOUNDED_CURVE ( )  B_SPLINE_CURVE ( 3, ( #4019, #6160, #4147, #5632 ),
 .UNSPECIFIED., .F., .F. ) 
 B_SPLINE_CURVE_WITH_KNOTS ( ( 4, 4 ),
 ( 1.114997648854926000E-016, 1.100485391436078600 ),
 .UNSPECIFIED. ) 
 CURVE ( )  GEOMETRIC_REPRESENTATION_ITEM ( )  RATIONAL_B_SPLINE_CURVE ( ( 1.000000000000000000, 0.9015984286673681700, 0.9015984286673681700, 1.000000000000000000 ) ) 
 REPRESENTATION_ITEM ( '' )  );
#4221 = ADVANCED_FACE ( 'NONE', ( #5856 ), #542, .F. ) ;
#4222 = ORIENTED_EDGE ( 'NONE', *, *, #5911, .T. ) ;
#4223 =( NAMED_UNIT ( * ) PLANE_ANGLE_UNIT ( ) SI_UNIT ( $, .RADIAN. ) );
#4224 = EDGE_CURVE ( 'NONE', #483, #6552, #1946, .T. ) ;
#4225 = EDGE_CURVE ( 'NONE', #4786, #6381, #3072, .T. ) ;
#4226 = AXIS2_PLACEMENT_3D ( 'NONE', #1273, #3881, #2756 ) ;
#4227 = DIRECTION ( 'NONE',  ( -1.000000000000000000, 2.658758968812744000E-064, -1.368455531567204200E-048 ) ) ;
#4228 = LINE ( 'NONE', #4760, #2673 ) ;
#4229 = DIRECTION ( 'NONE',  ( 0.0000000000000000000, -1.000000000000000000, 0.0000000000000000000 ) ) ;
#4230 = CARTESIAN_POINT ( 'NONE',  ( -0.5811999599358717000, 0.08999999999999996900, -0.01586072192556194400 ) ) ;
#4231 = DIRECTION ( 'NONE',  ( 0.0000000000000000000, -1.817932429810993200E-016, 1.000000000000000000 ) ) ;
#4232 = DIMENSIONAL_EXPONENTS ( 1.000000000000000000, 0.0000000000000000000, 0.0000000000000000000, 0.0000000000000000000, 0.0000000000000000000, 0.0000000000000000000, 0.0000000000000000000 ) ;
#4233 = CARTESIAN_POINT ( 'NONE',  ( 0.1514960629921260100, 0.08999999999999362700, -0.4500000000000007300 ) ) ;
#4234 =( LENGTH_UNIT ( ) NAMED_UNIT ( * ) SI_UNIT ( $, .METRE. ) );
#4235 = VECTOR ( 'NONE', #6449, 39.37007874015748100 ) ;
#4236 = FACE_OUTER_BOUND ( 'NONE', #1420, .T. ) ;
#4237 = LINE ( 'NONE', #1207, #2120 ) ;
#4238 = ORIENTED_EDGE ( 'NONE', *, *, #4570, .T. ) ;
#4239 = DIRECTION ( 'NONE',  ( 0.0000000000000000000, 6.982962677686265900E-015, 1.000000000000000000 ) ) ;
#4240 = DIRECTION ( 'NONE',  ( 0.0000000000000000000, -6.982962677686265900E-015, -1.000000000000000000 ) ) ;
#4241 = ORIENTED_EDGE ( 'NONE', *, *, #6181, .T. ) ;
#4242 = DIRECTION ( 'NONE',  ( -8.537024980547505500E-016, 1.000000000000000000, 0.0000000000000000000 ) ) ;
#4243 = LINE ( 'NONE', #711, #4716 ) ;
#4244 = FACE_OUTER_BOUND ( 'NONE', #5621, .T. ) ;
#4245 =( LENGTH_UNIT ( ) NAMED_UNIT ( * ) SI_UNIT ( $, .METRE. ) );
#4246 = ORIENTED_EDGE ( 'NONE', *, *, #12, .F. ) ;
#4247 = DIRECTION ( 'NONE',  ( 1.543697461527646900E-017, 1.000000000000000000, 2.775557561562890700E-017 ) ) ;
#4248 = ORIENTED_EDGE ( 'NONE', *, *, #4691, .T. ) ;
#4249 = DIRECTION ( 'NONE',  ( -1.000000000000000000, -1.711344293466708400E-016, -3.799947675335221100E-032 ) ) ;
#4250 = ORIENTED_EDGE ( 'NONE', *, *, #4809, .T. ) ;
#4251 = EDGE_CURVE ( 'NONE', #6438, #1925, #2838, .T. ) ;
#4252 = DIRECTION ( 'NONE',  ( 0.0000000000000000000, 6.982962677686265900E-015, 1.000000000000000000 ) ) ;
#4253 = DIRECTION ( 'NONE',  ( 0.0000000000000000000, 1.000000000000000000, 3.885780586188047400E-016 ) ) ;
#4254 = VECTOR ( 'NONE', #1108, 39.37007874015748100 ) ;
#4255 = CARTESIAN_POINT ( 'NONE',  ( -0.6500000000000000200, 0.08999999999999991300, 0.4499999999999991800 ) ) ;
#4256 = ORIENTED_EDGE ( 'NONE', *, *, #3279, .F. ) ;
#4257 = CARTESIAN_POINT ( 'NONE',  ( 0.4125039370078740800, 0.02700787401574881000, -0.3800000000000098300 ) ) ;
#4258 = CARTESIAN_POINT ( 'NONE',  ( 0.5500000000000000400, 0.09000000000000013500, 2.048885995248197400E-016 ) ) ;
#4259 = ORIENTED_EDGE ( 'NONE', *, *, #4604, .F. ) ;
#4260 = VERTEX_POINT ( 'NONE', #4684 ) ;
#4261 = DIRECTION ( 'NONE',  ( 4.268512490759537700E-016, 1.000000000000000000, -1.822019888377020100E-031 ) ) ;
#4262 = ORIENTED_EDGE ( 'NONE', *, *, #6012, .T. ) ;
#4263 = CARTESIAN_POINT ( 'NONE',  ( 0.1514960629921259500, 0.02700787401574805700, -0.07301574803149817100 ) ) ;
#4264 = ORIENTED_EDGE ( 'NONE', *, *, #1725, .F. ) ;
#4265 = ORIENTED_EDGE ( 'NONE', *, *, #2050, .T. ) ;
#4266 = DIMENSIONAL_EXPONENTS ( 1.000000000000000000, 0.0000000000000000000, 0.0000000000000000000, 0.0000000000000000000, 0.0000000000000000000, 0.0000000000000000000, 0.0000000000000000000 ) ;
#4267 = EDGE_LOOP ( 'NONE', ( #4095, #2872, #891, #1003, #6518 ) ) ;
#4268 = PLANE ( 'NONE',  #6487 ) ;
#4269 = ORIENTED_EDGE ( 'NONE', *, *, #5525, .T. ) ;
#4270 = SURFACE_STYLE_FILL_AREA ( #6547 ) ;
#4271 = CARTESIAN_POINT ( 'NONE',  ( 0.5500000000000000400, 0.08049654212842402600, -0.03499999999999979500 ) ) ;
#4272 = ORIENTED_EDGE ( 'NONE', *, *, #1573, .F. ) ;
#4273 = AXIS2_PLACEMENT_3D ( 'NONE', #6264, #4767, #3725 ) ;
#4274 = CARTESIAN_POINT ( 'NONE',  ( 0.5500000000000000400, 0.7811982419601926100, 2.048885995248197400E-016 ) ) ;
#4275 = ORIENTED_EDGE ( 'NONE', *, *, #299, .F. ) ;
#4276 = CARTESIAN_POINT ( 'NONE',  ( 0.5952071620431980100, 0.08999999999999748500, -0.2763925329609464000 ) ) ;
#4277 = EDGE_CURVE ( 'NONE', #4348, #1641, #4135, .T. ) ;
#4278 = EDGE_CURVE ( 'NONE', #2723, #719, #1543, .T. ) ;
#4279 = CARTESIAN_POINT ( 'NONE',  ( 0.6009999999999999800, 0.01000000000000013400, -0.2489999999999999200 ) ) ;
#4280 = CARTESIAN_POINT ( 'NONE',  ( -0.5500000000000000400, 0.1299999999999999500, 6.829619984160658000E-017 ) ) ;
#4281 = MANIFOLD_SOLID_BREP ( 'I6A4W010A033V-001-R-1-solid2', #4024 ) ;
#4282 = VERTEX_POINT ( 'NONE', #3159 ) ;
#4283 = LINE ( 'NONE', #6653, #1844 ) ;
#4284 = CARTESIAN_POINT ( 'NONE',  ( 0.5500000000000000400, 2.151494205890226900E-017, -0.1699999999999999000 ) ) ;
#4285 = VECTOR ( 'NONE', #377, 39.37007874015748100 ) ;
#4286 = CARTESIAN_POINT ( 'NONE',  ( 0.5616862307208926300, 0.009375000000000017000, -0.1149999999999998800 ) ) ;
#4287 = ORIENTED_EDGE ( 'NONE', *, *, #6090, .T. ) ;
#4288 = SURFACE_STYLE_FILL_AREA ( #5439 ) ;
#4289 = CARTESIAN_POINT ( 'NONE',  ( -0.5500000000000000400, 0.08049654212842370600, 0.03500000000000009400 ) ) ;
#4290 = EDGE_CURVE ( 'NONE', #1153, #5471, #1537, .T. ) ;
#4292 = ORIENTED_EDGE ( 'NONE', *, *, #2519, .T. ) ;
#4291 = AXIS2_PLACEMENT_3D ( 'NONE', #3846, #3294, #162 ) ;
#4293 = VERTEX_POINT ( 'NONE', #5890 ) ;
#4294 = FACE_OUTER_BOUND ( 'NONE', #1012, .T. ) ;
#4295 = LINE ( 'NONE', #3445, #3057 ) ;
#4296 =( LENGTH_UNIT ( ) NAMED_UNIT ( * ) SI_UNIT ( $, .METRE. ) );
#4297 = CARTESIAN_POINT ( 'NONE',  ( 0.08850393700787395600, 0.02700787401574805700, -0.07301574803149810100 ) ) ;
#4298 = DIRECTION ( 'NONE',  ( 0.0000000000000000000, -2.220446049250313100E-016, 1.000000000000000000 ) ) ;
#4299 = EDGE_CURVE ( 'NONE', #3612, #1668, #3639, .T. ) ;
#4300 = CARTESIAN_POINT ( 'NONE',  ( 0.5500000000000021500, 0.0000000000000000000, 0.2689999999999847500 ) ) ;
#4301 = VECTOR ( 'NONE', #2700, 39.37007874015748100 ) ;
#4302 = PLANE ( 'NONE',  #5900 ) ;
#4303 = DIRECTION ( 'NONE',  ( 0.0000000000000000000, 1.000000000000000000, 0.0000000000000000000 ) ) ;
#4304 = APPLICATION_CONTEXT ( 'automotive_design' ) ;
#4305 = FACE_OUTER_BOUND ( 'NONE', #4007, .T. ) ;
#4306 = DIRECTION ( 'NONE',  ( -1.127570259384924600E-017, 1.000000000000000000, 2.775557561562891400E-017 ) ) ;
#4307 = PLANE ( 'NONE',  #2883 ) ;
#4308 = ORIENTED_EDGE ( 'NONE', *, *, #5870, .F. ) ;
#4309 = DIRECTION ( 'NONE',  ( 4.510281037539699700E-017, -1.000000000000000000, -5.551115123125783900E-017 ) ) ;
#4310 = LINE ( 'NONE', #6232, #4539 ) ;
#4311 = CARTESIAN_POINT ( 'NONE',  ( -0.5500000000000000400, -0.1300000000000000900, 0.0000000000000000000 ) ) ;
#4312 = ORIENTED_EDGE ( 'NONE', *, *, #2797, .T. ) ;
#4313 = PLANE ( 'NONE',  #420 ) ;
#4314 = CARTESIAN_POINT ( 'NONE',  ( -0.3420157480314957600, 0.2544251968503935500, -0.3392125984252100100 ) ) ;
#4315 = AXIS2_PLACEMENT_3D ( 'NONE', #5855, #3263, #621 ) ;
#4316 = VECTOR ( 'NONE', #1103, 39.37007874015748100 ) ;
#4317 = EDGE_CURVE ( 'NONE', #2769, #2447, #4529, .T. ) ;
#4318 = DIRECTION ( 'NONE',  ( 0.0000000000000000000, -0.0000000000000000000, 1.000000000000000000 ) ) ;
#4319 = CARTESIAN_POINT ( 'NONE',  ( 0.5188000400641283900, 0.09000000000000001100, -0.1658607219255618400 ) ) ;
#4320 = VECTOR ( 'NONE', #2792, 39.37007874015748100 ) ;
#4321 = PRESENTATION_LAYER_ASSIGNMENT (  '', '', ( #376 ) ) ;
#4322 = VECTOR ( 'NONE', #6046, 39.37007874015748100 ) ;
#4323 = EDGE_CURVE ( 'NONE', #3141, #1976, #2417, .T. ) ;
#4324 = VERTEX_POINT ( 'NONE', #612 ) ;
#4325 = EDGE_CURVE ( 'NONE', #4023, #2273, #529, .T. ) ;
#4326 = AXIS2_PLACEMENT_3D ( 'NONE', #1745, #6468, #1288 ) ;
#4327 = DIRECTION ( 'NONE',  ( -0.4999999999806927800, 0.8660254037955856800, 0.0000000000000000000 ) ) ;
#4328 = CONICAL_SURFACE ( 'NONE', #6226, 0.03099999999957733800, 0.5235987755933144700 ) ;
#4329 = LINE ( 'NONE', #1413, #398 ) ;
#4330 = EDGE_LOOP ( 'NONE', ( #5473, #1620, #6111, #1979 ) ) ;
#4331 = AXIS2_PLACEMENT_3D ( 'NONE', #4160, #1089, #1041 ) ;
#4332 = ORIENTED_EDGE ( 'NONE', *, *, #5620, .F. ) ;
#4333 = PLANE ( 'NONE',  #5676 ) ;
#4334 = VECTOR ( 'NONE', #6149, 39.37007874015748100 ) ;
#4335 = ORIENTED_EDGE ( 'NONE', *, *, #5485, .F. ) ;
#4336 = DIRECTION ( 'NONE',  ( 1.000000000000000000, -0.0000000000000000000, 0.0000000000000000000 ) ) ;
#4337 = ORIENTED_EDGE ( 'NONE', *, *, #2828, .T. ) ;
#4338 = DIRECTION ( 'NONE',  ( 1.543697461527646900E-017, 1.000000000000000000, 2.775557561562890700E-017 ) ) ;
#4339 = PLANE ( 'NONE',  #2529 ) ;
#4340 = CARTESIAN_POINT ( 'NONE',  ( 0.5212771867673097200, 1.323712120705005400E-016, 0.02000000000000012900 ) ) ;
#4341 = EDGE_CURVE ( 'NONE', #4658, #1220, #5333, .T. ) ;
#4342 = DIRECTION ( 'NONE',  ( 0.0000000000000000000, -2.220446049250315100E-016, 1.000000000000000000 ) ) ;
#4343 = VERTEX_POINT ( 'NONE', #285 ) ;
#4344 = DIRECTION ( 'NONE',  ( 0.0000000000000000000, 0.0000000000000000000, 1.000000000000000000 ) ) ;
#4345 = ORIENTED_EDGE ( 'NONE', *, *, #5911, .F. ) ;
#4346 = DIRECTION ( 'NONE',  ( -0.0000000000000000000, 6.982962677686265900E-015, 1.000000000000000000 ) ) ;
#4347 = ORIENTED_EDGE ( 'NONE', *, *, #1795, .T. ) ;
#4348 = VERTEX_POINT ( 'NONE', #140 ) ;
#4349 = CARTESIAN_POINT ( 'NONE',  ( -0.5700000000004529200, -0.1299999999999999500, -0.2999999999999999900 ) ) ;
#4350 = DIRECTION ( 'NONE',  ( 0.7071067811865465700, -4.829270603727154400E-015, -0.7071067811865484600 ) ) ;
#4351 = ORIENTED_EDGE ( 'NONE', *, *, #2091, .F. ) ;
#4352 = CARTESIAN_POINT ( 'NONE',  ( 0.5500000000000000400, 0.08049654212842388700, -0.1849999999999999100 ) ) ;
#4353 = ORIENTED_EDGE ( 'NONE', *, *, #1379, .F. ) ;
#4354 = AXIS2_PLACEMENT_3D ( 'NONE', #2805, #639, #2323 ) ;
#4355 = EDGE_LOOP ( 'NONE', ( #5387, #619, #5220, #6509 ) ) ;
#4356 = VECTOR ( 'NONE', #4465, 39.37007874015748100 ) ;
#4357 = EDGE_CURVE ( 'NONE', #729, #4405, #1017, .T. ) ;
#4358 = ADVANCED_BREP_SHAPE_REPRESENTATION ( 'I6A4W010A033V-001-R', ( #6479, #4281, #1145, #5249, #5465, #5777, #2853, #3053, #226, #4061, #6486, #6709, #4559, #4768, #1444, #3564, #1871, #5993, #2353, #931, #5261, #1138, #2141, #3062, #709, #939, #3847, #718, #6257, #1095 ), #2571 ) ;
#4359 = LINE ( 'NONE', #2432, #6388 ) ;
#4360 = SURFACE_STYLE_USAGE ( .BOTH. , #648 ) ;
#4361 = CARTESIAN_POINT ( 'NONE',  ( 0.5500000000000021500, -2.561107494060246800E-017, 0.2689999999999847000 ) ) ;
#4362 = PLANE ( 'NONE',  #4291 ) ;
#4363 = ORIENTED_EDGE ( 'NONE', *, *, #3101, .T. ) ;
#4364 = AXIS2_PLACEMENT_3D ( 'NONE', #6076, #3526, #6056 ) ;
#4365 = DIRECTION ( 'NONE',  ( 0.0000000000000000000, 1.000000000000000000, -0.0000000000000000000 ) ) ;
#4366 = EDGE_CURVE ( 'NONE', #2661, #1417, #6326, .T. ) ;
#4367 = EDGE_CURVE ( 'NONE', #5740, #6532, #455, .T. ) ;
#4368 = CARTESIAN_POINT ( 'NONE',  ( 0.5500000000000001600, -0.1299999999999999500, -0.1499999999999999700 ) ) ;
#4369 = CARTESIAN_POINT ( 'NONE',  ( 0.5500000000000000400, -5.122214988120493500E-017, -0.1499999999999999700 ) ) ;
#4370 = ORIENTED_EDGE ( 'NONE', *, *, #3606, .F. ) ;
#4371 = LINE ( 'NONE', #5776, #1027 ) ;
#4372 = ORIENTED_EDGE ( 'NONE', *, *, #6716, .T. ) ;
#4373 = DIRECTION ( 'NONE',  ( 0.0000000000000000000, -6.982962677686265900E-015, -1.000000000000000000 ) ) ;
#4374 = AXIS2_PLACEMENT_3D ( 'NONE', #973, #4619, #6724 ) ;
#4375 = CARTESIAN_POINT ( 'NONE',  ( -0.1929291338582604400, 0.1993070866141732300, -0.2530708661417410700 ) ) ;
#4376 = DIRECTION ( 'NONE',  ( 0.0000000000000000000, -5.551115123125782700E-017, 1.000000000000000000 ) ) ;
#4377 = ORIENTED_EDGE ( 'NONE', *, *, #1124, .T. ) ;
#4378 = VECTOR ( 'NONE', #462, 39.37007874015748100 ) ;
#4379 = AXIS2_PLACEMENT_3D ( 'NONE', #5337, #2238, #3798 ) ;
#4380 = DIRECTION ( 'NONE',  ( 0.0000000000000000000, 0.5299989400031774900, -0.8479983040050894600 ) ) ;
#4381 = VECTOR ( 'NONE', #2396, 39.37007874015748100 ) ;
#4382 = CARTESIAN_POINT ( 'NONE',  ( 0.6500000000000000200, 0.1559999999999999200, 0.4499999999999989600 ) ) ;
#4383 = CARTESIAN_POINT ( 'NONE',  ( -0.4679842519685032400, 0.2544251968503936600, 0.1207874015748034000 ) ) ;
#4384 = VERTEX_POINT ( 'NONE', #2694 ) ;
#4385 = EDGE_CURVE ( 'NONE', #5511, #1332, #2758, .T. ) ;
#4386 = DIRECTION ( 'NONE',  ( 1.951319995474473700E-015, 2.220446049250315100E-016, -1.000000000000000000 ) ) ;
#4387 = VECTOR ( 'NONE', #5075, 39.37007874015748100 ) ;
#4388 = LENGTH_MEASURE_WITH_UNIT ( LENGTH_MEASURE( 0.02539999999999999900 ), #3227 );
#4389 = DIRECTION ( 'NONE',  ( -1.000000000000000000, 8.537024981502855500E-016, 0.0000000000000000000 ) ) ;
#4390 = CARTESIAN_POINT ( 'NONE',  ( 0.5603070866141746100, 0.4739999999999999800, 0.2813070866141726400 ) ) ;
#4391 = ORIENTED_EDGE ( 'NONE', *, *, #4896, .F. ) ;
#4392 = CARTESIAN_POINT ( 'NONE',  ( -0.5699999999991876000, -0.1300000000021914500, -0.2999999999999999900 ) ) ;
#4393 =( LENGTH_UNIT ( ) NAMED_UNIT ( * ) SI_UNIT ( $, .METRE. ) );
#4394 = ORIENTED_EDGE ( 'NONE', *, *, #5241, .F. ) ;
#4395 = SURFACE_STYLE_USAGE ( .BOTH. , #2275 ) ;
#4396 = CARTESIAN_POINT ( 'NONE',  ( -0.5500000000000000400, -0.1300000000021914500, 0.01999999999918767800 ) ) ;
#4397 = VERTEX_POINT ( 'NONE', #98 ) ;
#4398 = DIRECTION ( 'NONE',  ( 3.903127820947802900E-018, 1.000000000000000000, -1.728557528211517900E-034 ) ) ;
#4399 = CARTESIAN_POINT ( 'NONE',  ( -0.5500000000000000400, -2.895788008891286300E-017, 0.2800000000000003000 ) ) ;
#4400 = EDGE_CURVE ( 'NONE', #2791, #5174, #4625, .T. ) ;
#4401 = SURFACE_STYLE_FILL_AREA ( #2557 ) ;
#4402 = LINE ( 'NONE', #3356, #1309 ) ;
#4403 = FACE_OUTER_BOUND ( 'NONE', #2621, .T. ) ;
#4404 = ADVANCED_FACE ( 'NONE', ( #2021 ), #4558, .F. ) ;
#4405 = VERTEX_POINT ( 'NONE', #3466 ) ;
#4406 =( CONVERSION_BASED_UNIT ( 'INCH', #6093 ) LENGTH_UNIT ( ) NAMED_UNIT ( #4835 ) );
#4407 = EDGE_LOOP ( 'NONE', ( #4432, #6378, #1766, #2826 ) ) ;
#4408 = DIRECTION ( 'NONE',  ( 0.0000000000000000000, -0.0000000000000000000, 1.000000000000000000 ) ) ;
#4409 = LINE ( 'NONE', #2615, #6699 ) ;
#4410 = EDGE_CURVE ( 'NONE', #3172, #19, #1034, .T. ) ;
#4411 = VERTEX_POINT ( 'NONE', #1888 ) ;
#4412 =( CONVERSION_BASED_UNIT ( 'INCH', #6247 ) LENGTH_UNIT ( ) NAMED_UNIT ( #1648 ) );
#4413 = VERTEX_POINT ( 'NONE', #2400 ) ;
#4414 = VERTEX_POINT ( 'NONE', #888 ) ;
#4415 = ORIENTED_EDGE ( 'NONE', *, *, #1222, .F. ) ;
#4416 = FACE_OUTER_BOUND ( 'NONE', #6298, .T. ) ;
#4417 = FILL_AREA_STYLE ('',( #1330 ) ) ;
#4418 = EDGE_LOOP ( 'NONE', ( #4495, #1949, #2562, #4916 ) ) ;
#4419 = ORIENTED_EDGE ( 'NONE', *, *, #1759, .T. ) ;
#4420 = AXIS2_PLACEMENT_3D ( 'NONE', #2109, #2093, #1650 ) ;
#4421 = CARTESIAN_POINT ( 'NONE',  ( -0.2870157480314961000, 0.02700787401574797000, 0.2855039370078653000 ) ) ;
#4422 = DIRECTION ( 'NONE',  ( -0.0000000000000000000, -0.0000000000000000000, -1.000000000000000000 ) ) ;
#4423 = DIRECTION ( 'NONE',  ( 0.0000000000000000000, 1.000000000000000000, 0.0000000000000000000 ) ) ;
#4424 = ORIENTED_EDGE ( 'NONE', *, *, #256, .F. ) ;
#4425 = LINE ( 'NONE', #741, #1161 ) ;
#4426 = DIRECTION ( 'NONE',  ( -1.550203531853473500E-048, -1.731638373097045300E-080, 1.000000000000000000 ) ) ;
#4427 = ORIENTED_EDGE ( 'NONE', *, *, #3792, .T. ) ;
#4428 = EDGE_LOOP ( 'NONE', ( #4855, #3095, #4269, #789 ) ) ;
#4429 = ORIENTED_EDGE ( 'NONE', *, *, #4660, .T. ) ;
#4430 = CARTESIAN_POINT ( 'NONE',  ( 0.2324960629921260000, 0.02700787401574806700, -0.07301574803151018900 ) ) ;
#4431 = DIRECTION ( 'NONE',  ( -0.0000000000000000000, 1.000000000000000000, -6.982962677686265900E-015 ) ) ;
#4432 = ORIENTED_EDGE ( 'NONE', *, *, #3646, .T. ) ;
#4433 = DIRECTION ( 'NONE',  ( -7.288079551849363400E-031, 1.000000000000000000, 4.268512490273796600E-016 ) ) ;
#4434 = EDGE_LOOP ( 'NONE', ( #5802, #2693, #4248, #4984 ) ) ;
#4435 = ORIENTED_EDGE ( 'NONE', *, *, #5686, .T. ) ;
#4436 = CARTESIAN_POINT ( 'NONE',  ( 0.2670000000000033500, 0.4739999999999999800, -0.01200000000000263200 ) ) ;
#4437 = FACE_OUTER_BOUND ( 'NONE', #1338, .T. ) ;
#4438 = UNCERTAINTY_MEASURE_WITH_UNIT (LENGTH_MEASURE( 1.000000000000000100E-005 ), #203, 'distance_accuracy_value', 'NONE');
#4439 = AXIS2_PLACEMENT_3D ( 'NONE', #7, #5202, #3630 ) ;
#4440 = ADVANCED_FACE ( 'NONE', ( #5918 ), #342, .F. ) ;
#4441 = CARTESIAN_POINT ( 'NONE',  ( -0.6500000000000000200, 0.08999999999999991300, 0.4499999999999993400 ) ) ;
#4442 = EDGE_CURVE ( 'NONE', #6614, #3108, #6410, .T. ) ;
#4443 = ORIENTED_EDGE ( 'NONE', *, *, #5168, .F. ) ;
#4444 = FACE_OUTER_BOUND ( 'NONE', #6447, .T. ) ;
#4445 = DIRECTION ( 'NONE',  ( 1.604619215278546300E-017, 1.000000000000000000, 2.775557561562891400E-017 ) ) ;
#4446 = AXIS2_PLACEMENT_3D ( 'NONE', #2725, #635, #1125 ) ;
#4447 = CIRCLE ( 'NONE', #6009, 0.02233974596431661400 ) ;
#4448 = VECTOR ( 'NONE', #2401, 39.37007874015748100 ) ;
#4449 = EDGE_CURVE ( 'NONE', #245, #4786, #959, .T. ) ;
#4450 = EDGE_CURVE ( 'NONE', #3852, #5719, #787, .T. ) ;
#4451 = CARTESIAN_POINT ( 'NONE',  ( 0.6009999999999999800, 1.088470684975604900E-016, -0.2690000000000001300 ) ) ;
#4452 = AXIS2_PLACEMENT_3D ( 'NONE', #3854, #2243, #3343 ) ;
#4453 = CARTESIAN_POINT ( 'NONE',  ( 0.5809999999973373100, -0.1300000000066672300, -0.2999999999999998800 ) ) ;
#4454 = SURFACE_STYLE_USAGE ( .BOTH. , #3467 ) ;
#4455 = FACE_OUTER_BOUND ( 'NONE', #752, .T. ) ;
#4456 = CARTESIAN_POINT ( 'NONE',  ( 0.5383137692791075700, 0.009375000000000152300, 0.03500000000000021100 ) ) ;
#4457 = VECTOR ( 'NONE', #2902, 39.37007874015748100 ) ;
#4458 = VECTOR ( 'NONE', #2852, 39.37007874015748100 ) ;
#4459 = CARTESIAN_POINT ( 'NONE',  ( -0.6500000000000000200, 0.08999999999999991300, 0.4499999999999991800 ) ) ;
#4460 = ORIENTED_EDGE ( 'NONE', *, *, #6546, .F. ) ;
#4461 = DIRECTION ( 'NONE',  ( 0.0000000000000000000, 0.4447342106578353600, -0.8956625937653933700 ) ) ;
#4462 = EDGE_CURVE ( 'NONE', #1015, #3108, #6230, .T. ) ;
#4463 = ORIENTED_EDGE ( 'NONE', *, *, #2003, .T. ) ;
#4464 = ADVANCED_FACE ( 'NONE', ( #2338 ), #4987, .F. ) ;
#4465 = DIRECTION ( 'NONE',  ( 1.000000000000000000, 0.0000000000000000000, 0.0000000000000000000 ) ) ;
#4466 = CARTESIAN_POINT ( 'NONE',  ( 0.5787228132326903700, 1.675333338825728900E-017, -0.1300000000000000600 ) ) ;
#4467 = FACE_OUTER_BOUND ( 'NONE', #6015, .T. ) ;
#4468 = DIRECTION ( 'NONE',  ( 1.368455531567204200E-048, 1.942890293094024200E-016, -1.000000000000000000 ) ) ;
#4469 = AXIS2_PLACEMENT_3D ( 'NONE', #3034, #5565, #2495 ) ;
#4470 = CARTESIAN_POINT ( 'NONE',  ( -0.05907086614173251400, 0.1559999999999936400, -0.4500000000000011200 ) ) ;
#4471 = SURFACE_STYLE_USAGE ( .BOTH. , #2449 ) ;
#4472 = CARTESIAN_POINT ( 'NONE',  ( -0.5249324658624632300, 0.08401010114738496900, -0.02792394578861917600 ) ) ;
#4473 = LINE ( 'NONE', #442, #5865 ) ;
#4474 = EDGE_CURVE ( 'NONE', #6644, #1411, #862, .T. ) ;
#4475 = CARTESIAN_POINT ( 'NONE',  ( 0.5212771867673097200, 1.323712120705005400E-016, 0.02000000000000012900 ) ) ;
#4476 = ORIENTED_EDGE ( 'NONE', *, *, #615, .F. ) ;
#4477 = DIRECTION ( 'NONE',  ( 0.0000000000000000000, 0.0000000000000000000, -1.000000000000000000 ) ) ;
#4478 =( BOUNDED_CURVE ( )  B_SPLINE_CURVE ( 3, ( #6330, #3243, #4212, #4754 ),
 .UNSPECIFIED., .F., .F. ) 
 B_SPLINE_CURVE_WITH_KNOTS ( ( 4, 4 ),
 ( 0.0000000000000000000, 0.9174548254164530700 ),
 .UNSPECIFIED. ) 
 CURVE ( )  GEOMETRIC_REPRESENTATION_ITEM ( )  RATIONAL_B_SPLINE_CURVE ( ( 1.000000000000000000, 0.9310778230156160400, 0.9310778230156160400, 1.000000000000000000 ) ) 
 REPRESENTATION_ITEM ( '' )  );
#4479 = AXIS2_PLACEMENT_3D ( 'NONE', #2870, #3436, #6510 ) ;
#4480 = VECTOR ( 'NONE', #1856, 39.37007874015748100 ) ;
#4481 = DIRECTION ( 'NONE',  ( 0.0000000000000000000, -1.000000000000000000, 6.982962677686265900E-015 ) ) ;
#4482 = DIRECTION ( 'NONE',  ( 0.0000000000000000000, 1.000000000000000000, 0.0000000000000000000 ) ) ;
#4483 = CARTESIAN_POINT ( 'NONE',  ( 0.5500000000000000400, -0.1299999999999998100, -0.2999999999999998800 ) ) ;
#4484 = EDGE_CURVE ( 'NONE', #1615, #3918, #1376, .T. ) ;
#4485 = EDGE_LOOP ( 'NONE', ( #5275, #1004, #2345, #4903 ) ) ;
#4486 = EDGE_CURVE ( 'NONE', #5727, #1831, #793, .T. ) ;
#4487 = ORIENTED_EDGE ( 'NONE', *, *, #4341, .T. ) ;
#4488 = VECTOR ( 'NONE', #4879, 39.37007874015748100 ) ;
#4489 = CARTESIAN_POINT ( 'NONE',  ( -0.02630708661416861600, 0.4739999999999999800, -0.1911338582677212200 ) ) ;
#4490 = CARTESIAN_POINT ( 'NONE',  ( -0.1929291338582678200, 0.1559999999999960300, -0.1080708661417415400 ) ) ;
#4491 = ORIENTED_EDGE ( 'NONE', *, *, #771, .T. ) ;
#4492 =( GEOMETRIC_REPRESENTATION_CONTEXT ( 3 ) GLOBAL_UNCERTAINTY_ASSIGNED_CONTEXT ( ( #4554 ) ) GLOBAL_UNIT_ASSIGNED_CONTEXT ( ( #5487, #318, #3971 ) ) REPRESENTATION_CONTEXT ( 'NONE', 'WORKASPACE' ) );
#4493 =( LENGTH_UNIT ( ) NAMED_UNIT ( * ) SI_UNIT ( $, .METRE. ) );
#4494 = ORIENTED_EDGE ( 'NONE', *, *, #2069, .T. ) ;
#4495 = ORIENTED_EDGE ( 'NONE', *, *, #6451, .F. ) ;
#4496 = EDGE_CURVE ( 'NONE', #6180, #2802, #6748, .T. ) ;
#4497 = AXIS2_PLACEMENT_3D ( 'NONE', #1128, #6287, #5252 ) ;
#4498 = DIRECTION ( 'NONE',  ( 0.0000000000000000000, -1.000000000000000000, 0.0000000000000000000 ) ) ;
#4499 = DIRECTION ( 'NONE',  ( -1.474004653490552300E-017, -0.8944271909999171900, -0.4472135954999553200 ) ) ;
#4500 = CARTESIAN_POINT ( 'NONE',  ( 0.5500000000000021500, 0.7811982419601925000, 0.2999999999999846700 ) ) ;
#4501 =( CONVERSION_BASED_UNIT ( 'INCH', #3492 ) LENGTH_UNIT ( ) NAMED_UNIT ( #4266 ) );
#4502 = EDGE_LOOP ( 'NONE', ( #1505, #6026, #1491, #5629 ) ) ;
#4503 = ADVANCED_FACE ( 'NONE', ( #6005 ), #6752, .F. ) ;
#4504 = DIRECTION ( 'NONE',  ( 0.0000000000000000000, -6.982962677686265900E-015, -1.000000000000000000 ) ) ;
#4505 = VERTEX_POINT ( 'NONE', #845 ) ;
#4506 = EDGE_CURVE ( 'NONE', #5822, #570, #5334, .T. ) ;
#4507 = CARTESIAN_POINT ( 'NONE',  ( 0.3134960629921260100, 0.02700787401574812300, -0.3800000000000012300 ) ) ;
#4508 = ORIENTED_EDGE ( 'NONE', *, *, #3477, .F. ) ;
#4509 = CARTESIAN_POINT ( 'NONE',  ( -0.3419999999999989700, 0.2544251968503936600, 0.3342125984251971300 ) ) ;
#4510 = ORIENTED_EDGE ( 'NONE', *, *, #552, .T. ) ;
#4511 = VECTOR ( 'NONE', #886, 39.37007874015748100 ) ;
#4512 = VECTOR ( 'NONE', #4934, 39.37007874015748100 ) ;
#4513 = DIRECTION ( 'NONE',  ( 0.0000000000000000000, 6.982962677686265900E-015, 1.000000000000000000 ) ) ;
#4514 = DIRECTION ( 'NONE',  ( -1.127570259384924600E-017, 1.000000000000000000, 2.775557561562891400E-017 ) ) ;
#4515 = CARTESIAN_POINT ( 'NONE',  ( 0.5603070866141786100, 0.4739999999999999800, -0.3053070866141738300 ) ) ;
#4516 = LINE ( 'NONE', #152, #514 ) ;
#4517 = ORIENTED_EDGE ( 'NONE', *, *, #2921, .T. ) ;
#4518 = DIRECTION ( 'NONE',  ( 0.0000000000000000000, 0.0000000000000000000, 1.000000000000000000 ) ) ;
#4519 = CARTESIAN_POINT ( 'NONE',  ( 0.2505039370078740400, 0.02700787401574807400, -0.1990000000000108300 ) ) ;
#4520 =( NAMED_UNIT ( * ) SI_UNIT ( $, .STERADIAN. ) SOLID_ANGLE_UNIT ( ) );
#4521 = ORIENTED_EDGE ( 'NONE', *, *, #5024, .F. ) ;
#4522 = SURFACE_STYLE_FILL_AREA ( #2248 ) ;
#4523 = AXIS2_PLACEMENT_3D ( 'NONE', #4616, #3602, #1526 ) ;
#4524 = DIRECTION ( 'NONE',  ( -1.250386180714222300E-016, 0.8479983040050895800, -0.5299989400031776000 ) ) ;
#4525 = EDGE_CURVE ( 'NONE', #1423, #5302, #4220, .T. ) ;
#4526 = CIRCLE ( 'NONE', #5162, 0.05099999999999998300 ) ;
#4527 = LINE ( 'NONE', #385, #1107 ) ;
#4528 = ADVANCED_FACE ( 'NONE', ( #3969 ), #6711, .T. ) ;
#4529 = CIRCLE ( 'NONE', #2556, 0.03500000000000003800 ) ;
#4530 = EDGE_CURVE ( 'NONE', #1994, #3598, #1865, .T. ) ;
#4531 = AXIS2_PLACEMENT_3D ( 'NONE', #3711, #4242, #6380 ) ;
#4532 = LINE ( 'NONE', #1245, #6749 ) ;
#4533 = DIRECTION ( 'NONE',  ( 0.0000000000000000000, -1.000000000000000000, 0.0000000000000000000 ) ) ;
#4534 = CARTESIAN_POINT ( 'NONE',  ( -0.5139999999999999000, 0.01000000000000011800, -0.2640000000000000100 ) ) ;
#4535 = ORIENTED_EDGE ( 'NONE', *, *, #1711, .T. ) ;
#4536 = CARTESIAN_POINT ( 'NONE',  ( -0.1985354330708660200, 0.05062992125983971400, 0.2038503937007726300 ) ) ;
#4537 = VERTEX_POINT ( 'NONE', #943 ) ;
#4538 = PLANE ( 'NONE',  #1347 ) ;
#4539 = VECTOR ( 'NONE', #1036, 39.37007874015748100 ) ;
#4540 = PRODUCT_DEFINITION_FORMATION_WITH_SPECIFIED_SOURCE ( 'ANY', '', #5846, .NOT_KNOWN. ) ;
#4541 = FACE_OUTER_BOUND ( 'NONE', #4355, .T. ) ;
#4542 = CARTESIAN_POINT ( 'NONE',  ( 0.5500000000000000400, -0.1299999999999998100, -0.2999999999999998800 ) ) ;
#4543 = DIRECTION ( 'NONE',  ( -4.268512490281893800E-016, 1.000000000000000000, 0.0000000000000000000 ) ) ;
#4544 = EDGE_LOOP ( 'NONE', ( #2178, #4865, #185, #5303 ) ) ;
#4545 = AXIS2_PLACEMENT_3D ( 'NONE', #1299, #4928, #1800 ) ;
#4546 = CARTESIAN_POINT ( 'NONE',  ( 0.5616862307208925200, 0.009375000000000154000, 0.03500000000000021100 ) ) ;
#4547 = DIRECTION ( 'NONE',  ( 0.0000000000000000000, -2.220446049250315100E-016, 1.000000000000000000 ) ) ;
#4548 = ORIENTED_EDGE ( 'NONE', *, *, #381, .T. ) ;
#4549 = CARTESIAN_POINT ( 'NONE',  ( -0.05785826771653521800, 0.1953700787401574400, 0.3833779527559029200 ) ) ;
#4550 =( LENGTH_UNIT ( ) NAMED_UNIT ( * ) SI_UNIT ( $, .METRE. ) );
#4551 = CARTESIAN_POINT ( 'NONE',  ( 0.4754960629921260500, 0.02700787401574881000, -0.2540157480315059500 ) ) ;
#4552 = EDGE_CURVE ( 'NONE', #4804, #1422, #4773, .T. ) ;
#4553 = VECTOR ( 'NONE', #6194, 39.37007874015748100 ) ;
#4554 = UNCERTAINTY_MEASURE_WITH_UNIT (LENGTH_MEASURE( 1.000000000000000100E-005 ), #5487, 'distance_accuracy_value', 'NONE');
#4555 = ORIENTED_EDGE ( 'NONE', *, *, #2185, .T. ) ;
#4556 = CARTESIAN_POINT ( 'NONE',  ( 0.5500000000000000400, 0.7811982419601925000, -0.1499999999999997700 ) ) ;
#4557 = DIRECTION ( 'NONE',  ( 0.0000000000000000000, -0.0000000000000000000, -1.000000000000000000 ) ) ;
#4558 = PLANE ( 'NONE',  #5917 ) ;
#4559 = MANIFOLD_SOLID_BREP ( 'I6A4W010A033V-001-R-1-solid13', #5685 ) ;
#4560 = CARTESIAN_POINT ( 'NONE',  ( -0.3419999999999989700, 0.2544251968503936600, 0.3342125984251971300 ) ) ;
#4561 = FACE_OUTER_BOUND ( 'NONE', #6290, .T. ) ;
#4562 = VECTOR ( 'NONE', #2384, 39.37007874015748100 ) ;
#4563 = FACE_OUTER_BOUND ( 'NONE', #6707, .T. ) ;
#4564 = AXIS2_PLACEMENT_3D ( 'NONE', #2023, #5611, #2496 ) ;
#4565 = DIRECTION ( 'NONE',  ( -1.127570259384924600E-017, 1.000000000000000000, 2.775557561562891400E-017 ) ) ;
#4566 = ORIENTED_EDGE ( 'NONE', *, *, #3256, .T. ) ;
#4567 = CARTESIAN_POINT ( 'NONE',  ( -0.6500000000000000200, 0.08999999999999538900, -0.1990000000000141100 ) ) ;
#4568 = ORIENTED_EDGE ( 'NONE', *, *, #2964, .F. ) ;
#4569 = DIRECTION ( 'NONE',  ( -0.4999999999656997200, 0.8660254038042418700, -3.696640253446491800E-016 ) ) ;
#4570 = EDGE_CURVE ( 'NONE', #5181, #2791, #2630, .T. ) ;
#4571 = CARTESIAN_POINT ( 'NONE',  ( -0.4679842519685029600, 0.2544251968503936600, 0.2357874015748034100 ) ) ;
#4572 = LINE ( 'NONE', #948, #4334 ) ;
#4573 =( BOUNDED_CURVE ( )  B_SPLINE_CURVE ( 3, ( #952, #4599, #4004, #897 ),
 .UNSPECIFIED., .F., .F. ) 
 B_SPLINE_CURVE_WITH_KNOTS ( ( 4, 4 ),
 ( 2.052050785681669400, 3.141592653589796700 ),
 .UNSPECIFIED. ) 
 CURVE ( )  GEOMETRIC_REPRESENTATION_ITEM ( )  RATIONAL_B_SPLINE_CURVE ( ( 1.000000000000000000, 0.9034973468845504100, 0.9034973468845504100, 1.000000000000000000 ) ) 
 REPRESENTATION_ITEM ( '' )  );
#4574 = LINE ( 'NONE', #4889, #3170 ) ;
#4575 = ADVANCED_FACE ( 'NONE', ( #3391 ), #5085, .T. ) ;
#4576 = EDGE_LOOP ( 'NONE', ( #1909, #3314, #3049, #6443 ) ) ;
#4577 = DIRECTION ( 'NONE',  ( -1.110223024625156500E-016, 0.0000000000000000000, 1.000000000000000000 ) ) ;
#4578 = ORIENTED_EDGE ( 'NONE', *, *, #2050, .F. ) ;
#4579 = AXIS2_PLACEMENT_3D ( 'NONE', #4632, #1693, #6384 ) ;
#4580 = DIRECTION ( 'NONE',  ( -0.0000000000000000000, 6.982962677686265900E-015, 1.000000000000000000 ) ) ;
#4581 = CARTESIAN_POINT ( 'NONE',  ( -0.4679842519685032400, 0.2544251968503937800, 0.1002125984251970400 ) ) ;
#4582 = ORIENTED_EDGE ( 'NONE', *, *, #5952, .T. ) ;
#4583 = LINE ( 'NONE', #1026, #3179 ) ;
#4584 = EDGE_CURVE ( 'NONE', #2544, #2273, #6577, .T. ) ;
#4585 = AXIS2_PLACEMENT_3D ( 'NONE', #4368, #5868, #145 ) ;
#4586 = ORIENTED_EDGE ( 'NONE', *, *, #951, .T. ) ;
#4587 = ORIENTED_EDGE ( 'NONE', *, *, #3148, .T. ) ;
#4588 = VECTOR ( 'NONE', #373, 39.37007874015748100 ) ;
#4589 = CARTESIAN_POINT ( 'NONE',  ( -0.5499999999999998200, -0.1299999999999999500, -0.2999999999999999900 ) ) ;
#4590 = AXIS2_PLACEMENT_3D ( 'NONE', #4459, #1354, #5501 ) ;
#4591 = CARTESIAN_POINT ( 'NONE',  ( -0.5787228132326900400, 1.251511192545704400E-016, -0.2800000000000000800 ) ) ;
#4592 = ORIENTED_EDGE ( 'NONE', *, *, #4506, .T. ) ;
#4593 = ORIENTED_EDGE ( 'NONE', *, *, #2742, .T. ) ;
#4594 = ORIENTED_EDGE ( 'NONE', *, *, #1487, .T. ) ;
#4595 = ADVANCED_FACE ( 'NONE', ( #2751 ), #4611, .F. ) ;
#4596 = AXIS2_PLACEMENT_3D ( 'NONE', #790, #1863, #2365 ) ;
#4597 = ORIENTED_EDGE ( 'NONE', *, *, #3673, .T. ) ;
#4598 = CARTESIAN_POINT ( 'NONE',  ( -0.4679999999999997500, 0.1559999999999973400, -0.3392125984252100100 ) ) ;
#4599 = CARTESIAN_POINT ( 'NONE',  ( 0.5861800826538868800, 0.08368936704111745700, 0.2591061108278685000 ) ) ;
#4600 = ORIENTED_EDGE ( 'NONE', *, *, #1398, .T. ) ;
#4601 = ORIENTED_EDGE ( 'NONE', *, *, #3916, .T. ) ;
#4602 = VERTEX_POINT ( 'NONE', #5089 ) ;
#4603 = FACE_OUTER_BOUND ( 'NONE', #2011, .T. ) ;
#4604 = EDGE_CURVE ( 'NONE', #4807, #1558, #1031, .T. ) ;
#4605 = LINE ( 'NONE', #4396, #282 ) ;
#4606 = ORIENTED_EDGE ( 'NONE', *, *, #545, .F. ) ;
#4607 = CYLINDRICAL_SURFACE ( 'NONE', #6059, 0.05099999999999998300 ) ;
#4608 = ORIENTED_EDGE ( 'NONE', *, *, #4366, .F. ) ;
#4609 = ADVANCED_FACE ( 'NONE', ( #611 ), #3533, .F. ) ;
#4610 = DIRECTION ( 'NONE',  ( 1.127570259384924600E-017, -1.000000000000000000, -2.775557561562891400E-017 ) ) ;
#4611 = PLANE ( 'NONE',  #3118 ) ;
#4612 = DIRECTION ( 'NONE',  ( -1.127570259384924600E-017, 1.000000000000000000, 2.775557561562891400E-017 ) ) ;
#4613 = VERTEX_POINT ( 'NONE', #5102 ) ;
#4614 = CIRCLE ( 'NONE', #5746, 0.01999999999999990700 ) ;
#4615 = PLANE ( 'NONE',  #3056 ) ;
#4616 = CARTESIAN_POINT ( 'NONE',  ( -0.05907086614173251400, 0.1993070866141731500, -0.2419291338582770000 ) ) ;
#4617 = DIRECTION ( 'NONE',  ( 0.0000000000000000000, -1.000000000000000000, -2.220446049250313100E-016 ) ) ;
#4618 = FACE_OUTER_BOUND ( 'NONE', #5706, .T. ) ;
#4619 = DIRECTION ( 'NONE',  ( 1.127570259384924600E-017, -1.000000000000000000, -2.775557561562891400E-017 ) ) ;
#4620 = EDGE_CURVE ( 'NONE', #5719, #2549, #2982, .T. ) ;
#4621 = EDGE_CURVE ( 'NONE', #4411, #401, #5502, .T. ) ;
#4622 = ADVANCED_FACE ( 'NONE', ( #4618 ), #4204, .T. ) ;
#4623 = DIRECTION ( 'NONE',  ( 1.000000000000000000, 2.465190328815661900E-032, -1.665334536937734800E-016 ) ) ;
#4624 = CARTESIAN_POINT ( 'NONE',  ( 0.5500000000000000400, -0.1299999999999999500, 2.048885995248197400E-016 ) ) ;
#4625 = CIRCLE ( 'NONE', #2300, 0.03500000000000003800 ) ;
#4626 = VECTOR ( 'NONE', #3460, 39.37007874015748100 ) ;
#4627 = AXIS2_PLACEMENT_3D ( 'NONE', #4279, #5843, #1151 ) ;
#4628 = VERTEX_POINT ( 'NONE', #6227 ) ;
#4629 = CARTESIAN_POINT ( 'NONE',  ( 0.1695039370078740000, 0.02700787401574806700, -0.07301574803151011900 ) ) ;
#4630 = LINE ( 'NONE', #3338, #535 ) ;
#4631 = CARTESIAN_POINT ( 'NONE',  ( -0.2901417322834636300, 0.1953700787401574400, 0.1806220472440913400 ) ) ;
#4632 = CARTESIAN_POINT ( 'NONE',  ( -0.6969134938320988800, -0.1450000000000001000, -0.4500000000000011200 ) ) ;
#4633 = DIRECTION ( 'NONE',  ( 1.110223024625156500E-016, -1.387778780781445400E-016, 1.000000000000000000 ) ) ;
#4634 = EDGE_CURVE ( 'NONE', #1749, #637, #1611, .T. ) ;
#4635 = ADVANCED_FACE ( 'NONE', ( #2013 ), #2662, .F. ) ;
#4636 = CARTESIAN_POINT ( 'NONE',  ( 0.5095030865373667600, 1.208478162094115100E-016, -0.2690000000000001300 ) ) ;
#4637 = LINE ( 'NONE', #5342, #4320 ) ;
#4638 =( BOUNDED_CURVE ( )  B_SPLINE_CURVE ( 3, ( #4645, #1546, #5154, #627 ),
 .UNSPECIFIED., .F., .F. ) 
 B_SPLINE_CURVE_WITH_KNOTS ( ( 4, 4 ),
 ( 5.365730481763140600, 6.283185307179586200 ),
 .UNSPECIFIED. ) 
 CURVE ( )  GEOMETRIC_REPRESENTATION_ITEM ( )  RATIONAL_B_SPLINE_CURVE ( ( 1.000000000000000000, 0.9310778230156172600, 0.9310778230156172600, 1.000000000000000000 ) ) 
 REPRESENTATION_ITEM ( '' )  );
#4639 = CARTESIAN_POINT ( 'NONE',  ( -0.2870157480314961000, 0.02700787401574797000, 0.2855039370078653000 ) ) ;
#4640 = VERTEX_POINT ( 'NONE', #2114 ) ;
#4641 = LINE ( 'NONE', #454, #2443 ) ;
#4642 = VECTOR ( 'NONE', #2638, 39.37007874015748100 ) ;
#4643 = ORIENTED_EDGE ( 'NONE', *, *, #2411, .T. ) ;
#4644 = CARTESIAN_POINT ( 'NONE',  ( -0.5811999599358714800, 0.08999999999999842800, 0.01586072192556180900 ) ) ;
#4645 = CARTESIAN_POINT ( 'NONE',  ( 0.5904969134626353300, 0.0000000000000000000, 0.2689999999999847500 ) ) ;
#4646 = EDGE_LOOP ( 'NONE', ( #4882, #5645, #1326, #2278 ) ) ;
#4647 = ADVANCED_FACE ( 'NONE', ( #214 ), #2097, .F. ) ;
#4648 = CARTESIAN_POINT ( 'NONE',  ( -0.6500000000000000200, 0.08999999999999991300, 0.4499999999999991800 ) ) ;
#4649 = CARTESIAN_POINT ( 'NONE',  ( 0.4754960629921260500, 0.02700787401574802200, -0.07301574803150034900 ) ) ;
#4650 = ORIENTED_EDGE ( 'NONE', *, *, #3101, .F. ) ;
#4651 = DIRECTION ( 'NONE',  ( 1.197321130406328100E-015, -0.9393622748205873200, -0.3429264012056980600 ) ) ;
#4652 = EDGE_CURVE ( 'NONE', #1040, #3353, #2569, .T. ) ;
#4653 = DIRECTION ( 'NONE',  ( -4.268512490281893800E-016, 1.000000000000000000, 0.0000000000000000000 ) ) ;
#4654 = ORIENTED_EDGE ( 'NONE', *, *, #6169, .F. ) ;
#4655 = LINE ( 'NONE', #669, #5296 ) ;
#4656 = PRODUCT_DEFINITION_CONTEXT ( 'detailed design', #4304, 'design' ) ;
#4657 = AXIS2_PLACEMENT_3D ( 'NONE', #2230, #1738, #1803 ) ;
#4658 = VERTEX_POINT ( 'NONE', #4752 ) ;
#4659 = DIRECTION ( 'NONE',  ( -6.938893903907228400E-018, -1.000000000000000000, -2.220446049250313100E-016 ) ) ;
#4660 = EDGE_CURVE ( 'NONE', #4537, #4037, #2849, .T. ) ;
#4661 = ORIENTED_EDGE ( 'NONE', *, *, #2500, .F. ) ;
#4662 = ADVANCED_FACE ( 'NONE', ( #5594 ), #534, .F. ) ;
#4663 = ORIENTED_EDGE ( 'NONE', *, *, #1064, .F. ) ;
#4664 = DIRECTION ( 'NONE',  ( 0.0000000000000000000, 0.0000000000000000000, 1.000000000000000000 ) ) ;
#4665 = CARTESIAN_POINT ( 'NONE',  ( 0.1695039370078740000, 0.02700787401574806700, -0.07301574803151011900 ) ) ;
#4666 = ORIENTED_EDGE ( 'NONE', *, *, #5041, .F. ) ;
#4667 = CARTESIAN_POINT ( 'NONE',  ( 0.5603070866141746100, 0.1559999999999936400, -0.4500000000000011200 ) ) ;
#4668 = ADVANCED_FACE ( 'NONE', ( #1701 ), #4268, .F. ) ;
#4669 = DIRECTION ( 'NONE',  ( 1.000000000000000000, 8.998862438468698800E-017, 1.635932385830027800E-032 ) ) ;
#4670 = VERTEX_POINT ( 'NONE', #1656 ) ;
#4671 = LINE ( 'NONE', #850, #123 ) ;
#4672 = SURFACE_SIDE_STYLE ('',( #3675 ) ) ;
#4673 = EDGE_CURVE ( 'NONE', #5019, #595, #6320, .T. ) ;
#4674 = ADVANCED_FACE ( 'NONE', ( #5244 ), #5266, .T. ) ;
#4675 = CARTESIAN_POINT ( 'NONE',  ( 0.1514960629921259500, 0.08999999999999538900, -0.1990000000000020900 ) ) ;
#4676 = FACE_OUTER_BOUND ( 'NONE', #601, .T. ) ;
#4677 = AXIS2_PLACEMENT_3D ( 'NONE', #5616, #1532, #112 ) ;
#4678 = LINE ( 'NONE', #2433, #5590 ) ;
#4679 = DIRECTION ( 'NONE',  ( 0.0000000000000000000, -0.0000000000000000000, -1.000000000000000000 ) ) ;
#4680 = CARTESIAN_POINT ( 'NONE',  ( -0.02630708661417189100, 0.4739999999999999800, 0.2813070866141685300 ) ) ;
#4681 = EDGE_CURVE ( 'NONE', #6180, #2078, #1196, .T. ) ;
#4682 = DIRECTION ( 'NONE',  ( -0.0000000000000000000, -0.0000000000000000000, 1.000000000000000000 ) ) ;
#4683 = LINE ( 'NONE', #6512, #3475 ) ;
#4684 = CARTESIAN_POINT ( 'NONE',  ( -0.5500000000000000400, 0.08049654212842370600, 0.3350000000000004100 ) ) ;
#4685 = CARTESIAN_POINT ( 'NONE',  ( 0.5500000000000000400, 0.08000000000000023800, -0.3509999999999998700 ) ) ;
#4686 = VERTEX_POINT ( 'NONE', #1242 ) ;
#4687 = ADVANCED_FACE ( 'NONE', ( #134 ), #3842, .T. ) ;
#4688 = DIRECTION ( 'NONE',  ( 4.268512490759537700E-016, 1.000000000000000000, -1.822019888377020100E-031 ) ) ;
#4689 = EDGE_CURVE ( 'NONE', #2258, #3102, #3552, .T. ) ;
#4690 = FACE_OUTER_BOUND ( 'NONE', #1361, .T. ) ;
#4691 = EDGE_CURVE ( 'NONE', #3373, #40, #6666, .T. ) ;
#4692 = VECTOR ( 'NONE', #2748, 39.37007874015748100 ) ;
#4693 = ORIENTED_EDGE ( 'NONE', *, *, #209, .T. ) ;
#4694 = PLANE ( 'NONE',  #5699 ) ;
#4695 = CARTESIAN_POINT ( 'NONE',  ( -0.3419999999999992500, 0.2544251968503936600, 0.2192125984251971100 ) ) ;
#4696 =( GEOMETRIC_REPRESENTATION_CONTEXT ( 3 ) GLOBAL_UNCERTAINTY_ASSIGNED_CONTEXT ( ( #2428 ) ) GLOBAL_UNIT_ASSIGNED_CONTEXT ( ( #11, #4223, #5232 ) ) REPRESENTATION_CONTEXT ( 'NONE', 'WORKASPACE' ) );
#4697 = VECTOR ( 'NONE', #2311, 39.37007874015748100 ) ;
#4698 = ORIENTED_EDGE ( 'NONE', *, *, #1573, .T. ) ;
#4699 =( GEOMETRIC_REPRESENTATION_CONTEXT ( 3 ) GLOBAL_UNCERTAINTY_ASSIGNED_CONTEXT ( ( #6060 ) ) GLOBAL_UNIT_ASSIGNED_CONTEXT ( ( #5103, #5633, #967 ) ) REPRESENTATION_CONTEXT ( 'NONE', 'WORKASPACE' ) );
#4700 = DIRECTION ( 'NONE',  ( 0.0000000000000000000, 0.0000000000000000000, -1.000000000000000000 ) ) ;
#4701 = FACE_OUTER_BOUND ( 'NONE', #2677, .T. ) ;
#4702 = ADVANCED_FACE ( 'NONE', ( #5413 ), #4313, .F. ) ;
#4703 = CARTESIAN_POINT ( 'NONE',  ( -0.5500000000000000400, 0.009374999999999883400, 0.2650000000000002900 ) ) ;
#4704 = VERTEX_POINT ( 'NONE', #5907 ) ;
#4705 = DIRECTION ( 'NONE',  ( -1.665334536937734800E-016, 2.238410880014683800E-016, -1.000000000000000000 ) ) ;
#4706 = DIRECTION ( 'NONE',  ( -4.510281037539699700E-017, 1.000000000000000000, 5.551115123125783900E-017 ) ) ;
#4707 = PRESENTATION_STYLE_ASSIGNMENT (( #5182 ) ) ;
#4708 = EDGE_CURVE ( 'NONE', #1015, #2207, #5011, .T. ) ;
#4709 = VECTOR ( 'NONE', #4423, 39.37007874015748100 ) ;
#4710 = PLANE ( 'NONE',  #5808 ) ;
#4711 = VECTOR ( 'NONE', #4721, 39.37007874015748100 ) ;
#4712 = ORIENTED_EDGE ( 'NONE', *, *, #361, .F. ) ;
#4713 = CARTESIAN_POINT ( 'NONE',  ( 0.5500000000000000400, 1.378555900599876600E-016, -0.3310000000000000200 ) ) ;
#4714 = ORIENTED_EDGE ( 'NONE', *, *, #2978, .T. ) ;
#4715 = PLANE ( 'NONE',  #5251 ) ;
#4716 = VECTOR ( 'NONE', #5938, 39.37007874015748100 ) ;
#4717 = FACE_OUTER_BOUND ( 'NONE', #6301, .T. ) ;
#4718 = DIRECTION ( 'NONE',  ( 0.0000000000000000000, -6.982962677686265900E-015, -1.000000000000000000 ) ) ;
#4719 = LENGTH_MEASURE_WITH_UNIT ( LENGTH_MEASURE( 0.02539999999999999900 ), #4827 );
#4720 = ORIENTED_EDGE ( 'NONE', *, *, #916, .F. ) ;
#4721 = DIRECTION ( 'NONE',  ( -0.0000000000000000000, -1.000000000000000000, 0.0000000000000000000 ) ) ;
#4722 = ORIENTED_EDGE ( 'NONE', *, *, #4299, .T. ) ;
#4723 = ADVANCED_FACE ( 'NONE', ( #1455 ), #1724, .T. ) ;
#4724 = FACE_OUTER_BOUND ( 'NONE', #6445, .T. ) ;
#4725 = CARTESIAN_POINT ( 'NONE',  ( -0.05785826771653453800, 0.1953700787401574400, 0.1806220472440921400 ) ) ;
#4726 = DIRECTION ( 'NONE',  ( -4.771113300584684600E-017, 1.000000000000000000, 2.220446049250313100E-016 ) ) ;
#4727 = EDGE_LOOP ( 'NONE', ( #325, #1681, #699, #5977, #419, #1156, #776, #1289 ) ) ;
#4728 = MECHANICAL_DESIGN_GEOMETRIC_PRESENTATION_REPRESENTATION (  '', ( #504 ), #854 ) ;
#4729 = PLANE ( 'NONE',  #899 ) ;
#4730 = EDGE_CURVE ( 'NONE', #6270, #2372, #1818, .T. ) ;
#4731 = PRESENTATION_STYLE_ASSIGNMENT (( #6299 ) ) ;
#4732 = STYLED_ITEM ( 'NONE', ( #1132 ), #939 ) ;
#4733 = CARTESIAN_POINT ( 'NONE',  ( -0.1929291338582678200, 0.1993070866141731500, -0.2419291338582770000 ) ) ;
#4734 = DIRECTION ( 'NONE',  ( 0.0000000000000000000, -1.000000000000000000, 6.982962677686265900E-015 ) ) ;
#4735 = VERTEX_POINT ( 'NONE', #4860 ) ;
#4736 = ORIENTED_EDGE ( 'NONE', *, *, #2118, .T. ) ;
#4737 = ORIENTED_EDGE ( 'NONE', *, *, #1840, .F. ) ;
#4738 = DIRECTION ( 'NONE',  ( 0.0000000000000000000, -2.220446049250313100E-016, 1.000000000000000000 ) ) ;
#4739 = ORIENTED_EDGE ( 'NONE', *, *, #6269, .F. ) ;
#4740 = CARTESIAN_POINT ( 'NONE',  ( 0.6500000000000000200, 0.08999999999999362700, -0.4500000000000007300 ) ) ;
#4741 = COLOUR_RGB ( '',0.5882352941176470800, 0.2941176470588235400, 0.0000000000000000000 ) ;
#4742 = AXIS2_PLACEMENT_3D ( 'NONE', #3218, #4229, #5305 ) ;
#4743 = DIRECTION ( 'NONE',  ( 6.808368128483062900E-017, 4.515903254171773800E-047, 1.000000000000000000 ) ) ;
#4744 = EDGE_LOOP ( 'NONE', ( #3349, #5196, #6430, #742 ) ) ;
#4745 = DIRECTION ( 'NONE',  ( 1.665334536937734800E-016, -2.238410880014683800E-016, 1.000000000000000000 ) ) ;
#4746 = DIRECTION ( 'NONE',  ( 0.0000000000000000000, 3.885780586188047400E-016, -1.000000000000000000 ) ) ;
#4747 = DIRECTION ( 'NONE',  ( 0.0000000000000000000, 0.0000000000000000000, 1.000000000000000000 ) ) ;
#4748 = ORIENTED_EDGE ( 'NONE', *, *, #3289, .T. ) ;
#4749 = EDGE_CURVE ( 'NONE', #3078, #1682, #1937, .T. ) ;
#4750 = STYLED_ITEM ( 'NONE', ( #5414 ), #1871 ) ;
#4751 = LINE ( 'NONE', #4421, #4512 ) ;
#4752 = CARTESIAN_POINT ( 'NONE',  ( 0.5500000000000000400, 0.009374999999999968400, -0.1849999999999999400 ) ) ;
#4753 = CARTESIAN_POINT ( 'NONE',  ( 0.2324960629921259100, 0.02700787401574806700, -0.07301574803151011900 ) ) ;
#4754 = CARTESIAN_POINT ( 'NONE',  ( 0.5904969134626333300, 1.236360925208982700E-016, -0.2690000000000001300 ) ) ;
#4755 =( BOUNDED_CURVE ( )  B_SPLINE_CURVE ( 3, ( #1761, #1781, #2294, #3307 ),
 .UNSPECIFIED., .F., .T. ) 
 B_SPLINE_CURVE_WITH_KNOTS ( ( 4, 4 ),
 ( 3.141592653589796700, 4.231134521497958500 ),
 .UNSPECIFIED. ) 
 CURVE ( )  GEOMETRIC_REPRESENTATION_ITEM ( )  RATIONAL_B_SPLINE_CURVE ( ( 1.000000000000000000, 0.9034973468845445300, 0.9034973468845445300, 1.000000000000000000 ) ) 
 REPRESENTATION_ITEM ( '' )  );
#4756 = CIRCLE ( 'NONE', #6678, 0.05100000000000001800 ) ;
#4757 = EDGE_LOOP ( 'NONE', ( #6129, #657, #999, #3531 ) ) ;
#4758 = DIRECTION ( 'NONE',  ( -8.261637078323320300E-016, 1.000000000000000000, 2.275154907130890300E-031 ) ) ;
#4759 = PLANE ( 'NONE',  #3217 ) ;
#4760 = CARTESIAN_POINT ( 'NONE',  ( -0.6500000000000000200, 0.1559999999999974700, 0.1002125984251970400 ) ) ;
#4761 = DIMENSIONAL_EXPONENTS ( 1.000000000000000000, 0.0000000000000000000, 0.0000000000000000000, 0.0000000000000000000, 0.0000000000000000000, 0.0000000000000000000, 0.0000000000000000000 ) ;
#4762 = LINE ( 'NONE', #1880, #3215 ) ;
#4763 = ORIENTED_EDGE ( 'NONE', *, *, #624, .T. ) ;
#4764 = CYLINDRICAL_SURFACE ( 'NONE', #5539, 0.01999999999999990700 ) ;
#4765 = CARTESIAN_POINT ( 'NONE',  ( -0.5383137692791075700, 0.009374999999999970200, 0.03500000000000011400 ) ) ;
#4766 = DIRECTION ( 'NONE',  ( 0.0000000000000000000, 0.0000000000000000000, -1.000000000000000000 ) ) ;
#4767 = DIRECTION ( 'NONE',  ( 1.097892830587252300E-017, 1.000000000000000000, -6.982962677686265900E-015 ) ) ;
#4768 = MANIFOLD_SOLID_BREP ( 'I6A4W010A033V-001-R-1-solid14', #3625 ) ;
#4769 = PLANE ( 'NONE',  #1932 ) ;
#4770 = LINE ( 'NONE', #1696, #2415 ) ;
#4771 = DIRECTION ( 'NONE',  ( 1.000000000000000000, -0.0000000000000000000, 3.197460410711471300E-015 ) ) ;
#4772 = AXIS2_PLACEMENT_3D ( 'NONE', #2882, #3231, #125 ) ;
#4773 = CIRCLE ( 'NONE', #6629, 0.01999999999999992400 ) ;
#4774 = DIRECTION ( 'NONE',  ( 8.998862438468698800E-017, -1.000000000000000000, -1.817932429810993200E-016 ) ) ;
#4775 = LINE ( 'NONE', #3989, #4129 ) ;
#4776 = PLANE ( 'NONE',  #5759 ) ;
#4777 = EDGE_CURVE ( 'NONE', #5458, #6041, #3791, .T. ) ;
#4778 = ORIENTED_EDGE ( 'NONE', *, *, #5391, .F. ) ;
#4779 = VECTOR ( 'NONE', #5432, 39.37007874015748100 ) ;
#4780 = DIRECTION ( 'NONE',  ( 1.000000000000000000, 0.0000000000000000000, 0.0000000000000000000 ) ) ;
#4781 = DIRECTION ( 'NONE',  ( -6.938893903907228400E-018, -1.000000000000000000, -2.220446049250313100E-016 ) ) ;
#4782 = EDGE_CURVE ( 'NONE', #5396, #2125, #2018, .T. ) ;
#4783 = PLANE ( 'NONE',  #3494 ) ;
#4784 = PLANE ( 'NONE',  #3788 ) ;
#4785 = PLANE ( 'NONE',  #1613 ) ;
#4786 = VERTEX_POINT ( 'NONE', #2210 ) ;
#4787 = AXIS2_PLACEMENT_3D ( 'NONE', #5615, #460, #2542 ) ;
#4788 = FACE_OUTER_BOUND ( 'NONE', #6722, .T. ) ;
#4789 = ORIENTED_EDGE ( 'NONE', *, *, #3209, .T. ) ;
#4790 =( NAMED_UNIT ( * ) SI_UNIT ( $, .STERADIAN. ) SOLID_ANGLE_UNIT ( ) );
#4791 = VECTOR ( 'NONE', #4240, 39.37007874015748100 ) ;
#4792 = SURFACE_SIDE_STYLE ('',( #4401 ) ) ;
#4793 = CIRCLE ( 'NONE', #445, 0.03099999999999985400 ) ;
#4794 =( LENGTH_UNIT ( ) NAMED_UNIT ( * ) SI_UNIT ( $, .METRE. ) );
#4795 = ORIENTED_EDGE ( 'NONE', *, *, #4120, .T. ) ;
#4796 = CARTESIAN_POINT ( 'NONE',  ( -0.4679842519685032400, 0.2544251968503936600, 0.1207874015748034000 ) ) ;
#4797 = ORIENTED_EDGE ( 'NONE', *, *, #6592, .F. ) ;
#4798 = EDGE_CURVE ( 'NONE', #3094, #6270, #4526, .T. ) ;
#4799 = PLANE ( 'NONE',  #5176 ) ;
#4800 =( NAMED_UNIT ( * ) PLANE_ANGLE_UNIT ( ) SI_UNIT ( $, .RADIAN. ) );
#4801 = DIRECTION ( 'NONE',  ( 0.0000000000000000000, 0.0000000000000000000, 1.000000000000000000 ) ) ;
#4802 = ORIENTED_EDGE ( 'NONE', *, *, #5506, .F. ) ;
#4803 = PLANE ( 'NONE',  #6018 ) ;
#4804 = VERTEX_POINT ( 'NONE', #6466 ) ;
#4805 = CARTESIAN_POINT ( 'NONE',  ( 0.2505039370078740400, 0.02700787401574812300, -0.3800000000000012300 ) ) ;
#4806 = CARTESIAN_POINT ( 'NONE',  ( -0.5499999999999998200, 8.537024980200822600E-017, -0.2999999999999999900 ) ) ;
#4807 = VERTEX_POINT ( 'NONE', #2830 ) ;
#4808 = SURFACE_STYLE_FILL_AREA ( #6631 ) ;
#4809 = EDGE_CURVE ( 'NONE', #4628, #4974, #292, .T. ) ;
#4810 = ORIENTED_EDGE ( 'NONE', *, *, #3076, .F. ) ;
#4811 = CARTESIAN_POINT ( 'NONE',  ( -0.5500000000000000400, 0.7811982419601926100, -0.3199999999999997800 ) ) ;
#4812 = ORIENTED_EDGE ( 'NONE', *, *, #1090, .T. ) ;
#4813 = VERTEX_POINT ( 'NONE', #838 ) ;
#4814 = LINE ( 'NONE', #6719, #6720 ) ;
#4815 = ORIENTED_EDGE ( 'NONE', *, *, #2593, .T. ) ;
#4816 = AXIS2_PLACEMENT_3D ( 'NONE', #6032, #1357, #1333 ) ;
#4817 = DIRECTION ( 'NONE',  ( -0.0000000000000000000, -0.0000000000000000000, 1.000000000000000000 ) ) ;
#4818 = VERTEX_POINT ( 'NONE', #3336 ) ;
#4819 = CARTESIAN_POINT ( 'NONE',  ( -0.5500000000000000400, 0.08999999999999998300, 0.3000000000000003200 ) ) ;
#4820 = EDGE_CURVE ( 'NONE', #2632, #1015, #5409, .T. ) ;
#4821 = EDGE_CURVE ( 'NONE', #231, #4181, #5589, .T. ) ;
#4822 = DIRECTION ( 'NONE',  ( 0.0000000000000000000, 1.000000000000000000, 0.0000000000000000000 ) ) ;
#4823 = CARTESIAN_POINT ( 'NONE',  ( -0.02630708661417093700, 0.1559999999999987500, 0.2813070866141685300 ) ) ;
#4824 = LINE ( 'NONE', #2669, #6300 ) ;
#4825 = CARTESIAN_POINT ( 'NONE',  ( -0.4679842519685034100, 0.1559999999999991700, -0.01078740157480294300 ) ) ;
#4826 = SURFACE_STYLE_FILL_AREA ( #1380 ) ;
#4827 =( LENGTH_UNIT ( ) NAMED_UNIT ( * ) SI_UNIT ( $, .METRE. ) );
#4828 = CARTESIAN_POINT ( 'NONE',  ( -0.4679842519685032400, 0.2544251968503937800, 0.001787401574803257200 ) ) ;
#4829 = STYLED_ITEM ( 'NONE', ( #4731 ), #6257 ) ;
#4830 = DIRECTION ( 'NONE',  ( -0.0000000000000000000, 1.000000000000000000, -6.982962677686265900E-015 ) ) ;
#4831 = ORIENTED_EDGE ( 'NONE', *, *, #2772, .F. ) ;
#4832 = SURFACE_SIDE_STYLE ('',( #5404 ) ) ;
#4833 = EDGE_CURVE ( 'NONE', #1408, #2070, #3380, .T. ) ;
#4834 = AXIS2_PLACEMENT_3D ( 'NONE', #2874, #6035, #5527 ) ;
#4835 = DIMENSIONAL_EXPONENTS ( 1.000000000000000000, 0.0000000000000000000, 0.0000000000000000000, 0.0000000000000000000, 0.0000000000000000000, 0.0000000000000000000, 0.0000000000000000000 ) ;
#4836 =( BOUNDED_CURVE ( )  B_SPLINE_CURVE ( 3, ( #1372, #3981, #1392, #5468 ),
 .UNSPECIFIED., .F., .F. ) 
 B_SPLINE_CURVE_WITH_KNOTS ( ( 4, 4 ),
 ( 2.179041905705112500, 3.141592653589793100 ),
 .UNSPECIFIED. ) 
 CURVE ( )  GEOMETRIC_REPRESENTATION_ITEM ( )  RATIONAL_B_SPLINE_CURVE ( ( 1.000000000000000000, 0.9242701736186131900, 0.9242701736186131900, 1.000000000000000000 ) ) 
 REPRESENTATION_ITEM ( '' )  );
#4837 = ORIENTED_EDGE ( 'NONE', *, *, #4036, .T. ) ;
#4838 = VECTOR ( 'NONE', #6458, 39.37007874015748100 ) ;
#4839 = ORIENTED_EDGE ( 'NONE', *, *, #1565, .F. ) ;
#4840 = DIRECTION ( 'NONE',  ( -2.059459591764567500E-017, -0.8479983040050895800, -0.5299989400031776000 ) ) ;
#4841 = CARTESIAN_POINT ( 'NONE',  ( -0.05785826771653521800, 0.1953700787401574400, 0.3833779527559030300 ) ) ;
#4842 = CARTESIAN_POINT ( 'NONE',  ( -0.6500000000000000200, 0.1559999999999939800, -0.4000000000000009700 ) ) ;
#4843 = EDGE_CURVE ( 'NONE', #3102, #5562, #2007, .T. ) ;
#4844 = FACE_OUTER_BOUND ( 'NONE', #1429, .T. ) ;
#4845 = LINE ( 'NONE', #6473, #6000 ) ;
#4846 = CARTESIAN_POINT ( 'NONE',  ( 0.3134960629921259600, 0.02700787401574809800, -0.2540157480314970700 ) ) ;
#4847 = DIRECTION ( 'NONE',  ( -0.0000000000000000000, 6.982962677686265900E-015, 1.000000000000000000 ) ) ;
#4848 = DIRECTION ( 'NONE',  ( -1.000000000000000000, 1.396592535537247200E-015, -6.982962677686184900E-016 ) ) ;
#4849 = CARTESIAN_POINT ( 'NONE',  ( -0.5500000000000000400, 0.08049654212842370600, 0.3350000000000004100 ) ) ;
#4850 = APPLICATION_PROTOCOL_DEFINITION ( 'draft international standard', 'automotive_design', 1998, #2757 ) ;
#4851 = VECTOR ( 'NONE', #5658, 39.37007874015748100 ) ;
#4852 = FACE_OUTER_BOUND ( 'NONE', #753, .T. ) ;
#4853 = EDGE_LOOP ( 'NONE', ( #6731, #2147, #2257, #981 ) ) ;
#4854 = DIRECTION ( 'NONE',  ( -0.0000000000000000000, -1.000000000000000000, -2.220446049250313100E-016 ) ) ;
#4855 = ORIENTED_EDGE ( 'NONE', *, *, #851, .F. ) ;
#4856 = DIRECTION ( 'NONE',  ( -1.000000000000000000, -4.771113300584684600E-017, -1.059399967880888400E-032 ) ) ;
#4857 = FACE_OUTER_BOUND ( 'NONE', #3743, .T. ) ;
#4858 = CARTESIAN_POINT ( 'NONE',  ( 0.5699999999981769600, -0.1299999999999999500, 1.390416932812846100E-016 ) ) ;
#4859 = ORIENTED_EDGE ( 'NONE', *, *, #4277, .T. ) ;
#4860 = CARTESIAN_POINT ( 'NONE',  ( -0.05907086614173251400, 0.1993070866141731000, -0.1080708661417415400 ) ) ;
#4861 = DIRECTION ( 'NONE',  ( -0.0000000000000000000, 1.000000000000000000, 1.387778780781445400E-016 ) ) ;
#4862 = DIRECTION ( 'NONE',  ( -1.000000000000000000, -8.998862438468698800E-017, -1.635932385830027800E-032 ) ) ;
#4863 = LINE ( 'NONE', #284, #2767 ) ;
#4864 = EDGE_CURVE ( 'NONE', #5471, #4735, #4762, .T. ) ;
#4865 = ORIENTED_EDGE ( 'NONE', *, *, #4449, .T. ) ;
#4866 = DIRECTION ( 'NONE',  ( -8.237838367058366100E-017, 0.8479983040050895800, -0.5299989400031776000 ) ) ;
#4867 = DIMENSIONAL_EXPONENTS ( 1.000000000000000000, 0.0000000000000000000, 0.0000000000000000000, 0.0000000000000000000, 0.0000000000000000000, 0.0000000000000000000, 0.0000000000000000000 ) ;
#4868 = CARTESIAN_POINT ( 'NONE',  ( -0.1929291338582592200, 0.1993070866141732300, -0.3869291338582765400 ) ) ;
#4869 = FILL_AREA_STYLE ('',( #5912 ) ) ;
#4870 = FACE_OUTER_BOUND ( 'NONE', #5134, .T. ) ;
#4871 = ORIENTED_EDGE ( 'NONE', *, *, #5573, .F. ) ;
#4872 = EDGE_CURVE ( 'NONE', #6368, #2099, #2086, .T. ) ;
#4873 = PRESENTATION_LAYER_ASSIGNMENT (  '', '', ( #130 ) ) ;
#4874 = DIRECTION ( 'NONE',  ( 0.0000000000000000000, 1.000000000000000000, 0.0000000000000000000 ) ) ;
#4875 = ORIENTED_EDGE ( 'NONE', *, *, #186, .F. ) ;
#4876 = CARTESIAN_POINT ( 'NONE',  ( 0.5787228132326901500, 2.554892778105839500E-017, -0.1699999999999999000 ) ) ;
#4877 = CARTESIAN_POINT ( 'NONE',  ( -0.4679842519685032400, 0.2544251968503937200, -0.01078740157480294300 ) ) ;
#4878 = LINE ( 'NONE', #2595, #1890 ) ;
#4879 = DIRECTION ( 'NONE',  ( -1.000000000000000000, -0.0000000000000000000, 0.0000000000000000000 ) ) ;
#4880 = DIRECTION ( 'NONE',  ( 1.097892830587056500E-017, 1.000000000000000000, 3.218412493826503300E-033 ) ) ;
#4881 = LINE ( 'NONE', #4392, #6776 ) ;
#4882 = ORIENTED_EDGE ( 'NONE', *, *, #3415, .F. ) ;
#4883 = ORIENTED_EDGE ( 'NONE', *, *, #3244, .F. ) ;
#4884 = DIRECTION ( 'NONE',  ( -1.000000000000000000, -3.611517186439268300E-017, 0.0000000000000000000 ) ) ;
#4885 = VECTOR ( 'NONE', #4861, 39.37007874015748100 ) ;
#4886 = DIRECTION ( 'NONE',  ( 0.0000000000000000000, 1.000000000000000000, 0.0000000000000000000 ) ) ;
#4887 = CARTESIAN_POINT ( 'NONE',  ( -0.5249324658624632300, 0.08401010114738496900, 0.2720760542113810900 ) ) ;
#4888 = ORIENTED_EDGE ( 'NONE', *, *, #3878, .F. ) ;
#4889 = CARTESIAN_POINT ( 'NONE',  ( -0.6500000000000000200, 0.1559999999999952000, -0.2242125984252099900 ) ) ;
#4890 = CLOSED_SHELL ( 'NONE', ( #4662, #6233, #1523, #1375, #1820, #510 ) ) ;
#4891 = ORIENTED_EDGE ( 'NONE', *, *, #4251, .F. ) ;
#4892 = COLOUR_RGB ( '',0.5882352941176470800, 0.2941176470588235400, 0.0000000000000000000 ) ;
#4893 = CARTESIAN_POINT ( 'NONE',  ( 0.1695039370078739200, 0.08999999999999362700, -0.4500000000000007300 ) ) ;
#4894 = CARTESIAN_POINT ( 'NONE',  ( -0.3419999999999988600, 0.1559999999999984200, 0.2357874015748034100 ) ) ;
#4895 = ORIENTED_EDGE ( 'NONE', *, *, #128, .F. ) ;
#4896 = EDGE_CURVE ( 'NONE', #2959, #4413, #448, .T. ) ;
#4897 = PLANE ( 'NONE',  #1852 ) ;
#4898 = ORIENTED_EDGE ( 'NONE', *, *, #6097, .F. ) ;
#4899 = CARTESIAN_POINT ( 'NONE',  ( -0.4679842519685032400, 0.2544251968503937800, 0.1002125984251970400 ) ) ;
#4900 = ORIENTED_EDGE ( 'NONE', *, *, #3744, .T. ) ;
#4901 = FACE_OUTER_BOUND ( 'NONE', #5467, .T. ) ;
#4902 = CARTESIAN_POINT ( 'NONE',  ( -0.5811999599358711500, 0.08999999999999745700, -0.2841392780744382800 ) ) ;
#4903 = ORIENTED_EDGE ( 'NONE', *, *, #1428, .F. ) ;
#4904 = ORIENTED_EDGE ( 'NONE', *, *, #3392, .F. ) ;
#4905 =( LENGTH_UNIT ( ) NAMED_UNIT ( * ) SI_UNIT ( $, .METRE. ) );
#4906 = CARTESIAN_POINT ( 'NONE',  ( -0.5188000400641281700, 0.09000000000000012200, -0.3158607219255620300 ) ) ;
#4907 = VERTEX_POINT ( 'NONE', #4936 ) ;
#4908 = CARTESIAN_POINT ( 'NONE',  ( -0.4679999999999997500, 0.1559999999999936400, -0.4500000000000011200 ) ) ;
#4909 = ORIENTED_EDGE ( 'NONE', *, *, #960, .F. ) ;
#4910 = AXIS2_PLACEMENT_3D ( 'NONE', #4064, #6165, #3059 ) ;
#4911 = ADVANCED_FACE ( 'NONE', ( #4294 ), #295, .F. ) ;
#4912 = VERTEX_POINT ( 'NONE', #3945 ) ;
#4913 =( NAMED_UNIT ( * ) PLANE_ANGLE_UNIT ( ) SI_UNIT ( $, .RADIAN. ) );
#4914 = VECTOR ( 'NONE', #1293, 39.37007874015748100 ) ;
#4915 = EDGE_CURVE ( 'NONE', #1558, #6475, #6225, .T. ) ;
#4916 = ORIENTED_EDGE ( 'NONE', *, *, #4833, .T. ) ;
#4917 = ORIENTED_EDGE ( 'NONE', *, *, #3567, .T. ) ;
#4918 = CARTESIAN_POINT ( 'NONE',  ( -0.1929291338582604400, 0.1993070866141732300, -0.2530708661417410700 ) ) ;
#4919 = CARTESIAN_POINT ( 'NONE',  ( -0.5499999999999998200, 0.1300000000000001200, -0.3350000000000000200 ) ) ;
#4920 = ORIENTED_EDGE ( 'NONE', *, *, #2567, .T. ) ;
#4921 = COLOUR_RGB ( '',0.5019607843137254800, 0.5019607843137254800, 0.5019607843137254800 ) ;
#4922 = LINE ( 'NONE', #4072, #3615 ) ;
#4923 = EDGE_CURVE ( 'NONE', #4282, #4097, #5764, .T. ) ;
#4924 = EDGE_CURVE ( 'NONE', #5380, #5729, #945, .T. ) ;
#4925 = CARTESIAN_POINT ( 'NONE',  ( -0.1985354330708660200, 0.05062992125984071300, 0.06014960629919795900 ) ) ;
#4926 = CARTESIAN_POINT ( 'NONE',  ( 0.4125039370078741900, 0.02700787401574880300, -0.3800000000000098300 ) ) ;
#4927 = VERTEX_POINT ( 'NONE', #3386 ) ;
#4928 = DIRECTION ( 'NONE',  ( 0.0000000000000000000, -1.000000000000000000, 6.982962677686265900E-015 ) ) ;
#4929 = DIRECTION ( 'NONE',  ( 1.127570259384924600E-017, -1.000000000000000000, -2.775557561562891400E-017 ) ) ;
#4930 =( BOUNDED_CURVE ( )  B_SPLINE_CURVE ( 3, ( #6023, #326, #4472, #3936 ),
 .UNSPECIFIED., .F., .F. ) 
 B_SPLINE_CURVE_WITH_KNOTS ( ( 4, 4 ),
 ( 1.699789068417263900E-016, 1.100485391436094800 ),
 .UNSPECIFIED. ) 
 CURVE ( )  GEOMETRIC_REPRESENTATION_ITEM ( )  RATIONAL_B_SPLINE_CURVE ( ( 1.000000000000000000, 0.9015984286673652800, 0.9015984286673652800, 1.000000000000000000 ) ) 
 REPRESENTATION_ITEM ( '' )  );
#4931 = EDGE_LOOP ( 'NONE', ( #5310, #114, #3520 ) ) ;
#4932 = AXIS2_PLACEMENT_3D ( 'NONE', #745, #2327, #1243 ) ;
#4933 = CARTESIAN_POINT ( 'NONE',  ( -0.09537007874015754300, 0.04078740157480219300, 0.2933937007873870800 ) ) ;
#4934 = DIRECTION ( 'NONE',  ( 1.000000000000000000, 0.0000000000000000000, 2.775557561562890700E-017 ) ) ;
#4935 = VECTOR ( 'NONE', #3153, 39.37007874015748100 ) ;
#4936 = CARTESIAN_POINT ( 'NONE',  ( -0.1929291338582601900, 0.1993070866141732300, -0.2530708661417410700 ) ) ;
#4937 = VECTOR ( 'NONE', #2156, 39.37007874015748100 ) ;
#4938 = DIRECTION ( 'NONE',  ( 0.0000000000000000000, 1.000000000000000000, 0.0000000000000000000 ) ) ;
#4939 = EDGE_CURVE ( 'NONE', #3931, #1244, #2491, .T. ) ;
#4940 = ADVANCED_FACE ( 'NONE', ( #1447 ), #1772, .T. ) ;
#4941 = DIRECTION ( 'NONE',  ( 1.000000000000000000, -1.232595164407830900E-032, 5.551115123125782700E-017 ) ) ;
#4942 = VECTOR ( 'NONE', #304, 39.37007874015748100 ) ;
#4943 = CARTESIAN_POINT ( 'NONE',  ( 0.5500000000000020400, -2.307893708268091500E-017, 0.3309999999999845300 ) ) ;
#4944 = DIRECTION ( 'NONE',  ( 1.000000000000000000, 0.0000000000000000000, 0.0000000000000000000 ) ) ;
#4945 = ORIENTED_EDGE ( 'NONE', *, *, #6725, .F. ) ;
#4946 = COLOUR_RGB ( '',0.5882352941176470800, 0.2941176470588235400, 0.0000000000000000000 ) ;
#4947 =( NAMED_UNIT ( * ) SI_UNIT ( $, .STERADIAN. ) SOLID_ANGLE_UNIT ( ) );
#4948 = DIRECTION ( 'NONE',  ( -1.000000000000000000, -6.985672963933549300E-017, 4.366045602458440300E-017 ) ) ;
#4949 = EDGE_LOOP ( 'NONE', ( #5641, #5198, #3110, #4597, #3490, #3800, #4594, #3848 ) ) ;
#4950 = AXIS2_PLACEMENT_3D ( 'NONE', #3224, #4840, #4380 ) ;
#4951 = CARTESIAN_POINT ( 'NONE',  ( 0.5806681391206476300, 0.006419919741470023900, -0.3438398394829398400 ) ) ;
#4952 = CARTESIAN_POINT ( 'NONE',  ( -0.3419999999999992500, 0.2544251968503937800, 0.1002125984251970400 ) ) ;
#4953 = EDGE_CURVE ( 'NONE', #1417, #4704, #6147, .T. ) ;
#4954 = EDGE_CURVE ( 'NONE', #2273, #2885, #3011, .T. ) ;
#4955 = DIRECTION ( 'NONE',  ( 1.000000000000000000, 4.771113300584684600E-017, 1.059399967880888400E-032 ) ) ;
#4956 = FACE_OUTER_BOUND ( 'NONE', #3610, .T. ) ;
#4957 = EDGE_LOOP ( 'NONE', ( #4091, #3521, #5452, #1441 ) ) ;
#4958 = LINE ( 'NONE', #4470, #3742 ) ;
#4959 = ORIENTED_EDGE ( 'NONE', *, *, #4013, .F. ) ;
#4960 =( LENGTH_UNIT ( ) NAMED_UNIT ( * ) SI_UNIT ( $, .METRE. ) );
#4961 = SURFACE_SIDE_STYLE ('',( #2916 ) ) ;
#4962 = CYLINDRICAL_SURFACE ( 'NONE', #2717, 0.03500000000000003800 ) ;
#4963 = VECTOR ( 'NONE', #1742, 39.37007874015748100 ) ;
#4964 = EDGE_CURVE ( 'NONE', #3331, #4343, #4447, .T. ) ;
#4965 = AXIS2_PLACEMENT_3D ( 'NONE', #4369, #2819, #4342 ) ;
#4966 = ORIENTED_EDGE ( 'NONE', *, *, #1076, .F. ) ;
#4967 = SURFACE_SIDE_STYLE ('',( #5032 ) ) ;
#4968 = ORIENTED_EDGE ( 'NONE', *, *, #4872, .F. ) ;
#4969 = DIRECTION ( 'NONE',  ( 0.0000000000000000000, 0.4472135954999553200, -0.8944271909999171900 ) ) ;
#4970 = ORIENTED_EDGE ( 'NONE', *, *, #1038, .F. ) ;
#4971 = DIRECTION ( 'NONE',  ( -1.000000000000000000, 0.0000000000000000000, -2.775557561562890700E-017 ) ) ;
#4972 = ADVANCED_FACE ( 'NONE', ( #367 ), #3458, .F. ) ;
#4973 = SURFACE_SIDE_STYLE ('',( #4808 ) ) ;
#4974 = VERTEX_POINT ( 'NONE', #6639 ) ;
#4975 = CLOSED_SHELL ( 'NONE', ( #6596, #390, #6746, #5163, #3590, #5069 ) ) ;
#4976 = AXIS2_PLACEMENT_3D ( 'NONE', #4255, #5829, #2627 ) ;
#4977 =( BOUNDED_CURVE ( )  B_SPLINE_CURVE ( 3, ( #5481, #300, #882, #5453 ),
 .UNSPECIFIED., .F., .F. ) 
 B_SPLINE_CURVE_WITH_KNOTS ( ( 4, 4 ),
 ( 3.491481338843133700E-015, 0.9174548254164508500 ),
 .UNSPECIFIED. ) 
 CURVE ( )  GEOMETRIC_REPRESENTATION_ITEM ( )  RATIONAL_B_SPLINE_CURVE ( ( 1.000000000000000000, 0.9310778230156169200, 0.9310778230156169200, 1.000000000000000000 ) ) 
 REPRESENTATION_ITEM ( '' )  );
#4978 = EDGE_CURVE ( 'NONE', #181, #5983, #43, .T. ) ;
#4979 = DIRECTION ( 'NONE',  ( 0.0000000000000000000, -6.982962677686265900E-015, -1.000000000000000000 ) ) ;
#4980 = CARTESIAN_POINT ( 'NONE',  ( 0.5188000400641283900, 0.08999999999999851200, 0.01586072192556194400 ) ) ;
#4981 = DIRECTION ( 'NONE',  ( -1.000000000000000000, 1.738909042808659600E-032, -5.551115123125782700E-017 ) ) ;
#4982 = ORIENTED_EDGE ( 'NONE', *, *, #6582, .F. ) ;
#4983 = ORIENTED_EDGE ( 'NONE', *, *, #2943, .F. ) ;
#4984 = ORIENTED_EDGE ( 'NONE', *, *, #5749, .T. ) ;
#4985 = CARTESIAN_POINT ( 'NONE',  ( -0.05907086614172391000, 0.1993070866141732300, -0.3869291338582751500 ) ) ;
#4986 = CARTESIAN_POINT ( 'NONE',  ( 0.5500000000000021500, 0.08388434700220565000, 0.3509999999999846600 ) ) ;
#4987 = PLANE ( 'NONE',  #6395 ) ;
#4988 = DIRECTION ( 'NONE',  ( -0.0000000000000000000, 6.982962677686265900E-015, 1.000000000000000000 ) ) ;
#4989 = ORIENTED_EDGE ( 'NONE', *, *, #4864, .T. ) ;
#4990 = VERTEX_POINT ( 'NONE', #4549 ) ;
#4991 = FILL_AREA_STYLE_COLOUR ( '', #6426 ) ;
#4992 = CARTESIAN_POINT ( 'NONE',  ( -0.6500000000000000200, 0.08999999999999719300, 0.06014960629919775100 ) ) ;
#4993 = EDGE_LOOP ( 'NONE', ( #499, #2143, #1205, #6175 ) ) ;
#4994 = FACE_OUTER_BOUND ( 'NONE', #5469, .T. ) ;
#4995 = CARTESIAN_POINT ( 'NONE',  ( -0.09537007874015754300, 0.04078740157480230400, 0.3426062992125836800 ) ) ;
#4996 = VECTOR ( 'NONE', #6054, 39.37007874015748100 ) ;
#4997 = PRESENTATION_LAYER_ASSIGNMENT (  '', '', ( #2785 ) ) ;
#4998 = AXIS2_PLACEMENT_3D ( 'NONE', #691, #1784, #1764 ) ;
#4999 = EDGE_CURVE ( 'NONE', #4411, #6128, #3469, .T. ) ;
#5000 = VERTEX_POINT ( 'NONE', #5523 ) ;
#5001 = ORIENTED_EDGE ( 'NONE', *, *, #3968, .F. ) ;
#5002 = SURFACE_SIDE_STYLE ('',( #4826 ) ) ;
#5003 = DIRECTION ( 'NONE',  ( -0.4999999999657008300, 0.8660254038042413100, -1.577915509571067000E-031 ) ) ;
#5004 = CARTESIAN_POINT ( 'NONE',  ( 0.5500000000000000400, 0.1300000000000001400, -0.03499999999999979500 ) ) ;
#5005 = CARTESIAN_POINT ( 'NONE',  ( -0.5787228132326900400, -1.192677865387001700E-017, 0.2800000000000002500 ) ) ;
#5006 = ADVANCED_FACE ( 'NONE', ( #4844 ), #358, .F. ) ;
#5007 = EDGE_CURVE ( 'NONE', #1408, #1925, #856, .T. ) ;
#5008 = PRESENTATION_LAYER_ASSIGNMENT (  '', '', ( #1047 ) ) ;
#5009 = CARTESIAN_POINT ( 'NONE',  ( 0.3315039370078740600, 0.02700787401574812300, -0.3800000000000132200 ) ) ;
#5010 = CARTESIAN_POINT ( 'NONE',  ( 0.1695039370078740000, 0.02700787401574806700, -0.07301574803151011900 ) ) ;
#5011 = LINE ( 'NONE', #3796, #3714 ) ;
#5012 = COLOUR_RGB ( '',1.000000000000000000, 0.8117647058823529400, 0.5019607843137254800 ) ;
#5013 = DIRECTION ( 'NONE',  ( 0.0000000000000000000, -6.982962677686265900E-015, -1.000000000000000000 ) ) ;
#5014 = DIRECTION ( 'NONE',  ( 0.0000000000000000000, -6.982962677686265900E-015, -1.000000000000000000 ) ) ;
#5015 = DIRECTION ( 'NONE',  ( -1.127570259384924600E-016, 1.000000000000000000, 2.220446049250313100E-016 ) ) ;
#5016 = DIRECTION ( 'NONE',  ( 0.0000000000000000000, 0.0000000000000000000, 1.000000000000000000 ) ) ;
#5017 =( GEOMETRIC_REPRESENTATION_CONTEXT ( 3 ) GLOBAL_UNCERTAINTY_ASSIGNED_CONTEXT ( ( #6571 ) ) GLOBAL_UNIT_ASSIGNED_CONTEXT ( ( #4412, #5462, #1280 ) ) REPRESENTATION_CONTEXT ( 'NONE', 'WORKASPACE' ) );
#5018 = CARTESIAN_POINT ( 'NONE',  ( -0.01662992125984251400, 0.04078740157480196400, 0.2933937007873870800 ) ) ;
#5019 = VERTEX_POINT ( 'NONE', #1424 ) ;
#5020 = EDGE_LOOP ( 'NONE', ( #2811, #2796, #5634, #589, #625, #3661, #3941, #1730 ) ) ;
#5021 = DIRECTION ( 'NONE',  ( -0.0000000000000000000, -1.000000000000000000, -0.0000000000000000000 ) ) ;
#5022 = CARTESIAN_POINT ( 'NONE',  ( -0.6500000000000000200, 0.08999999999999538900, -0.1990000000000042800 ) ) ;
#5023 = VECTOR ( 'NONE', #4114, 39.37007874015748100 ) ;
#5024 = EDGE_CURVE ( 'NONE', #1040, #4807, #3707, .T. ) ;
#5025 = VERTEX_POINT ( 'NONE', #3003 ) ;
#5026 = DIRECTION ( 'NONE',  ( 0.0000000000000000000, -6.982962677686265900E-015, -1.000000000000000000 ) ) ;
#5027 =( NAMED_UNIT ( * ) PLANE_ANGLE_UNIT ( ) SI_UNIT ( $, .RADIAN. ) );
#5028 = CARTESIAN_POINT ( 'NONE',  ( -0.5500000000000000400, 0.08999999999999996900, 6.829619984160658000E-017 ) ) ;
#5029 = DIRECTION ( 'NONE',  ( 0.0000000000000000000, -6.982962677686265900E-015, -1.000000000000000000 ) ) ;
#5030 = CARTESIAN_POINT ( 'NONE',  ( -0.2870157480314961000, 0.02700787401574797000, 0.3484960629921173300 ) ) ;
#5031 = CARTESIAN_POINT ( 'NONE',  ( -0.6500000000000000200, 0.08999999999999991300, 0.4499999999999991800 ) ) ;
#5032 = SURFACE_STYLE_FILL_AREA ( #5438 ) ;
#5033 = LINE ( 'NONE', #1282, #2931 ) ;
#5034 = EDGE_CURVE ( 'NONE', #5951, #4384, #2166, .T. ) ;
#5035 = ADVANCED_FACE ( 'NONE', ( #5996 ), #5673, .T. ) ;
#5036 = EDGE_LOOP ( 'NONE', ( #4292, #2506, #3036, #3025, #1906, #5962, #4347, #5815 ) ) ;
#5037 = CONICAL_SURFACE ( 'NONE', #3604, 0.03099999999957733800, 0.5235987755933144700 ) ;
#5038 = CARTESIAN_POINT ( 'NONE',  ( -0.5616862307208923000, 0.009374999999999852200, -0.03499999999999996200 ) ) ;
#5039 = FACE_OUTER_BOUND ( 'NONE', #5383, .T. ) ;
#5040 = CARTESIAN_POINT ( 'NONE',  ( -0.3420157480314957600, 0.2544251968503935500, -0.2242125984252099900 ) ) ;
#5041 = EDGE_CURVE ( 'NONE', #21, #645, #4614, .T. ) ;
#5042 = ORIENTED_EDGE ( 'NONE', *, *, #506, .T. ) ;
#5043 = EDGE_CURVE ( 'NONE', #3799, #2896, #6482, .T. ) ;
#5044 =( NAMED_UNIT ( * ) PLANE_ANGLE_UNIT ( ) SI_UNIT ( $, .RADIAN. ) );
#5045 = ORIENTED_EDGE ( 'NONE', *, *, #4102, .F. ) ;
#5046 = UNCERTAINTY_MEASURE_WITH_UNIT (LENGTH_MEASURE( 1.000000000000000100E-005 ), #1508, 'distance_accuracy_value', 'NONE');
#5047 = LINE ( 'NONE', #4049, #562 ) ;
#5048 = FACE_OUTER_BOUND ( 'NONE', #3647, .T. ) ;
#5049 = ORIENTED_EDGE ( 'NONE', *, *, #6118, .F. ) ;
#5050 = ORIENTED_EDGE ( 'NONE', *, *, #1710, .T. ) ;
#5051 = PLANE ( 'NONE',  #4146 ) ;
#5052 = ORIENTED_EDGE ( 'NONE', *, *, #6197, .T. ) ;
#5053 = FACE_OUTER_BOUND ( 'NONE', #5119, .T. ) ;
#5054 = DIRECTION ( 'NONE',  ( 0.0000000000000000000, -5.551115123125781500E-017, 1.000000000000000000 ) ) ;
#5055 = DIRECTION ( 'NONE',  ( 1.604619215278546300E-017, 1.000000000000000000, 2.775557561562891400E-017 ) ) ;
#5056 = ORIENTED_EDGE ( 'NONE', *, *, #1359, .T. ) ;
#5057 = EDGE_LOOP ( 'NONE', ( #4966, #4555, #159, #2935 ) ) ;
#5058 = CYLINDRICAL_SURFACE ( 'NONE', #1131, 0.01999999999999990700 ) ;
#5059 = ORIENTED_EDGE ( 'NONE', *, *, #3440, .F. ) ;
#5060 = CLOSED_SHELL ( 'NONE', ( #5443, #5410, #473, #3368, #3689, #5670, #5650, #2517, #1442, #3132, #1556, #1859, #412, #1950 ) ) ;
#5061 = EDGE_CURVE ( 'NONE', #3946, #6457, #1857, .T. ) ;
#5062 = ORIENTED_EDGE ( 'NONE', *, *, #1538, .T. ) ;
#5063 = ORIENTED_EDGE ( 'NONE', *, *, #2500, .T. ) ;
#5064 = DIRECTION ( 'NONE',  ( 0.0000000000000000000, -1.000000000000000000, -2.220446049250313100E-016 ) ) ;
#5065 = CARTESIAN_POINT ( 'NONE',  ( 0.5500000000000021500, 0.009999999999999884000, 0.2489999999999847100 ) ) ;
#5066 = SURFACE_SIDE_STYLE ('',( #6413 ) ) ;
#5067 = ORIENTED_EDGE ( 'NONE', *, *, #166, .T. ) ;
#5068 = ORIENTED_EDGE ( 'NONE', *, *, #597, .F. ) ;
#5069 = ADVANCED_FACE ( 'NONE', ( #775 ), #5170, .F. ) ;
#5070 = DIRECTION ( 'NONE',  ( 0.0000000000000000000, 1.000000000000000000, 0.0000000000000000000 ) ) ;
#5071 = DIRECTION ( 'NONE',  ( 0.0000000000000000000, 0.4447342106578355300, -0.8956625937653931400 ) ) ;
#5072 = DIRECTION ( 'NONE',  ( -1.665334536937734800E-016, 0.0000000000000000000, -1.000000000000000000 ) ) ;
#5073 = ORIENTED_EDGE ( 'NONE', *, *, #6169, .T. ) ;
#5074 = CARTESIAN_POINT ( 'NONE',  ( -0.5616862307208923000, 0.009375000000000023900, -0.3350000000000000800 ) ) ;
#5075 = DIRECTION ( 'NONE',  ( 0.4999999999657016000, 0.8660254038042408700, 6.123233995316711200E-017 ) ) ;
#5076 = DIRECTION ( 'NONE',  ( -1.127570259384924600E-017, 1.000000000000000000, 2.775557561562891400E-017 ) ) ;
#5077 = ORIENTED_EDGE ( 'NONE', *, *, #3970, .F. ) ;
#5078 = AXIS2_PLACEMENT_3D ( 'NONE', #6199, #3088, #3616 ) ;
#5079 = EDGE_CURVE ( 'NONE', #1092, #5804, #580, .T. ) ;
#5080 = PRESENTATION_LAYER_ASSIGNMENT (  '', '', ( #4732 ) ) ;
#5081 = ADVANCED_FACE ( 'NONE', ( #6661 ), #6241, .F. ) ;
#5082 = VECTOR ( 'NONE', #3871, 39.37007874015748100 ) ;
#5083 = ORIENTED_EDGE ( 'NONE', *, *, #2010, .T. ) ;
#5084 = DIRECTION ( 'NONE',  ( 0.0000000000000000000, 0.0000000000000000000, 1.000000000000000000 ) ) ;
#5085 = CONICAL_SURFACE ( 'NONE', #6163, 0.01999999999918760900, 0.5235987755760039800 ) ;
#5086 = EDGE_CURVE ( 'NONE', #1789, #2579, #5237, .T. ) ;
#5087 = AXIS2_PLACEMENT_3D ( 'NONE', #1426, #911, #2463 ) ;
#5088 = FACE_OUTER_BOUND ( 'NONE', #2610, .T. ) ;
#5089 = CARTESIAN_POINT ( 'NONE',  ( 0.4754960629921261000, 0.02700787401574808100, -0.1990000000000042800 ) ) ;
#5090 = VECTOR ( 'NONE', #823, 39.37007874015748100 ) ;
#5091 = FACE_OUTER_BOUND ( 'NONE', #2746, .T. ) ;
#5092 = DIRECTION ( 'NONE',  ( -1.000000000000000000, -0.0000000000000000000, 0.0000000000000000000 ) ) ;
#5093 = CARTESIAN_POINT ( 'NONE',  ( -0.2901417322834636300, 0.1953700787401574400, 0.1806220472440913400 ) ) ;
#5094 = EDGE_LOOP ( 'NONE', ( #105, #3355, #6008, #3441 ) ) ;
#5095 = ADVANCED_FACE ( 'NONE', ( #5747 ), #5914, .T. ) ;
#5096 = DIRECTION ( 'NONE',  ( -0.0000000000000000000, -1.000000000000000000, -0.0000000000000000000 ) ) ;
#5097 = PRESENTATION_STYLE_ASSIGNMENT (( #170 ) ) ;
#5098 = VERTEX_POINT ( 'NONE', #5651 ) ;
#5099 = CARTESIAN_POINT ( 'NONE',  ( -0.01546456692913367200, 0.05062992125984071300, 0.2038503937007729300 ) ) ;
#5100 = CARTESIAN_POINT ( 'NONE',  ( -0.5500000000000000400, -8.914056345871103600E-018, 0.3000000000000002100 ) ) ;
#5101 = CARTESIAN_POINT ( 'NONE',  ( -0.4679842519685032400, 0.2544251968503937200, -0.1092125984251966600 ) ) ;
#5102 = CARTESIAN_POINT ( 'NONE',  ( -0.4679842519685031300, 0.1559999999999997200, 0.3342125984251971300 ) ) ;
#5103 =( CONVERSION_BASED_UNIT ( 'INCH', #5238 ) LENGTH_UNIT ( ) NAMED_UNIT ( #2251 ) );
#5104 = FACE_OUTER_BOUND ( 'NONE', #1675, .T. ) ;
#5105 = ORIENTED_EDGE ( 'NONE', *, *, #2963, .F. ) ;
#5106 = ADVANCED_FACE ( 'NONE', ( #4676 ), #3066, .F. ) ;
#5107 = VECTOR ( 'NONE', #349, 39.37007874015748100 ) ;
#5108 = AXIS2_PLACEMENT_3D ( 'NONE', #49, #4705, #5767 ) ;
#5109 = DIRECTION ( 'NONE',  ( 0.0000000000000000000, -1.000000000000000000, 6.982962677686265900E-015 ) ) ;
#5110 = EDGE_LOOP ( 'NONE', ( #5139, #13, #650, #3425 ) ) ;
#5111 = CARTESIAN_POINT ( 'NONE',  ( 0.4754960629921261000, 0.02700787401574808100, -0.07301574803150034900 ) ) ;
#5112 = FACE_OUTER_BOUND ( 'NONE', #2357, .T. ) ;
#5113 = CARTESIAN_POINT ( 'NONE',  ( 0.3944960629921259700, 0.02700787401574811200, -0.1990000000000075600 ) ) ;
#5114 = EDGE_CURVE ( 'NONE', #3577, #6201, #3297, .T. ) ;
#5115 = LINE ( 'NONE', #4841, #4963 ) ;
#5116 = ORIENTED_EDGE ( 'NONE', *, *, #2837, .F. ) ;
#5117 = CARTESIAN_POINT ( 'NONE',  ( -0.5279550328935339600, 0.005993953971255859400, -0.2704096736459908900 ) ) ;
#5118 = ORIENTED_EDGE ( 'NONE', *, *, #4964, .T. ) ;
#5119 = EDGE_LOOP ( 'NONE', ( #5445, #3165, #1561, #2546 ) ) ;
#5120 = AXIS2_PLACEMENT_3D ( 'NONE', #5205, #3121, #3140 ) ;
#5121 =( BOUNDED_CURVE ( )  B_SPLINE_CURVE ( 3, ( #3581, #3080, #2062, #4042 ),
 .UNSPECIFIED., .F., .F. ) 
 B_SPLINE_CURVE_WITH_KNOTS ( ( 4, 4 ),
 ( 5.182699915743493000, 6.283185307179586200 ),
 .UNSPECIFIED. ) 
 CURVE ( )  GEOMETRIC_REPRESENTATION_ITEM ( )  RATIONAL_B_SPLINE_CURVE ( ( 1.000000000000000000, 0.9015984286673656100, 0.9015984286673656100, 1.000000000000000000 ) ) 
 REPRESENTATION_ITEM ( '' )  );
#5122 = CARTESIAN_POINT ( 'NONE',  ( -0.6500000000000000200, 0.08999999999999916400, 0.3426062992125836200 ) ) ;
#5123 = EDGE_CURVE ( 'NONE', #5600, #4505, #1931, .T. ) ;
#5124 = EDGE_CURVE ( 'NONE', #77, #1423, #3839, .T. ) ;
#5125 = AXIS2_PLACEMENT_3D ( 'NONE', #3777, #66, #1659 ) ;
#5126 = ORIENTED_EDGE ( 'NONE', *, *, #1469, .F. ) ;
#5127 = CLOSED_SHELL ( 'NONE', ( #2588, #3889, #1065, #6517, #1572, #3044, #4687, #363, #524, #6210, #2900, #5637, #1087, #54 ) ) ;
#5128 = ADVANCED_FACE ( 'NONE', ( #525 ), #1007, .F. ) ;
#5129 = ORIENTED_EDGE ( 'NONE', *, *, #3209, .F. ) ;
#5130 = DIRECTION ( 'NONE',  ( 0.0000000000000000000, -0.0000000000000000000, 1.000000000000000000 ) ) ;
#5131 =( GEOMETRIC_REPRESENTATION_CONTEXT ( 3 ) GLOBAL_UNCERTAINTY_ASSIGNED_CONTEXT ( ( #4438 ) ) GLOBAL_UNIT_ASSIGNED_CONTEXT ( ( #203, #4913, #1811 ) ) REPRESENTATION_CONTEXT ( 'NONE', 'WORKASPACE' ) );
#5132 = DIRECTION ( 'NONE',  ( -0.5000000000216485700, 0.8660254037719398200, 1.970341947091740200E-031 ) ) ;
#5133 = ORIENTED_EDGE ( 'NONE', *, *, #3574, .F. ) ;
#5134 = EDGE_LOOP ( 'NONE', ( #6595, #5062, #758, #1314 ) ) ;
#5135 = EDGE_LOOP ( 'NONE', ( #5083, #4812, #2307, #5624 ) ) ;
#5136 = AXIS2_PLACEMENT_3D ( 'NONE', #4314, #3731, #608 ) ;
#5137 = DIRECTION ( 'NONE',  ( 4.510281037539699100E-017, -1.000000000000000000, -5.551115123125782700E-017 ) ) ;
#5138 = CARTESIAN_POINT ( 'NONE',  ( 0.5500000000000000400, 1.365923996832131600E-016, -0.2999999999999998800 ) ) ;
#5139 = ORIENTED_EDGE ( 'NONE', *, *, #484, .F. ) ;
#5140 = ADVANCED_FACE ( 'NONE', ( #5157 ), #1493, .F. ) ;
#5141 = LINE ( 'NONE', #3485, #1907 ) ;
#5142 = CARTESIAN_POINT ( 'NONE',  ( 0.6010000000000019800, 0.08999999999999999700, 0.3236074670390383100 ) ) ;
#5143 =( NAMED_UNIT ( * ) PLANE_ANGLE_UNIT ( ) SI_UNIT ( $, .RADIAN. ) );
#5144 = VERTEX_POINT ( 'NONE', #4141 ) ;
#5145 = ORIENTED_EDGE ( 'NONE', *, *, #3384, .F. ) ;
#5146 = ORIENTED_EDGE ( 'NONE', *, *, #4036, .F. ) ;
#5147 = EDGE_CURVE ( 'NONE', #19, #1349, #6072, .T. ) ;
#5148 = ADVANCED_FACE ( 'NONE', ( #6738 ), #2162, .F. ) ;
#5149 = CARTESIAN_POINT ( 'NONE',  ( -0.09537007874015754300, 0.04078740157480230400, 0.3426062992125839000 ) ) ;
#5150 = CARTESIAN_POINT ( 'NONE',  ( -0.3420157480314956500, 0.1559999999999987000, -0.2242125984252099900 ) ) ;
#5151 = VERTEX_POINT ( 'NONE', #3702 ) ;
#5152 = PRESENTATION_STYLE_ASSIGNMENT (( #5987 ) ) ;
#5153 = DIRECTION ( 'NONE',  ( 0.0000000000000000000, 1.000000000000000000, 0.0000000000000000000 ) ) ;
#5154 = CARTESIAN_POINT ( 'NONE',  ( 0.5661699190787526900, 0.009999999999999882200, 0.2489999999999847600 ) ) ;
#5155 = EDGE_CURVE ( 'NONE', #3102, #5144, #2743, .T. ) ;
#5156 = ORIENTED_EDGE ( 'NONE', *, *, #6590, .T. ) ;
#5157 = FACE_OUTER_BOUND ( 'NONE', #6123, .T. ) ;
#5158 = VECTOR ( 'NONE', #5072, 39.37007874015748100 ) ;
#5159 = DIRECTION ( 'NONE',  ( 0.0000000000000000000, 1.000000000000000000, 0.0000000000000000000 ) ) ;
#5160 = DIRECTION ( 'NONE',  ( -1.000000000000000000, 0.0000000000000000000, -5.551115123125782700E-017 ) ) ;
#5161 = DIRECTION ( 'NONE',  ( -1.000000000000000000, -0.0000000000000000000, -0.0000000000000000000 ) ) ;
#5162 = AXIS2_PLACEMENT_3D ( 'NONE', #2342, #4482, #5968 ) ;
#5163 = ADVANCED_FACE ( 'NONE', ( #1190 ), #80, .F. ) ;
#5164 = VECTOR ( 'NONE', #517, 39.37007874015748100 ) ;
#5165 = VECTOR ( 'NONE', #1637, 39.37007874015748100 ) ;
#5166 = CARTESIAN_POINT ( 'NONE',  ( 0.5500000000000000400, -0.1300000000021914500, 1.365923996832131600E-016 ) ) ;
#5167 = EDGE_CURVE ( 'NONE', #260, #3931, #2409, .T. ) ;
#5168 = EDGE_CURVE ( 'NONE', #3523, #765, #684, .T. ) ;
#5169 = ORIENTED_EDGE ( 'NONE', *, *, #6051, .F. ) ;
#5170 = PLANE ( 'NONE',  #1708 ) ;
#5171 = CARTESIAN_POINT ( 'NONE',  ( -0.4679842519685032400, 0.2544251968503936600, 0.2192125984251971100 ) ) ;
#5172 = VECTOR ( 'NONE', #6098, 39.37007874015748100 ) ;
#5173 =( GEOMETRIC_REPRESENTATION_CONTEXT ( 3 ) GLOBAL_UNCERTAINTY_ASSIGNED_CONTEXT ( ( #3720 ) ) GLOBAL_UNIT_ASSIGNED_CONTEXT ( ( #1653, #5833, #3222 ) ) REPRESENTATION_CONTEXT ( 'NONE', 'WORKASPACE' ) );
#5174 = VERTEX_POINT ( 'NONE', #4230 ) ;
#5175 = UNCERTAINTY_MEASURE_WITH_UNIT (LENGTH_MEASURE( 1.000000000000000100E-005 ), #2485, 'distance_accuracy_value', 'NONE');
#5176 = AXIS2_PLACEMENT_3D ( 'NONE', #1714, #5322, #2221 ) ;
#5177 = VECTOR ( 'NONE', #5743, 39.37007874015748100 ) ;
#5178 = DIRECTION ( 'NONE',  ( 0.0000000000000000000, 0.0000000000000000000, 1.000000000000000000 ) ) ;
#5179 = CIRCLE ( 'NONE', #6191, 0.03500000000000003800 ) ;
#5180 = ADVANCED_FACE ( 'NONE', ( #1926 ), #5213, .T. ) ;
#5181 = VERTEX_POINT ( 'NONE', #4289 ) ;
#5182 = SURFACE_STYLE_USAGE ( .BOTH. , #1567 ) ;
#5183 = DIRECTION ( 'NONE',  ( 0.0000000000000000000, -2.775557561562890700E-017, 1.000000000000000000 ) ) ;
#5184 = CARTESIAN_POINT ( 'NONE',  ( -0.1929291338582604400, 0.1993070866141732300, -0.2530708661417410700 ) ) ;
#5185 = SURFACE_STYLE_FILL_AREA ( #2067 ) ;
#5186 = FILL_AREA_STYLE_COLOUR ( '', #6599 ) ;
#5187 = EDGE_CURVE ( 'NONE', #732, #1825, #4371, .T. ) ;
#5188 = VERTEX_POINT ( 'NONE', #1699 ) ;
#5189 = CARTESIAN_POINT ( 'NONE',  ( -0.4679842519685032400, 0.2544251968503937200, -0.01078740157480294300 ) ) ;
#5190 = LINE ( 'NONE', #5934, #2435 ) ;
#5191 = PLANE ( 'NONE',  #1877 ) ;
#5192 = ORIENTED_EDGE ( 'NONE', *, *, #1599, .F. ) ;
#5193 = FACE_OUTER_BOUND ( 'NONE', #750, .T. ) ;
#5194 = FACE_OUTER_BOUND ( 'NONE', #2367, .T. ) ;
#5195 = ADVANCED_FACE ( 'NONE', ( #2821 ), #4715, .F. ) ;
#5196 = ORIENTED_EDGE ( 'NONE', *, *, #4584, .F. ) ;
#5197 = CARTESIAN_POINT ( 'NONE',  ( -0.2901417322834636300, 0.1953700787401574400, 0.1806220472440917500 ) ) ;
#5198 = ORIENTED_EDGE ( 'NONE', *, *, #6219, .T. ) ;
#5199 = FACE_OUTER_BOUND ( 'NONE', #6710, .T. ) ;
#5200 = VECTOR ( 'NONE', #2115, 39.37007874015748100 ) ;
#5201 = CARTESIAN_POINT ( 'NONE',  ( 0.5500000000000000400, 0.09000000000000013500, -0.2999999999999998800 ) ) ;
#5202 = DIRECTION ( 'NONE',  ( -7.288079551849363400E-031, 1.000000000000000000, 4.268512490273796600E-016 ) ) ;
#5203 = ADVANCED_FACE ( 'NONE', ( #3958 ), #3463, .T. ) ;
#5204 = ORIENTED_EDGE ( 'NONE', *, *, #2224, .F. ) ;
#5205 = CARTESIAN_POINT ( 'NONE',  ( 0.5500000000000021500, 0.08388434700220565000, 0.2999999999999846700 ) ) ;
#5206 = EDGE_CURVE ( 'NONE', #840, #1590, #3627, .T. ) ;
#5207 =( LENGTH_UNIT ( ) NAMED_UNIT ( * ) SI_UNIT ( $, .METRE. ) );
#5208 = ORIENTED_EDGE ( 'NONE', *, *, #29, .F. ) ;
#5209 = FILL_AREA_STYLE ('',( #3566 ) ) ;
#5210 = FACE_OUTER_BOUND ( 'NONE', #5816, .T. ) ;
#5211 = ORIENTED_EDGE ( 'NONE', *, *, #3914, .T. ) ;
#5212 = ADVANCED_FACE ( 'NONE', ( #3543 ), #5854, .F. ) ;
#5213 = PLANE ( 'NONE',  #2128 ) ;
#5214 = EDGE_CURVE ( 'NONE', #3021, #4537, #6572, .T. ) ;
#5215 = AXIS2_PLACEMENT_3D ( 'NONE', #3688, #4726, #4298 ) ;
#5216 = ORIENTED_EDGE ( 'NONE', *, *, #2541, .F. ) ;
#5217 = LINE ( 'NONE', #6292, #1253 ) ;
#5218 = ORIENTED_EDGE ( 'NONE', *, *, #5123, .F. ) ;
#5219 = ORIENTED_EDGE ( 'NONE', *, *, #3801, .F. ) ;
#5220 = ORIENTED_EDGE ( 'NONE', *, *, #1904, .F. ) ;
#5221 = ORIENTED_EDGE ( 'NONE', *, *, #4620, .T. ) ;
#5222 = CARTESIAN_POINT ( 'NONE',  ( 0.5603070866141778300, -0.7015252255565037600, -0.1911338582677171400 ) ) ;
#5223 = DIRECTION ( 'NONE',  ( 6.866538283325406900E-015, -0.0000000000000000000, -1.000000000000000000 ) ) ;
#5224 = EDGE_LOOP ( 'NONE', ( #5347, #896, #5116, #4372 ) ) ;
#5225 = LINE ( 'NONE', #3826, #2810 ) ;
#5226 = EDGE_LOOP ( 'NONE', ( #6044, #2987, #3236, #3346 ) ) ;
#5227 = AXIS2_PLACEMENT_3D ( 'NONE', #6272, #4261, #5735 ) ;
#5228 = CARTESIAN_POINT ( 'NONE',  ( 0.5095030865373690900, 0.0000000000000000000, 0.2689999999999845300 ) ) ;
#5229 = CARTESIAN_POINT ( 'NONE',  ( -0.5500000000000000400, -0.1300000000000000900, 0.3000000000000003800 ) ) ;
#5230 = CARTESIAN_POINT ( 'NONE',  ( -0.6969134938320983300, -0.1450000000000000500, -0.4500000000000014000 ) ) ;
#5231 = ADVANCED_FACE ( 'NONE', ( #1362 ), #2633, .F. ) ;
#5232 =( NAMED_UNIT ( * ) SI_UNIT ( $, .STERADIAN. ) SOLID_ANGLE_UNIT ( ) );
#5233 = EDGE_CURVE ( 'NONE', #2193, #4907, #39, .T. ) ;
#5234 = DIRECTION ( 'NONE',  ( 0.0000000000000000000, 1.000000000000000000, -6.982962677686265900E-015 ) ) ;
#5235 = DIMENSIONAL_EXPONENTS ( 1.000000000000000000, 0.0000000000000000000, 0.0000000000000000000, 0.0000000000000000000, 0.0000000000000000000, 0.0000000000000000000, 0.0000000000000000000 ) ;
#5236 = DIRECTION ( 'NONE',  ( 0.0000000000000000000, -6.982962677686265900E-015, -1.000000000000000000 ) ) ;
#5237 = LINE ( 'NONE', #4121, #3055 ) ;
#5238 = LENGTH_MEASURE_WITH_UNIT ( LENGTH_MEASURE( 0.02539999999999999900 ), #1996 );
#5239 = CARTESIAN_POINT ( 'NONE',  ( -0.6969134938320988800, -0.1450000000000001800, -0.4500000000000010100 ) ) ;
#5240 = DIRECTION ( 'NONE',  ( -1.000000000000000000, 0.0000000000000000000, -3.407271461368530900E-015 ) ) ;
#5241 = EDGE_CURVE ( 'NONE', #1175, #1814, #1100, .T. ) ;
#5242 =( BOUNDED_CURVE ( )  B_SPLINE_CURVE ( 3, ( #2426, #2974, #3403, #796 ),
 .UNSPECIFIED., .F., .T. ) 
 B_SPLINE_CURVE_WITH_KNOTS ( ( 4, 4 ),
 ( 3.141592653589793100, 4.231134521497825300 ),
 .UNSPECIFIED. ) 
 CURVE ( )  GEOMETRIC_REPRESENTATION_ITEM ( )  RATIONAL_B_SPLINE_CURVE ( ( 1.000000000000000000, 0.9034973468845668400, 0.9034973468845668400, 1.000000000000000000 ) ) 
 REPRESENTATION_ITEM ( '' )  );
#5243 = DIRECTION ( 'NONE',  ( 1.000000000000000000, -0.0000000000000000000, 1.047444401652940000E-014 ) ) ;
#5244 = FACE_OUTER_BOUND ( 'NONE', #2341, .T. ) ;
#5245 = VECTOR ( 'NONE', #1086, 39.37007874015748100 ) ;
#5246 = CARTESIAN_POINT ( 'NONE',  ( -0.6500000000000000200, 0.08999999999999626400, -0.07301574803150356900 ) ) ;
#5247 = ORIENTED_EDGE ( 'NONE', *, *, #2964, .T. ) ;
#5248 = DIRECTION ( 'NONE',  ( 0.0000000000000000000, 0.0000000000000000000, 1.000000000000000000 ) ) ;
#5249 = MANIFOLD_SOLID_BREP ( 'I6A4W010A033V-001-R-1-solid4', #4188 ) ;
#5250 = ORIENTED_EDGE ( 'NONE', *, *, #1046, .T. ) ;
#5251 = AXIS2_PLACEMENT_3D ( 'NONE', #5751, #4745, #1627 ) ;
#5252 = DIRECTION ( 'NONE',  ( -1.000000000000000000, -7.642902470268426100E-016, 0.0000000000000000000 ) ) ;
#5253 = EDGE_CURVE ( 'NONE', #2869, #2144, #6476, .T. ) ;
#5254 = PRESENTATION_STYLE_ASSIGNMENT (( #3956 ) ) ;
#5255 = EDGE_CURVE ( 'NONE', #2445, #2596, #6656, .T. ) ;
#5256 = AXIS2_PLACEMENT_3D ( 'NONE', #102, #1177, #4734 ) ;
#5257 = FACE_OUTER_BOUND ( 'NONE', #3330, .T. ) ;
#5258 = DIRECTION ( 'NONE',  ( 1.000000000000000000, 0.0000000000000000000, -6.808368128483062900E-017 ) ) ;
#5259 = ORIENTED_EDGE ( 'NONE', *, *, #6002, .T. ) ;
#5260 = DIRECTION ( 'NONE',  ( 0.0000000000000000000, 0.0000000000000000000, -1.000000000000000000 ) ) ;
#5261 = MANIFOLD_SOLID_BREP ( 'I6A4W010A033V-001-R-1-solid21', #4975 ) ;
#5262 = CARTESIAN_POINT ( 'NONE',  ( 0.5500000000000021500, -0.1300000000021914500, 0.2999999999999847200 ) ) ;
#5263 = AXIS2_PLACEMENT_3D ( 'NONE', #4045, #5096, #4119 ) ;
#5264 = CARTESIAN_POINT ( 'NONE',  ( 0.3944960629921259700, 0.02700787401574809800, -0.2540157480315091100 ) ) ;
#5265 = AXIS2_PLACEMENT_3D ( 'NONE', #207, #697, #252 ) ;
#5266 = PLANE ( 'NONE',  #68 ) ;
#5267 = LINE ( 'NONE', #5844, #1551 ) ;
#5268 = DIRECTION ( 'NONE',  ( -1.000000000000000000, -0.0000000000000000000, 0.0000000000000000000 ) ) ;
#5269 = CARTESIAN_POINT ( 'NONE',  ( -0.5499999999999998200, 1.195183497228115000E-016, -0.2999999999999999900 ) ) ;
#5270 = FACE_OUTER_BOUND ( 'NONE', #393, .T. ) ;
#5271 = EDGE_CURVE ( 'NONE', #401, #2799, #288, .T. ) ;
#5272 = VECTOR ( 'NONE', #3130, 39.37007874015748100 ) ;
#5273 = CARTESIAN_POINT ( 'NONE',  ( 0.3315039370078740600, 0.02700787401574807400, -0.07301574803150363800 ) ) ;
#5274 = LINE ( 'NONE', #1412, #5107 ) ;
#5275 = ORIENTED_EDGE ( 'NONE', *, *, #4999, .F. ) ;
#5276 = ORIENTED_EDGE ( 'NONE', *, *, #5839, .F. ) ;
#5277 = FACE_OUTER_BOUND ( 'NONE', #1346, .T. ) ;
#5278 = VECTOR ( 'NONE', #3135, 39.37007874015748100 ) ;
#5279 = DIRECTION ( 'NONE',  ( 1.000000000000000000, -2.658758968812744000E-064, 1.368455531567204200E-048 ) ) ;
#5280 = ORIENTED_EDGE ( 'NONE', *, *, #652, .F. ) ;
#5281 = VERTEX_POINT ( 'NONE', #5329 ) ;
#5282 = VERTEX_POINT ( 'NONE', #4349 ) ;
#5283 = CARTESIAN_POINT ( 'NONE',  ( 0.5095030865373687500, 2.827884352710575400E-017, 0.3309999999999844200 ) ) ;
#5284 = CLOSED_SHELL ( 'NONE', ( #2594, #3063, #5095, #3407, #1006, #556, #38, #4124, #2347, #6146, #5758, #2324, #6733, #5708 ) ) ;
#5285 = EDGE_CURVE ( 'NONE', #4537, #3172, #2737, .T. ) ;
#5286 = VECTOR ( 'NONE', #1443, 39.37007874015748100 ) ;
#5287 = DIRECTION ( 'NONE',  ( -0.0000000000000000000, 1.000000000000000000, -6.982962677686265900E-015 ) ) ;
#5288 = VERTEX_POINT ( 'NONE', #5352 ) ;
#5289 = CARTESIAN_POINT ( 'NONE',  ( 0.5750675341375367500, 0.08401010114738512200, -0.02792394578861902300 ) ) ;
#5290 = CLOSED_SHELL ( 'NONE', ( #2551, #4110, #6700, #3619, #4528, #5555, #3919, #4674, #4723, #2089 ) ) ;
#5291 = AXIS2_PLACEMENT_3D ( 'NONE', #2237, #182, #672 ) ;
#5292 = DIRECTION ( 'NONE',  ( 0.0000000000000000000, -6.982962677686265900E-015, -1.000000000000000000 ) ) ;
#5293 = DIRECTION ( 'NONE',  ( 0.0000000000000000000, 0.0000000000000000000, -1.000000000000000000 ) ) ;
#5294 = EDGE_LOOP ( 'NONE', ( #1993, #5545, #5308, #5554 ) ) ;
#5295 = EDGE_CURVE ( 'NONE', #1092, #4658, #2240, .T. ) ;
#5296 = VECTOR ( 'NONE', #1211, 39.37007874015748100 ) ;
#5297 = EDGE_CURVE ( 'NONE', #645, #253, #4516, .T. ) ;
#5298 = PLANE ( 'NONE',  #5256 ) ;
#5299 = ORIENTED_EDGE ( 'NONE', *, *, #6062, .T. ) ;
#5300 = ORIENTED_EDGE ( 'NONE', *, *, #1878, .T. ) ;
#5301 = EDGE_LOOP ( 'NONE', ( #391, #5818, #6203, #3339 ) ) ;
#5302 = VERTEX_POINT ( 'NONE', #6433 ) ;
#5303 = ORIENTED_EDGE ( 'NONE', *, *, #4530, .T. ) ;
#5304 = VECTOR ( 'NONE', #485, 39.37007874015748100 ) ;
#5305 = DIRECTION ( 'NONE',  ( 0.0000000000000000000, -0.0000000000000000000, -1.000000000000000000 ) ) ;
#5306 = ORIENTED_EDGE ( 'NONE', *, *, #818, .T. ) ;
#5307 = CARTESIAN_POINT ( 'NONE',  ( -0.5500000000000000400, 0.1299999999999999500, 6.829619984160658000E-017 ) ) ;
#5308 = ORIENTED_EDGE ( 'NONE', *, *, #4385, .F. ) ;
#5309 = AXIS2_PLACEMENT_3D ( 'NONE', #3334, #249, #5943 ) ;
#5310 = ORIENTED_EDGE ( 'NONE', *, *, #5731, .F. ) ;
#5311 = DIRECTION ( 'NONE',  ( 6.938893903907228400E-018, 1.000000000000000000, 2.220446049250313100E-016 ) ) ;
#5312 = FACE_OUTER_BOUND ( 'NONE', #2545, .T. ) ;
#5313 = VECTOR ( 'NONE', #6729, 39.37007874015748100 ) ;
#5314 = CARTESIAN_POINT ( 'NONE',  ( -0.5500000000000000400, -0.1300000000000000900, 0.3000000000000003800 ) ) ;
#5315 = DIRECTION ( 'NONE',  ( 0.0000000000000000000, -2.220446049250313100E-016, 1.000000000000000000 ) ) ;
#5316 = DIRECTION ( 'NONE',  ( 0.0000000000000000000, 0.0000000000000000000, 1.000000000000000000 ) ) ;
#5317 = VECTOR ( 'NONE', #2804, 39.37007874015748100 ) ;
#5318 = EDGE_CURVE ( 'NONE', #2799, #265, #4118, .T. ) ;
#5319 = DIRECTION ( 'NONE',  ( -1.000000000000000000, 1.097892830587222400E-017, -5.551115123125788900E-017 ) ) ;
#5320 = CARTESIAN_POINT ( 'NONE',  ( 0.5500000000000000400, 0.08000000000000014000, -0.2489999999999998600 ) ) ;
#5321 = CARTESIAN_POINT ( 'NONE',  ( -0.5249324658624632300, 0.08401010114738484400, 0.3279239457886195500 ) ) ;
#5322 = DIRECTION ( 'NONE',  ( -1.718396666791143600E-016, 1.905486357431723600E-016, -1.000000000000000000 ) ) ;
#5323 = ORIENTED_EDGE ( 'NONE', *, *, #6610, .F. ) ;
#5324 = COLOUR_RGB ( '',0.5882352941176470800, 0.2941176470588235400, 0.0000000000000000000 ) ;
#5325 = VECTOR ( 'NONE', #1975, 39.37007874015748100 ) ;
#5326 =( NAMED_UNIT ( * ) SI_UNIT ( $, .STERADIAN. ) SOLID_ANGLE_UNIT ( ) );
#5327 = DIRECTION ( 'NONE',  ( 0.0000000000000000000, -1.000000000000000000, -1.942890293094024200E-016 ) ) ;
#5328 = DIRECTION ( 'NONE',  ( -1.000000000000000000, -2.671267720912571500E-017, 0.0000000000000000000 ) ) ;
#5329 = CARTESIAN_POINT ( 'NONE',  ( 0.5212771867673098300, -1.683221576221906900E-017, -0.1300000000000000600 ) ) ;
#5330 = CARTESIAN_POINT ( 'NONE',  ( -0.1929291338582678200, 0.1993070866141731000, -0.1080708661417415400 ) ) ;
#5331 = FACE_OUTER_BOUND ( 'NONE', #1723, .T. ) ;
#5332 = CARTESIAN_POINT ( 'NONE',  ( -0.5811999599358717000, 0.08999999999999998300, 0.2841392780744383400 ) ) ;
#5333 =( BOUNDED_CURVE ( )  B_SPLINE_CURVE ( 3, ( #3924, #5823, #632, #6404 ),
 .UNSPECIFIED., .F., .F. ) 
 B_SPLINE_CURVE_WITH_KNOTS ( ( 4, 4 ),
 ( 3.141592653589793100, 4.104143401474479100 ),
 .UNSPECIFIED. ) 
 CURVE ( )  GEOMETRIC_REPRESENTATION_ITEM ( )  RATIONAL_B_SPLINE_CURVE ( ( 1.000000000000000000, 0.9242701736186124100, 0.9242701736186124100, 1.000000000000000000 ) ) 
 REPRESENTATION_ITEM ( '' )  );
#5334 = LINE ( 'NONE', #1501, #4851 ) ;
#5335 = DIRECTION ( 'NONE',  ( 0.0000000000000000000, 1.000000000000000000, 1.942890293094024200E-016 ) ) ;
#5336 = VECTOR ( 'NONE', #1924, 39.37007874015748100 ) ;
#5337 = CARTESIAN_POINT ( 'NONE',  ( -0.5500000000000000400, 0.1299999999999999500, 0.3000000000000003200 ) ) ;
#5338 = MECHANICAL_DESIGN_GEOMETRIC_PRESENTATION_REPRESENTATION (  '', ( #772 ), #1037 ) ;
#5339 = CARTESIAN_POINT ( 'NONE',  ( 0.5500000000000000400, -0.1299999999999999500, 0.02000000000000011100 ) ) ;
#5340 = EDGE_CURVE ( 'NONE', #5288, #581, #444, .T. ) ;
#5341 = CLOSED_SHELL ( 'NONE', ( #4404, #6562, #5681, #4609, #2565, #804 ) ) ;
#5342 = CARTESIAN_POINT ( 'NONE',  ( -0.4679999999999997500, 0.2544251968503935500, -0.2242125984252099900 ) ) ;
#5343 = LINE ( 'NONE', #2558, #4387 ) ;
#5344 = VECTOR ( 'NONE', #3922, 39.37007874015748100 ) ;
#5345 = AXIS2_PLACEMENT_3D ( 'NONE', #4500, #1913, #6604 ) ;
#5346 = CARTESIAN_POINT ( 'NONE',  ( -0.09537007874015754300, 0.08999999999999881700, 0.2933937007873868600 ) ) ;
#5347 = ORIENTED_EDGE ( 'NONE', *, *, #3301, .F. ) ;
#5348 = SURFACE_STYLE_USAGE ( .BOTH. , #5371 ) ;
#5349 = EDGE_CURVE ( 'NONE', #139, #6386, #5575, .T. ) ;
#5350 =( LENGTH_UNIT ( ) NAMED_UNIT ( * ) SI_UNIT ( $, .METRE. ) );
#5351 = VECTOR ( 'NONE', #6312, 39.37007874015748100 ) ;
#5352 = CARTESIAN_POINT ( 'NONE',  ( -0.3420157480314957600, 0.2544251968503935500, -0.1257874015748162700 ) ) ;
#5353 = DIRECTION ( 'NONE',  ( -0.0000000000000000000, 0.0000000000000000000, -1.000000000000000000 ) ) ;
#5354 = ORIENTED_EDGE ( 'NONE', *, *, #3585, .F. ) ;
#5355 = VERTEX_POINT ( 'NONE', #200 ) ;
#5356 = LENGTH_MEASURE_WITH_UNIT ( LENGTH_MEASURE( 0.02539999999999999900 ), #1078 );
#5357 = LENGTH_MEASURE_WITH_UNIT ( LENGTH_MEASURE( 0.02539999999999999900 ), #4393 );
#5358 = AXIS2_PLACEMENT_3D ( 'NONE', #3691, #631, #3157 ) ;
#5359 = VERTEX_POINT ( 'NONE', #1783 ) ;
#5360 = CARTESIAN_POINT ( 'NONE',  ( -0.4679842519685034100, 0.1559999999999982200, 0.1207874015748034000 ) ) ;
#5361 = LINE ( 'NONE', #3404, #6259 ) ;
#5362 = ORIENTED_EDGE ( 'NONE', *, *, #5034, .T. ) ;
#5363 = DIRECTION ( 'NONE',  ( 0.0000000000000000000, -2.775557561562890700E-017, 1.000000000000000000 ) ) ;
#5364 = LINE ( 'NONE', #554, #4711 ) ;
#5365 = ORIENTED_EDGE ( 'NONE', *, *, #4442, .F. ) ;
#5366 = CARTESIAN_POINT ( 'NONE',  ( 0.2505039370078740400, 0.02700787401574807400, -0.1990000000000108300 ) ) ;
#5367 = CARTESIAN_POINT ( 'NONE',  ( 0.5500000000000021500, 0.08000000000000000200, 0.3509999999999846600 ) ) ;
#5368 = ORIENTED_EDGE ( 'NONE', *, *, #4953, .F. ) ;
#5369 = EDGE_CURVE ( 'NONE', #2472, #4628, #5648, .T. ) ;
#5370 = VECTOR ( 'NONE', #2269, 39.37007874015748100 ) ;
#5371 = SURFACE_SIDE_STYLE ('',( #5628 ) ) ;
#5372 = CARTESIAN_POINT ( 'NONE',  ( -0.2870157480314961000, 0.02700787401574797000, 0.2855039370078653000 ) ) ;
#5373 = ORIENTED_EDGE ( 'NONE', *, *, #5686, .F. ) ;
#5374 = CARTESIAN_POINT ( 'NONE',  ( -0.6500000000000000200, 0.1559999999999959500, 0.4499999999999989600 ) ) ;
#5375 = EDGE_LOOP ( 'NONE', ( #1088, #2390, #1165, #4959 ) ) ;
#5376 = FILL_AREA_STYLE_COLOUR ( '', #1277 ) ;
#5377 = DIRECTION ( 'NONE',  ( 0.0000000000000000000, -1.000000000000000000, -3.885780586188047400E-016 ) ) ;
#5378 = DIMENSIONAL_EXPONENTS ( 1.000000000000000000, 0.0000000000000000000, 0.0000000000000000000, 0.0000000000000000000, 0.0000000000000000000, 0.0000000000000000000, 0.0000000000000000000 ) ;
#5379 = EDGE_CURVE ( 'NONE', #4804, #2544, #1186, .T. ) ;
#5380 = VERTEX_POINT ( 'NONE', #5402 ) ;
#5381 = ORIENTED_EDGE ( 'NONE', *, *, #6336, .T. ) ;
#5382 = DIRECTION ( 'NONE',  ( 1.561437923165035500E-015, -0.8944271909999171900, -0.4472135954999553200 ) ) ;
#5383 = EDGE_LOOP ( 'NONE', ( #2056, #2123, #1467, #3192 ) ) ;
#5384 = ORIENTED_EDGE ( 'NONE', *, *, #859, .F. ) ;
#5385 =( BOUNDED_CURVE ( )  B_SPLINE_CURVE ( 3, ( #3737, #5321, #5796, #1694 ),
 .UNSPECIFIED., .F., .F. ) 
 B_SPLINE_CURVE_WITH_KNOTS ( ( 4, 4 ),
 ( 5.182699915743491200, 6.283185307179586200 ),
 .UNSPECIFIED. ) 
 CURVE ( )  GEOMETRIC_REPRESENTATION_ITEM ( )  RATIONAL_B_SPLINE_CURVE ( ( 1.000000000000000000, 0.9015984286673651700, 0.9015984286673651700, 1.000000000000000000 ) ) 
 REPRESENTATION_ITEM ( '' )  );
#5386 = AXIS2_PLACEMENT_3D ( 'NONE', #3046, #4099, #1576 ) ;
#5387 = ORIENTED_EDGE ( 'NONE', *, *, #5147, .F. ) ;
#5388 = CARTESIAN_POINT ( 'NONE',  ( -0.4679842519685029600, 0.2544251968503936600, 0.3342125984251971300 ) ) ;
#5389 = VERTEX_POINT ( 'NONE', #2407 ) ;
#5390 = CARTESIAN_POINT ( 'NONE',  ( -0.05907086614172391000, 0.1559999999999940600, -0.3869291338582751500 ) ) ;
#5391 = EDGE_CURVE ( 'NONE', #3185, #4096, #4836, .T. ) ;
#5392 = EDGE_CURVE ( 'NONE', #5719, #199, #5736, .T. ) ;
#5393 = CARTESIAN_POINT ( 'NONE',  ( -0.1929291338582592200, 0.1559999999999936400, -0.4500000000000011200 ) ) ;
#5394 =( CONVERSION_BASED_UNIT ( 'INCH', #6334 ) LENGTH_UNIT ( ) NAMED_UNIT ( #4867 ) );
#5395 = VECTOR ( 'NONE', #2310, 39.37007874015748100 ) ;
#5396 = VERTEX_POINT ( 'NONE', #6070 ) ;
#5397 = DIRECTION ( 'NONE',  ( 3.903127820947811300E-018, 1.000000000000000000, 1.905486357431723600E-016 ) ) ;
#5398 = PRESENTATION_LAYER_ASSIGNMENT (  '', '', ( #3623 ) ) ;
#5399 = CARTESIAN_POINT ( 'NONE',  ( -0.4679842519685034100, 0.1559999999999936400, -0.4500000000000011200 ) ) ;
#5400 = ORIENTED_EDGE ( 'NONE', *, *, #5770, .F. ) ;
#5401 = VECTOR ( 'NONE', #2755, 39.37007874015748100 ) ;
#5402 = CARTESIAN_POINT ( 'NONE',  ( -0.1985354330708660200, 0.08999999999999717900, 0.06014960629919789000 ) ) ;
#5403 = DIRECTION ( 'NONE',  ( 1.000000000000000000, -0.0000000000000000000, 0.0000000000000000000 ) ) ;
#5404 = SURFACE_STYLE_FILL_AREA ( #3886 ) ;
#5405 = DIRECTION ( 'NONE',  ( 1.000000000000000000, 0.0000000000000000000, 0.0000000000000000000 ) ) ;
#5406 = DIRECTION ( 'NONE',  ( 0.0000000000000000000, 1.000000000000000000, 0.0000000000000000000 ) ) ;
#5407 = CARTESIAN_POINT ( 'NONE',  ( 0.08850393700787388700, 0.08999999999999362700, -0.4500000000000007300 ) ) ;
#5408 = EDGE_CURVE ( 'NONE', #6537, #3681, #6139, .T. ) ;
#5409 = LINE ( 'NONE', #1813, #5082 ) ;
#5410 = ADVANCED_FACE ( 'NONE', ( #4444 ), #5493, .T. ) ;
#5411 = CARTESIAN_POINT ( 'NONE',  ( 0.5603070866141746100, 0.2347401574803148800, -0.01200000000000263200 ) ) ;
#5412 = DIRECTION ( 'NONE',  ( -1.000000000000000000, 0.0000000000000000000, -6.866538283325406900E-015 ) ) ;
#5413 = FACE_OUTER_BOUND ( 'NONE', #4485, .T. ) ;
#5414 = PRESENTATION_STYLE_ASSIGNMENT (( #1964 ) ) ;
#5415 = CARTESIAN_POINT ( 'NONE',  ( 0.5095030865373668700, 1.373219761527496200E-016, -0.3309999999999999100 ) ) ;
#5416 = ORIENTED_EDGE ( 'NONE', *, *, #2742, .F. ) ;
#5417 = CARTESIAN_POINT ( 'NONE',  ( -0.4679842519685034100, 0.1559999999999995000, 0.2192125984251970500 ) ) ;
#5418 = ORIENTED_EDGE ( 'NONE', *, *, #976, .T. ) ;
#5419 = SURFACE_STYLE_USAGE ( .BOTH. , #4832 ) ;
#5420 = CARTESIAN_POINT ( 'NONE',  ( -0.01546456692913367200, 0.05062992125983971400, 0.06014960629919809100 ) ) ;
#5421 = UNCERTAINTY_MEASURE_WITH_UNIT (LENGTH_MEASURE( 1.000000000000000100E-005 ), #6432, 'distance_accuracy_value', 'NONE');
#5422 = CIRCLE ( 'NONE', #3048, 0.01999999999999992400 ) ;
#5423 = DIRECTION ( 'NONE',  ( 2.203103220696994600E-015, 0.0000000000000000000, 1.000000000000000000 ) ) ;
#5424 = ORIENTED_EDGE ( 'NONE', *, *, #2790, .T. ) ;
#5425 = CARTESIAN_POINT ( 'NONE',  ( 0.5500000000000021500, 0.0000000000000000000, 0.2999999999999846700 ) ) ;
#5426 = EDGE_CURVE ( 'NONE', #894, #2769, #4930, .T. ) ;
#5427 = MECHANICAL_DESIGN_GEOMETRIC_PRESENTATION_REPRESENTATION (  '', ( #4732 ), #5795 ) ;
#5428 = DIRECTION ( 'NONE',  ( 1.000000000000000000, 0.0000000000000000000, -0.0000000000000000000 ) ) ;
#5429 = ORIENTED_EDGE ( 'NONE', *, *, #4089, .T. ) ;
#5430 = DIRECTION ( 'NONE',  ( 0.0000000000000000000, 0.5299989400031774900, 0.8479983040050894600 ) ) ;
#5431 =( NAMED_UNIT ( * ) PLANE_ANGLE_UNIT ( ) SI_UNIT ( $, .RADIAN. ) );
#5432 = DIRECTION ( 'NONE',  ( 0.0000000000000000000, 1.000000000000000000, 0.0000000000000000000 ) ) ;
#5433 = PRESENTATION_STYLE_ASSIGNMENT (( #5722 ) ) ;
#5434 = PLANE ( 'NONE',  #6648 ) ;
#5435 = ORIENTED_EDGE ( 'NONE', *, *, #6743, .T. ) ;
#5436 = EDGE_CURVE ( 'NONE', #1114, #483, #4671, .T. ) ;
#5437 =( GEOMETRIC_REPRESENTATION_CONTEXT ( 3 ) GLOBAL_UNCERTAINTY_ASSIGNED_CONTEXT ( ( #5175 ) ) GLOBAL_UNIT_ASSIGNED_CONTEXT ( ( #2485, #5044, #5828 ) ) REPRESENTATION_CONTEXT ( 'NONE', 'WORKASPACE' ) );
#5438 = FILL_AREA_STYLE ('',( #4991 ) ) ;
#5439 = FILL_AREA_STYLE ('',( #2335 ) ) ;
#5440 = FACE_OUTER_BOUND ( 'NONE', #3375, .T. ) ;
#5441 = LINE ( 'NONE', #4908, #3497 ) ;
#5442 = CIRCLE ( 'NONE', #6657, 0.03099999999999981900 ) ;
#5443 = ADVANCED_FACE ( 'NONE', ( #2971 ), #4607, .T. ) ;
#5444 = ORIENTED_EDGE ( 'NONE', *, *, #4525, .F. ) ;
#5445 = ORIENTED_EDGE ( 'NONE', *, *, #4278, .F. ) ;
#5446 = CARTESIAN_POINT ( 'NONE',  ( 0.3315039370078740600, 0.02700787401574809800, -0.2540157480315091100 ) ) ;
#5447 = AXIS2_PLACEMENT_3D ( 'NONE', #2164, #87, #3727 ) ;
#5448 = LINE ( 'NONE', #3376, #4005 ) ;
#5449 = LINE ( 'NONE', #4680, #4076 ) ;
#5450 = VERTEX_POINT ( 'NONE', #1855 ) ;
#5451 = CARTESIAN_POINT ( 'NONE',  ( 0.3134960629921260100, 0.02700787401574812300, -0.3800000000000012300 ) ) ;
#5452 = ORIENTED_EDGE ( 'NONE', *, *, #1746, .T. ) ;
#5453 = CARTESIAN_POINT ( 'NONE',  ( 0.5904969134626352200, -2.827884352710569300E-017, 0.3309999999999847000 ) ) ;
#5454 = ORIENTED_EDGE ( 'NONE', *, *, #3122, .F. ) ;
#5455 = FACE_OUTER_BOUND ( 'NONE', #2223, .T. ) ;
#5456 = CARTESIAN_POINT ( 'NONE',  ( -0.6500000000000000200, 0.1559999999999939800, -0.4000000000000005800 ) ) ;
#5457 = CARTESIAN_POINT ( 'NONE',  ( -0.5787228132326903700, -6.303040764195585100E-017, 0.01999999999999999000 ) ) ;
#5458 = VERTEX_POINT ( 'NONE', #6581 ) ;
#5459 = CARTESIAN_POINT ( 'NONE',  ( -0.5500000000000000400, -0.1450000000001269400, 6.829619984160658000E-017 ) ) ;
#5460 = PLANE ( 'NONE',  #516 ) ;
#5461 = EDGE_LOOP ( 'NONE', ( #3198, #2473, #3859, #3749 ) ) ;
#5462 =( NAMED_UNIT ( * ) PLANE_ANGLE_UNIT ( ) SI_UNIT ( $, .RADIAN. ) );
#5463 = ORIENTED_EDGE ( 'NONE', *, *, #395, .T. ) ;
#5464 =( NAMED_UNIT ( * ) PLANE_ANGLE_UNIT ( ) SI_UNIT ( $, .RADIAN. ) );
#5465 = MANIFOLD_SOLID_BREP ( 'I6A4W010A033V-001-R-1-solid5', #3804 ) ;
#5466 = ORIENTED_EDGE ( 'NONE', *, *, #686, .T. ) ;
#5467 = EDGE_LOOP ( 'NONE', ( #5931, #63, #408, #2063 ) ) ;
#5468 = CARTESIAN_POINT ( 'NONE',  ( 0.5500000000000000400, 0.009374999999999985800, -0.03499999999999980200 ) ) ;
#5469 = EDGE_LOOP ( 'NONE', ( #853, #3258, #2940, #1276, #56 ) ) ;
#5470 =( CONVERSION_BASED_UNIT ( 'INCH', #5357 ) LENGTH_UNIT ( ) NAMED_UNIT ( #4761 ) );
#5471 = VERTEX_POINT ( 'NONE', #761 ) ;
#5472 = AXIS2_PLACEMENT_3D ( 'NONE', #3715, #5718, #4172 ) ;
#5473 = ORIENTED_EDGE ( 'NONE', *, *, #2772, .T. ) ;
#5474 = PLANE ( 'NONE',  #4590 ) ;
#5475 = LINE ( 'NONE', #863, #509 ) ;
#5476 = EDGE_CURVE ( 'NONE', #1261, #5389, #198, .T. ) ;
#5477 = ORIENTED_EDGE ( 'NONE', *, *, #3970, .T. ) ;
#5478 = ORIENTED_EDGE ( 'NONE', *, *, #6681, .T. ) ;
#5479 = CARTESIAN_POINT ( 'NONE',  ( 0.5661699190787504700, 0.01000000000000002100, -0.3509999999999998700 ) ) ;
#5480 = DIRECTION ( 'NONE',  ( 1.000000000000000000, -0.0000000000000000000, 1.034689081976639900E-014 ) ) ;
#5481 = CARTESIAN_POINT ( 'NONE',  ( 0.5500000000000021500, 0.009999999999999995000, 0.3509999999999846600 ) ) ;
#5482 = ORIENTED_EDGE ( 'NONE', *, *, #281, .F. ) ;
#5483 = VECTOR ( 'NONE', #6333, 39.37007874015748100 ) ;
#5484 = ADVANCED_FACE ( 'NONE', ( #3206 ), #3283, .T. ) ;
#5485 = EDGE_CURVE ( 'NONE', #21, #93, #5669, .T. ) ;
#5486 = EDGE_CURVE ( 'NONE', #2478, #4282, #4756, .T. ) ;
#5487 =( CONVERSION_BASED_UNIT ( 'INCH', #5730 ) LENGTH_UNIT ( ) NAMED_UNIT ( #6190 ) );
#5488 = AXIS2_PLACEMENT_3D ( 'NONE', #2697, #5769, #3142 ) ;
#5489 = CARTESIAN_POINT ( 'NONE',  ( -0.01546456692913367200, 0.05062992125983971400, 0.06014960629919809100 ) ) ;
#5490 = DIRECTION ( 'NONE',  ( -0.0000000000000000000, 1.000000000000000000, -6.982962677686265900E-015 ) ) ;
#5491 = CARTESIAN_POINT ( 'NONE',  ( 0.4754960629921260500, 0.08999999999999362700, -0.4500000000000007300 ) ) ;
#5492 = ORIENTED_EDGE ( 'NONE', *, *, #2029, .F. ) ;
#5493 = CYLINDRICAL_SURFACE ( 'NONE', #5345, 0.03099999999999988900 ) ;
#5494 = VERTEX_POINT ( 'NONE', #1302 ) ;
#5495 = AXIS2_PLACEMENT_3D ( 'NONE', #2361, #4524, #2430 ) ;
#5496 = FILL_AREA_STYLE ('',( #1348 ) ) ;
#5497 = CARTESIAN_POINT ( 'NONE',  ( 0.5635324800440390000, 0.08049654212842391500, 0.03500000000000020500 ) ) ;
#5498 = CARTESIAN_POINT ( 'NONE',  ( -0.5999999999999999800, 0.1559999999999936400, -0.4500000000000011200 ) ) ;
#5499 = AXIS2_PLACEMENT_3D ( 'NONE', #1287, #5920, #6010 ) ;
#5500 = FACE_OUTER_BOUND ( 'NONE', #2329, .T. ) ;
#5501 = DIRECTION ( 'NONE',  ( 0.0000000000000000000, -6.982962677686265900E-015, -1.000000000000000000 ) ) ;
#5502 = LINE ( 'NONE', #2168, #2173 ) ;
#5503 = DIRECTION ( 'NONE',  ( -1.000000000000000000, -0.0000000000000000000, -0.0000000000000000000 ) ) ;
#5504 = LINE ( 'NONE', #6497, #6668 ) ;
#5505 = DIRECTION ( 'NONE',  ( 0.0000000000000000000, 0.0000000000000000000, 1.000000000000000000 ) ) ;
#5506 = EDGE_CURVE ( 'NONE', #4670, #5822, #6068, .T. ) ;
#5507 = VECTOR ( 'NONE', #4944, 39.37007874015748100 ) ;
#5508 = CARTESIAN_POINT ( 'NONE',  ( 0.3134960629921259600, 0.08999999999999362700, -0.4500000000000007300 ) ) ;
#5509 = FACE_OUTER_BOUND ( 'NONE', #3599, .T. ) ;
#5510 =( NAMED_UNIT ( * ) SI_UNIT ( $, .STERADIAN. ) SOLID_ANGLE_UNIT ( ) );
#5511 = VERTEX_POINT ( 'NONE', #4598 ) ;
#5512 = AXIS2_PLACEMENT_3D ( 'NONE', #2002, #4498, #6651 ) ;
#5513 = VECTOR ( 'NONE', #5792, 39.37007874015748100 ) ;
#5514 = CARTESIAN_POINT ( 'NONE',  ( -0.6500000000000000200, 0.08999999999999626400, -0.07301574803149810100 ) ) ;
#5515 = CARTESIAN_POINT ( 'NONE',  ( -0.5500000000000000400, 0.7811982419601926100, -0.2799999999999999700 ) ) ;
#5516 = EDGE_CURVE ( 'NONE', #1423, #1322, #1919, .T. ) ;
#5517 = CARTESIAN_POINT ( 'NONE',  ( -0.3420157480314957600, 0.2544251968503935500, -0.2242125984252099900 ) ) ;
#5518 = ORIENTED_EDGE ( 'NONE', *, *, #258, .T. ) ;
#5519 = ADVANCED_FACE ( 'NONE', ( #2814 ), #5666, .F. ) ;
#5520 = SURFACE_STYLE_USAGE ( .BOTH. , #4973 ) ;
#5521 = CIRCLE ( 'NONE', #5488, 0.01133974596367343400 ) ;
#5522 = CARTESIAN_POINT ( 'NONE',  ( -0.3419999999999992500, 0.1559999999999981400, -0.01078740157480294300 ) ) ;
#5523 = CARTESIAN_POINT ( 'NONE',  ( -0.02630708661417011800, 0.4739999999999999800, 0.2419370078740110700 ) ) ;
#5524 = SURFACE_SIDE_STYLE ('',( #6343 ) ) ;
#5525 = EDGE_CURVE ( 'NONE', #5822, #3523, #3374, .T. ) ;
#5526 = EDGE_CURVE ( 'NONE', #5302, #5717, #5910, .T. ) ;
#5527 = DIRECTION ( 'NONE',  ( -4.428646991611383300E-017, 0.0000000000000000000, -1.000000000000000000 ) ) ;
#5528 = CIRCLE ( 'NONE', #5227, 0.01133974596105133800 ) ;
#5529 = FACE_OUTER_BOUND ( 'NONE', #3495, .T. ) ;
#5530 = ORIENTED_EDGE ( 'NONE', *, *, #4843, .T. ) ;
#5531 = CARTESIAN_POINT ( 'NONE',  ( -0.1929291338582678200, 0.1559999999999936400, -0.4500000000000011200 ) ) ;
#5532 = CARTESIAN_POINT ( 'NONE',  ( -0.4679842519685029600, 0.2544251968503936600, 0.3342125984251971300 ) ) ;
#5533 = DIRECTION ( 'NONE',  ( 0.0000000000000000000, 6.982962677686265900E-015, 1.000000000000000000 ) ) ;
#5534 = AXIS2_PLACEMENT_3D ( 'NONE', #3838, #3892, #5423 ) ;
#5535 = DIRECTION ( 'NONE',  ( 4.510281037539699100E-017, -1.000000000000000000, -5.551115123125782700E-017 ) ) ;
#5536 = FACE_OUTER_BOUND ( 'NONE', #6587, .T. ) ;
#5537 = LINE ( 'NONE', #4233, #3824 ) ;
#5538 = AXIS2_PLACEMENT_3D ( 'NONE', #1577, #1135, #3657 ) ;
#5539 = AXIS2_PLACEMENT_3D ( 'NONE', #5680, #920, #436 ) ;
#5540 = CARTESIAN_POINT ( 'NONE',  ( -0.6500000000000000200, 0.1559999999999950600, -0.2407874015748163500 ) ) ;
#5541 = VERTEX_POINT ( 'NONE', #3060 ) ;
#5542 = ORIENTED_EDGE ( 'NONE', *, *, #2754, .F. ) ;
#5543 = CARTESIAN_POINT ( 'NONE',  ( 0.3315039370078740600, 0.02700787401574809800, -0.2540157480315091100 ) ) ;
#5544 = FACE_OUTER_BOUND ( 'NONE', #6198, .T. ) ;
#5545 = ORIENTED_EDGE ( 'NONE', *, *, #3646, .F. ) ;
#5546 = VERTEX_POINT ( 'NONE', #5592 ) ;
#5547 = EDGE_CURVE ( 'NONE', #645, #5779, #5830, .T. ) ;
#5548 = FILL_AREA_STYLE_COLOUR ( '', #6061 ) ;
#5549 = DIRECTION ( 'NONE',  ( 0.0000000000000000000, -1.000000000000000000, 6.982962677686265900E-015 ) ) ;
#5550 = DIRECTION ( 'NONE',  ( -8.978515924145579300E-018, -0.8956625937653934800, -0.4447342106578354200 ) ) ;
#5551 = COLOUR_RGB ( '',0.2509803921568627400, 0.2509803921568627400, 0.2509803921568627400 ) ;
#5552 = CARTESIAN_POINT ( 'NONE',  ( -0.1929291338582678200, 0.1993070866141731500, -0.2419291338582770000 ) ) ;
#5553 = UNCERTAINTY_MEASURE_WITH_UNIT (LENGTH_MEASURE( 1.000000000000000100E-005 ), #1229, 'distance_accuracy_value', 'NONE');
#5554 = ORIENTED_EDGE ( 'NONE', *, *, #3914, .F. ) ;
#5555 = ADVANCED_FACE ( 'NONE', ( #766 ), #3516, .T. ) ;
#5556 = CARTESIAN_POINT ( 'NONE',  ( -0.4679842519685032400, 0.2544251968503936600, 0.1207874015748034000 ) ) ;
#5557 = ORIENTED_EDGE ( 'NONE', *, *, #6090, .F. ) ;
#5558 = DIRECTION ( 'NONE',  ( 7.630454229180073400E-017, -0.8956625937653932600, -0.4447342106578355800 ) ) ;
#5559 =( BOUNDED_CURVE ( )  B_SPLINE_CURVE ( 3, ( #2609, #5778, #2652, #712 ),
 .UNSPECIFIED., .F., .F. ) 
 B_SPLINE_CURVE_WITH_KNOTS ( ( 4, 4 ),
 ( 2.179041905705100500, 3.141592653589793100 ),
 .UNSPECIFIED. ) 
 CURVE ( )  GEOMETRIC_REPRESENTATION_ITEM ( )  RATIONAL_B_SPLINE_CURVE ( ( 1.000000000000000000, 0.9242701736186111900, 0.9242701736186111900, 1.000000000000000000 ) ) 
 REPRESENTATION_ITEM ( '' )  );
#5560 = EDGE_LOOP ( 'NONE', ( #3070, #5972, #2716, #5949, #6621 ) ) ;
#5561 = ORIENTED_EDGE ( 'NONE', *, *, #1360, .F. ) ;
#5562 = VERTEX_POINT ( 'NONE', #6167 ) ;
#5563 = ORIENTED_EDGE ( 'NONE', *, *, #5187, .T. ) ;
#5564 = ORIENTED_EDGE ( 'NONE', *, *, #1268, .T. ) ;
#5565 = DIRECTION ( 'NONE',  ( -1.127570259384924600E-016, 1.000000000000000000, 2.220446049250313100E-016 ) ) ;
#5566 = ORIENTED_EDGE ( 'NONE', *, *, #1788, .F. ) ;
#5567 = LINE ( 'NONE', #4451, #1263 ) ;
#5568 = DIRECTION ( 'NONE',  ( 3.407271461368530900E-015, 0.0000000000000000000, -1.000000000000000000 ) ) ;
#5569 = ORIENTED_EDGE ( 'NONE', *, *, #1599, .T. ) ;
#5570 = AXIS2_PLACEMENT_3D ( 'NONE', #5738, #64, #3709 ) ;
#5571 = DIRECTION ( 'NONE',  ( 1.000000000000000000, -0.0000000000000000000, 0.0000000000000000000 ) ) ;
#5572 = STYLED_ITEM ( 'NONE', ( #2038 ), #709 ) ;
#5573 = EDGE_CURVE ( 'NONE', #4098, #21, #1179, .T. ) ;
#5574 = ORIENTED_EDGE ( 'NONE', *, *, #2155, .T. ) ;
#5575 = LINE ( 'NONE', #3261, #1022 ) ;
#5576 = ORIENTED_EDGE ( 'NONE', *, *, #5369, .F. ) ;
#5577 =( NAMED_UNIT ( * ) SI_UNIT ( $, .STERADIAN. ) SOLID_ANGLE_UNIT ( ) );
#5578 = CARTESIAN_POINT ( 'NONE',  ( -0.1985354330708660200, 0.08999999999999362700, -0.4500000000000007300 ) ) ;
#5579 = DIRECTION ( 'NONE',  ( 6.938893903907228400E-018, 1.000000000000000000, 2.220446049250313100E-016 ) ) ;
#5580 = DIRECTION ( 'NONE',  ( -1.000000000000000000, 0.0000000000000000000, -0.0000000000000000000 ) ) ;
#5581 = ORIENTED_EDGE ( 'NONE', *, *, #1339, .F. ) ;
#5582 = EDGE_LOOP ( 'NONE', ( #4179, #4117, #4040, #5056 ) ) ;
#5583 = EDGE_CURVE ( 'NONE', #2450, #2078, #4283, .T. ) ;
#5584 = CARTESIAN_POINT ( 'NONE',  ( -0.5139999999999999000, 0.09000000000000012200, -0.3158607219255620300 ) ) ;
#5585 = AXIS2_PLACEMENT_3D ( 'NONE', #4280, #1127, #5745 ) ;
#5586 = CARTESIAN_POINT ( 'NONE',  ( -0.2901417322834642900, 0.1953700787401574400, 0.3833779527559023600 ) ) ;
#5587 = CARTESIAN_POINT ( 'NONE',  ( -0.4679842519685031300, 0.1559999999999987500, 0.2357874015748034100 ) ) ;
#5588 = DIMENSIONAL_EXPONENTS ( 1.000000000000000000, 0.0000000000000000000, 0.0000000000000000000, 0.0000000000000000000, 0.0000000000000000000, 0.0000000000000000000, 0.0000000000000000000 ) ;
#5589 = LINE ( 'NONE', #6535, #2330 ) ;
#5590 = VECTOR ( 'NONE', #3437, 39.37007874015748100 ) ;
#5591 = DIRECTION ( 'NONE',  ( 1.000000000000000000, 0.0000000000000000000, 0.0000000000000000000 ) ) ;
#5592 = CARTESIAN_POINT ( 'NONE',  ( 0.3944960629921259700, 0.08999999999999498700, -0.2540157480315091100 ) ) ;
#5593 = ADVANCED_FACE ( 'NONE', ( #1016 ), #6721, .F. ) ;
#5594 = FACE_OUTER_BOUND ( 'NONE', #5301, .T. ) ;
#5595 = VECTOR ( 'NONE', #254, 39.37007874015748100 ) ;
#5596 = ORIENTED_EDGE ( 'NONE', *, *, #1961, .F. ) ;
#5597 = DIRECTION ( 'NONE',  ( -1.000000000000000000, 4.468157470978387200E-032, -1.110223024625156500E-016 ) ) ;
#5598 = VERTEX_POINT ( 'NONE', #4088 ) ;
#5599 = PLANE ( 'NONE',  #2274 ) ;
#5600 = VERTEX_POINT ( 'NONE', #5113 ) ;
#5601 = FILL_AREA_STYLE_COLOUR ( '', #4946 ) ;
#5602 = VECTOR ( 'NONE', #6741, 39.37007874015748100 ) ;
#5603 =( LENGTH_UNIT ( ) NAMED_UNIT ( * ) SI_UNIT ( $, .METRE. ) );
#5604 = EDGE_CURVE ( 'NONE', #503, #6717, #5826, .T. ) ;
#5605 = VERTEX_POINT ( 'NONE', #2024 ) ;
#5606 = CARTESIAN_POINT ( 'NONE',  ( 0.2505039370078739300, 0.08999999999999498700, -0.2540157480314970700 ) ) ;
#5607 = DIRECTION ( 'NONE',  ( 0.0000000000000000000, 1.000000000000000000, 0.0000000000000000000 ) ) ;
#5608 = SURFACE_STYLE_USAGE ( .BOTH. , #2035 ) ;
#5609 = ORIENTED_EDGE ( 'NONE', *, *, #6610, .T. ) ;
#5610 = AXIS2_PLACEMENT_3D ( 'NONE', #2993, #3540, #6192 ) ;
#5611 = DIRECTION ( 'NONE',  ( 1.000000000000000000, 1.117039367744597100E-032, 1.550203531853473500E-048 ) ) ;
#5612 = DIRECTION ( 'NONE',  ( -6.982962677686265900E-015, 0.0000000000000000000, 1.000000000000000000 ) ) ;
#5613 = EDGE_CURVE ( 'NONE', #3002, #1, #2073, .T. ) ;
#5614 =( LENGTH_UNIT ( ) NAMED_UNIT ( * ) SI_UNIT ( $, .METRE. ) );
#5615 = CARTESIAN_POINT ( 'NONE',  ( -0.3420157480314957600, 0.2544251968503935500, -0.2242125984252099900 ) ) ;
#5616 = CARTESIAN_POINT ( 'NONE',  ( 0.5500000000000000400, 1.365923996832131600E-016, 2.048885995248197400E-016 ) ) ;
#5617 = AXIS2_PLACEMENT_3D ( 'NONE', #126, #655, #1102 ) ;
#5618 = VECTOR ( 'NONE', #3790, 39.37007874015748100 ) ;
#5619 = LINE ( 'NONE', #5540, #2358 ) ;
#5620 = EDGE_CURVE ( 'NONE', #262, #2068, #591, .T. ) ;
#5621 = EDGE_LOOP ( 'NONE', ( #4568, #223, #6638, #5668 ) ) ;
#5622 = EDGE_CURVE ( 'NONE', #6280, #4907, #3697, .T. ) ;
#5623 = AXIS2_PLACEMENT_3D ( 'NONE', #2467, #942, #2507 ) ;
#5624 = ORIENTED_EDGE ( 'NONE', *, *, #1794, .T. ) ;
#5625 = VECTOR ( 'NONE', #4854, 39.37007874015748100 ) ;
#5626 = CONICAL_SURFACE ( 'NONE', #3268, 0.01999999999918774400, 0.5235987755760039800 ) ;
#5627 = ADVANCED_FACE ( 'NONE', ( #2728 ), #1081, .F. ) ;
#5628 = SURFACE_STYLE_FILL_AREA ( #1182 ) ;
#5629 = ORIENTED_EDGE ( 'NONE', *, *, #4486, .F. ) ;
#5630 = ORIENTED_EDGE ( 'NONE', *, *, #2395, .F. ) ;
#5631 = VERTEX_POINT ( 'NONE', #4154 ) ;
#5632 = CARTESIAN_POINT ( 'NONE',  ( 0.5188000400641285000, 0.08999999999999792900, -0.1341392780744382300 ) ) ;
#5633 =( NAMED_UNIT ( * ) PLANE_ANGLE_UNIT ( ) SI_UNIT ( $, .RADIAN. ) );
#5634 = ORIENTED_EDGE ( 'NONE', *, *, #2244, .T. ) ;
#5635 = CARTESIAN_POINT ( 'NONE',  ( -0.5999999999999999800, 0.1559999999999936400, -0.4500000000000011200 ) ) ;
#5636 = PLANE ( 'NONE',  #4564 ) ;
#5637 = ADVANCED_FACE ( 'NONE', ( #4994 ), #3774, .T. ) ;
#5638 = ORIENTED_EDGE ( 'NONE', *, *, #3122, .T. ) ;
#5639 = DIRECTION ( 'NONE',  ( -4.510281037539699700E-017, 1.000000000000000000, 5.551115123125783900E-017 ) ) ;
#5640 = DIRECTION ( 'NONE',  ( 1.000000000000000000, -1.738909042808659600E-032, 5.551115123125782700E-017 ) ) ;
#5641 = ORIENTED_EDGE ( 'NONE', *, *, #4923, .T. ) ;
#5642 = EDGE_LOOP ( 'NONE', ( #990, #3518, #1515, #5306 ) ) ;
#5643 = PLANE ( 'NONE',  #3979 ) ;
#5644 = ORIENTED_EDGE ( 'NONE', *, *, #1943, .T. ) ;
#5645 = ORIENTED_EDGE ( 'NONE', *, *, #1306, .T. ) ;
#5646 = EDGE_CURVE ( 'NONE', #5970, #5359, #2321, .T. ) ;
#5647 = VERTEX_POINT ( 'NONE', #4685 ) ;
#5648 =( BOUNDED_CURVE ( )  B_SPLINE_CURVE ( 3, ( #6418, #2296, #5497, #6502 ),
 .UNSPECIFIED., .F., .T. ) 
 B_SPLINE_CURVE_WITH_KNOTS ( ( 4, 4 ),
 ( 5.182699915743507200, 6.283185307179586200 ),
 .UNSPECIFIED. ) 
 CURVE ( )  GEOMETRIC_REPRESENTATION_ITEM ( )  RATIONAL_B_SPLINE_CURVE ( ( 1.000000000000000000, 0.9015984286673681700, 0.9015984286673681700, 1.000000000000000000 ) ) 
 REPRESENTATION_ITEM ( '' )  );
#5649 = ORIENTED_EDGE ( 'NONE', *, *, #2559, .T. ) ;
#5650 = ADVANCED_FACE ( 'NONE', ( #2891 ), #3605, .F. ) ;
#5651 = CARTESIAN_POINT ( 'NONE',  ( -0.3420157480314956500, 0.1559999999999968400, -0.1257874015748162700 ) ) ;
#5652 = DIRECTION ( 'NONE',  ( 0.0000000000000000000, -1.000000000000000000, 6.982962677686265900E-015 ) ) ;
#5653 = ORIENTED_EDGE ( 'NONE', *, *, #3300, .T. ) ;
#5654 = LINE ( 'NONE', #5366, #6131 ) ;
#5655 = ORIENTED_EDGE ( 'NONE', *, *, #6726, .F. ) ;
#5656 = EDGE_LOOP ( 'NONE', ( #2618, #3953, #1324, #2229 ) ) ;
#5657 = DIRECTION ( 'NONE',  ( 0.0000000000000000000, -2.775557561562882100E-017, 1.000000000000000000 ) ) ;
#5658 = DIRECTION ( 'NONE',  ( -1.000000000000000000, -8.233114564635992700E-017, 5.145696602897462800E-017 ) ) ;
#5659 = CARTESIAN_POINT ( 'NONE',  ( 0.5500000000000021500, 0.009999999999999995000, 0.3509999999999846600 ) ) ;
#5660 = EDGE_LOOP ( 'NONE', ( #4661, #2183, #432, #5381 ) ) ;
#5661 = LINE ( 'NONE', #613, #5483 ) ;
#5662 = EDGE_CURVE ( 'NONE', #2544, #713, #1097, .T. ) ;
#5663 = VECTOR ( 'NONE', #2503, 39.37007874015748100 ) ;
#5664 = DIRECTION ( 'NONE',  ( -1.000000000000000000, -0.0000000000000000000, -0.0000000000000000000 ) ) ;
#5665 = CARTESIAN_POINT ( 'NONE',  ( 0.3944960629921259700, 0.02700787401574807400, -0.07301574803150363800 ) ) ;
#5666 = PLANE ( 'NONE',  #3389 ) ;
#5667 = FILL_AREA_STYLE ('',( #9 ) ) ;
#5668 = ORIENTED_EDGE ( 'NONE', *, *, #2411, .F. ) ;
#5669 = LINE ( 'NONE', #2513, #1520 ) ;
#5670 = ADVANCED_FACE ( 'NONE', ( #3947 ), #3202, .T. ) ;
#5671 = EDGE_CURVE ( 'NONE', #1386, #6180, #3451, .T. ) ;
#5672 = EDGE_CURVE ( 'NONE', #4178, #4912, #2154, .T. ) ;
#5673 = CYLINDRICAL_SURFACE ( 'NONE', #4364, 0.03099999999999985400 ) ;
#5674 = DIRECTION ( 'NONE',  ( -1.665334536937734800E-016, 0.0000000000000000000, -1.000000000000000000 ) ) ;
#5675 = PRESENTATION_STYLE_ASSIGNMENT (( #4454 ) ) ;
#5676 = AXIS2_PLACEMENT_3D ( 'NONE', #5264, #89, #3729 ) ;
#5677 = AXIS2_PLACEMENT_3D ( 'NONE', #4053, #463, #4142 ) ;
#5678 = FACE_OUTER_BOUND ( 'NONE', #5725, .T. ) ;
#5679 = DIRECTION ( 'NONE',  ( -7.288079551849363400E-031, 1.000000000000000000, 4.268512490273796600E-016 ) ) ;
#5680 = CARTESIAN_POINT ( 'NONE',  ( 0.5500000000000000400, 0.7811982419601926100, 2.048885995248197400E-016 ) ) ;
#5681 = ADVANCED_FACE ( 'NONE', ( #1269 ), #995, .F. ) ;
#5682 = LENGTH_MEASURE_WITH_UNIT ( LENGTH_MEASURE( 0.02539999999999999900 ), #4794 );
#5683 = LINE ( 'NONE', #6058, #4381 ) ;
#5684 = DIRECTION ( 'NONE',  ( 0.0000000000000000000, -2.775557561562895000E-017, 1.000000000000000000 ) ) ;
#5685 = CLOSED_SHELL ( 'NONE', ( #1049, #3223, #4092, #5974, #6277, #844 ) ) ;
#5686 = EDGE_CURVE ( 'NONE', #949, #2579, #3862, .T. ) ;
#5687 = LINE ( 'NONE', #4567, #5602 ) ;
#5688 = VECTOR ( 'NONE', #3898, 39.37007874015748100 ) ;
#5689 = ORIENTED_EDGE ( 'NONE', *, *, #3504, .F. ) ;
#5690 = CARTESIAN_POINT ( 'NONE',  ( 0.5500000000000000400, 0.08049654212842374800, -0.1149999999999999200 ) ) ;
#5691 = DIRECTION ( 'NONE',  ( 0.0000000000000000000, -5.551115123125781500E-017, 1.000000000000000000 ) ) ;
#5692 = FACE_OUTER_BOUND ( 'NONE', #2860, .T. ) ;
#5693 = UNCERTAINTY_MEASURE_WITH_UNIT (LENGTH_MEASURE( 1.000000000000000100E-005 ), #94, 'distance_accuracy_value', 'NONE');
#5694 = ADVANCED_FACE ( 'NONE', ( #4109 ), #477, .F. ) ;
#5695 = VECTOR ( 'NONE', #5243, 39.37007874015748100 ) ;
#5696 = EDGE_LOOP ( 'NONE', ( #677, #4246, #1264 ) ) ;
#5697 = CARTESIAN_POINT ( 'NONE',  ( -0.4679842519685032400, 0.2544251968503937200, -0.1092125984251966600 ) ) ;
#5698 = ADVANCED_FACE ( 'NONE', ( #4437 ), #3042, .T. ) ;
#5699 = AXIS2_PLACEMENT_3D ( 'NONE', #5752, #1045, #4231 ) ;
#5700 = CARTESIAN_POINT ( 'NONE',  ( -0.5499999999999998200, 1.156209047945606300E-016, -0.2800000000000000800 ) ) ;
#5701 = EDGE_CURVE ( 'NONE', #1668, #1068, #5661, .T. ) ;
#5702 =( LENGTH_UNIT ( ) NAMED_UNIT ( * ) SI_UNIT ( $, .METRE. ) );
#5703 = VECTOR ( 'NONE', #1525, 39.37007874015748100 ) ;
#5704 = CIRCLE ( 'NONE', #4145, 0.03500000000000003800 ) ;
#5705 = ORIENTED_EDGE ( 'NONE', *, *, #3504, .T. ) ;
#5706 = EDGE_LOOP ( 'NONE', ( #1899, #4287, #2833, #3092, #6127, #344, #1416, #4548 ) ) ;
#5707 = ORIENTED_EDGE ( 'NONE', *, *, #4964, .F. ) ;
#5708 = ADVANCED_FACE ( 'NONE', ( #1350 ), #544, .F. ) ;
#5709 = EDGE_CURVE ( 'NONE', #1615, #5151, #2479, .T. ) ;
#5710 = AXIS2_PLACEMENT_3D ( 'NONE', #2813, #1792, #3818 ) ;
#5711 = ORIENTED_EDGE ( 'NONE', *, *, #298, .T. ) ;
#5712 = CARTESIAN_POINT ( 'NONE',  ( -0.09537007874015754300, 0.04078740157480230400, 0.3426062992125839000 ) ) ;
#5713 = EDGE_LOOP ( 'NONE', ( #6052, #2736, #2049, #5418 ) ) ;
#5714 = FACE_OUTER_BOUND ( 'NONE', #1685, .T. ) ;
#5715 = DIRECTION ( 'NONE',  ( -4.268512490281893800E-016, 1.000000000000000000, 0.0000000000000000000 ) ) ;
#5716 = CARTESIAN_POINT ( 'NONE',  ( 0.5500000000000021500, 0.0000000000000000000, 0.2999999999999845600 ) ) ;
#5717 = VERTEX_POINT ( 'NONE', #4319 ) ;
#5718 = DIRECTION ( 'NONE',  ( -0.0000000000000000000, 1.000000000000000000, -6.982962677686265900E-015 ) ) ;
#5719 = VERTEX_POINT ( 'NONE', #1712 ) ;
#5720 = LINE ( 'NONE', #940, #2956 ) ;
#5721 = DIRECTION ( 'NONE',  ( -4.510281037539699700E-017, 1.000000000000000000, 5.551115123125783900E-017 ) ) ;
#5722 = SURFACE_STYLE_USAGE ( .BOTH. , #1511 ) ;
#5723 = ORIENTED_EDGE ( 'NONE', *, *, #3318, .T. ) ;
#5724 = VERTEX_POINT ( 'NONE', #3670 ) ;
#5725 = EDGE_LOOP ( 'NONE', ( #4989, #4351, #2116, #5794 ) ) ;
#5726 = ADVANCED_FACE ( 'NONE', ( #5312 ), #2218, .F. ) ;
#5727 = VERTEX_POINT ( 'NONE', #6406 ) ;
#5728 = CARTESIAN_POINT ( 'NONE',  ( -0.5279550328935340700, 0.005993953971255674600, 0.02959032635400921100 ) ) ;
#5729 = VERTEX_POINT ( 'NONE', #3275 ) ;
#5730 = LENGTH_MEASURE_WITH_UNIT ( LENGTH_MEASURE( 0.02539999999999999900 ), #4960 );
#5731 = EDGE_CURVE ( 'NONE', #5174, #894, #2222, .T. ) ;
#5732 = LINE ( 'NONE', #3870, #2157 ) ;
#5733 = CARTESIAN_POINT ( 'NONE',  ( 0.08850393700787395600, 0.02700787401574805700, -0.07301574803149810100 ) ) ;
#5734 = ADVANCED_FACE ( 'NONE', ( #2397 ), #2235, .T. ) ;
#5735 = DIRECTION ( 'NONE',  ( -1.000000000000000000, 0.0000000000000000000, 0.0000000000000000000 ) ) ;
#5736 = CIRCLE ( 'NONE', #6174, 0.01999999999999990700 ) ;
#5737 = VERTEX_POINT ( 'NONE', #2242 ) ;
#5738 = CARTESIAN_POINT ( 'NONE',  ( 0.5500000000000000400, -0.1450000000001269400, 1.365923996832131600E-016 ) ) ;
#5739 = EDGE_CURVE ( 'NONE', #713, #5727, #3613, .T. ) ;
#5740 = VERTEX_POINT ( 'NONE', #5824 ) ;
#5741 = ADVANCED_FACE ( 'NONE', ( #841 ), #4302, .F. ) ;
#5742 = CARTESIAN_POINT ( 'NONE',  ( -0.4679999999999997500, 0.2544251968503935500, -0.3392125984252100100 ) ) ;
#5743 = DIRECTION ( 'NONE',  ( 0.0000000000000000000, -6.982962677686265900E-015, -1.000000000000000000 ) ) ;
#5744 = CARTESIAN_POINT ( 'NONE',  ( -0.05907086614172500600, 0.1993070866141732300, -0.2530708661417397400 ) ) ;
#5745 = DIRECTION ( 'NONE',  ( 0.0000000000000000000, 0.0000000000000000000, -1.000000000000000000 ) ) ;
#5746 = AXIS2_PLACEMENT_3D ( 'NONE', #6704, #1518, #6154 ) ;
#5747 = FACE_OUTER_BOUND ( 'NONE', #2616, .T. ) ;
#5748 = VECTOR ( 'NONE', #6161, 39.37007874015748100 ) ;
#5749 = EDGE_CURVE ( 'NONE', #40, #5905, #1686, .T. ) ;
#5750 = EDGE_CURVE ( 'NONE', #2806, #1749, #1434, .T. ) ;
#5751 = CARTESIAN_POINT ( 'NONE',  ( 0.08850393700787395600, 0.02700787401574809100, -0.1990000000000020900 ) ) ;
#5752 = CARTESIAN_POINT ( 'NONE',  ( -0.5499999999999998200, 1.192567696541826100E-016, -0.3000000000000001600 ) ) ;
#5753 = VECTOR ( 'NONE', #3413, 39.37007874015748100 ) ;
#5754 = DIRECTION ( 'NONE',  ( 1.000000000000000000, 0.0000000000000000000, 1.021933762300339900E-014 ) ) ;
#5755 = EDGE_LOOP ( 'NONE', ( #311, #3589, #175, #1755 ) ) ;
#5756 = PRESENTATION_LAYER_ASSIGNMENT (  '', '', ( #3175 ) ) ;
#5757 = ORIENTED_EDGE ( 'NONE', *, *, #4400, .T. ) ;
#5758 = ADVANCED_FACE ( 'NONE', ( #4603 ), #6311, .F. ) ;
#5759 = AXIS2_PLACEMENT_3D ( 'NONE', #6350, #1657, #5315 ) ;
#5760 = CARTESIAN_POINT ( 'NONE',  ( -0.5383137692791075700, 0.009374999999999852200, -0.03499999999999996200 ) ) ;
#5761 = LINE ( 'NONE', #5586, #3312 ) ;
#5762 = DIRECTION ( 'NONE',  ( 0.0000000000000000000, -0.0000000000000000000, -1.000000000000000000 ) ) ;
#5763 = CARTESIAN_POINT ( 'NONE',  ( -0.4679842519685029600, 0.2544251968503936600, 0.2357874015748034100 ) ) ;
#5764 =( BOUNDED_CURVE ( )  B_SPLINE_CURVE ( 3, ( #3912, #4951, #5479, #2364 ),
 .UNSPECIFIED., .F., .T. ) 
 B_SPLINE_CURVE_WITH_KNOTS ( ( 4, 4 ),
 ( 5.365730481763140600, 6.283185307179586200 ),
 .UNSPECIFIED. ) 
 CURVE ( )  GEOMETRIC_REPRESENTATION_ITEM ( )  RATIONAL_B_SPLINE_CURVE ( ( 1.000000000000000000, 0.9310778230156172600, 0.9310778230156172600, 1.000000000000000000 ) ) 
 REPRESENTATION_ITEM ( '' )  );
#5765 = ORIENTED_EDGE ( 'NONE', *, *, #3392, .T. ) ;
#5766 = CARTESIAN_POINT ( 'NONE',  ( -0.6500000000000000200, 0.08999999999999991300, 0.4499999999999991800 ) ) ;
#5767 = DIRECTION ( 'NONE',  ( 0.0000000000000000000, 1.000000000000000000, 2.238410880014683800E-016 ) ) ;
#5768 = CARTESIAN_POINT ( 'NONE',  ( -0.5500000000000000400, 0.7811982419601926100, -0.2999999999999998800 ) ) ;
#5769 = DIRECTION ( 'NONE',  ( 1.280553747225428500E-015, 1.000000000000000000, -4.268512490751471600E-016 ) ) ;
#5770 = EDGE_CURVE ( 'NONE', #2533, #5605, #4824, .T. ) ;
#5771 = ORIENTED_EDGE ( 'NONE', *, *, #4821, .F. ) ;
#5772 = DIRECTION ( 'NONE',  ( 1.000000000000000000, 0.0000000000000000000, 3.491481338843133000E-015 ) ) ;
#5773 = DIRECTION ( 'NONE',  ( 2.931445041047931400E-016, 0.0000000000000000000, -1.000000000000000000 ) ) ;
#5774 = LINE ( 'NONE', #4090, #4553 ) ;
#5775 = ADVANCED_FACE ( 'NONE', ( #6650 ), #3736, .F. ) ;
#5776 = CARTESIAN_POINT ( 'NONE',  ( 0.5603070866141746100, 0.2347401574803146800, 0.2813070866141726400 ) ) ;
#5777 = MANIFOLD_SOLID_BREP ( 'I6A4W010A033V-001-R-1-solid6', #5290 ) ;
#5778 = CARTESIAN_POINT ( 'NONE',  ( 0.5279550328935340700, 0.005993953971255705900, -0.1204096736459908100 ) ) ;
#5779 = VERTEX_POINT ( 'NONE', #4340 ) ;
#5780 = DIRECTION ( 'NONE',  ( -4.510281037539699700E-017, 1.000000000000000000, 5.551115123125783900E-017 ) ) ;
#5781 = CARTESIAN_POINT ( 'NONE',  ( -0.5750675341375368600, 0.08401010114738496900, 0.2720760542113810400 ) ) ;
#5782 = CYLINDRICAL_SURFACE ( 'NONE', #3019, 0.03500000000000003800 ) ;
#5783 = LINE ( 'NONE', #5330, #6106 ) ;
#5784 = CONICAL_SURFACE ( 'NONE', #1052, 0.03099999999733729300, 0.5235987756232957100 ) ;
#5785 = ORIENTED_EDGE ( 'NONE', *, *, #816, .T. ) ;
#5786 = CARTESIAN_POINT ( 'NONE',  ( 0.5047928379568036300, 0.08999999999999949700, 0.3236074670390378700 ) ) ;
#5787 = ORIENTED_EDGE ( 'NONE', *, *, #6336, .F. ) ;
#5788 = CARTESIAN_POINT ( 'NONE',  ( 0.4754960629921261000, 0.02700787401574881000, -0.2540157480315059500 ) ) ;
#5789 = AXIS2_PLACEMENT_3D ( 'NONE', #1134, #3168, #3196 ) ;
#5790 = VECTOR ( 'NONE', #1119, 39.37007874015748100 ) ;
#5791 = DIRECTION ( 'NONE',  ( -5.551115123125788900E-017, 0.0000000000000000000, 1.000000000000000000 ) ) ;
#5792 = DIRECTION ( 'NONE',  ( -3.074593178701605300E-063, 1.000000000000000000, -4.515903254171773800E-047 ) ) ;
#5793 = EDGE_CURVE ( 'NONE', #3340, #265, #4035, .T. ) ;
#5794 = ORIENTED_EDGE ( 'NONE', *, *, #4290, .T. ) ;
#5795 =( GEOMETRIC_REPRESENTATION_CONTEXT ( 3 ) GLOBAL_UNCERTAINTY_ASSIGNED_CONTEXT ( ( #1058 ) ) GLOBAL_UNIT_ASSIGNED_CONTEXT ( ( #6170, #5143, #3038 ) ) REPRESENTATION_CONTEXT ( 'NONE', 'WORKASPACE' ) );
#5796 = CARTESIAN_POINT ( 'NONE',  ( -0.5364675199559607600, 0.08049654212842373400, 0.3350000000000004100 ) ) ;
#5797 = ORIENTED_EDGE ( 'NONE', *, *, #3943, .F. ) ;
#5798 = PLANE ( 'NONE',  #6371 ) ;
#5799 = VERTEX_POINT ( 'NONE', #2262 ) ;
#5800 = CARTESIAN_POINT ( 'NONE',  ( -0.6500000000000000200, 0.1559999999999959500, 0.4499999999999989600 ) ) ;
#5801 = LINE ( 'NONE', #6217, #91 ) ;
#5802 = ORIENTED_EDGE ( 'NONE', *, *, #2091, .T. ) ;
#5803 = DIRECTION ( 'NONE',  ( -0.0000000000000000000, 6.982962677686265900E-015, 1.000000000000000000 ) ) ;
#5804 = VERTEX_POINT ( 'NONE', #1821 ) ;
#5805 = CARTESIAN_POINT ( 'NONE',  ( -0.6500000000000000200, 0.08999999999999538900, -0.1990000000000108300 ) ) ;
#5806 = CARTESIAN_POINT ( 'NONE',  ( -0.6500000000000000200, 0.1559999999999939800, -0.4000000000000009700 ) ) ;
#5807 = EDGE_CURVE ( 'NONE', #3341, #923, #2719, .T. ) ;
#5808 = AXIS2_PLACEMENT_3D ( 'NONE', #5273, #1105, #3785 ) ;
#5809 = ORIENTED_EDGE ( 'NONE', *, *, #5206, .T. ) ;
#5810 = DIMENSIONAL_EXPONENTS ( 1.000000000000000000, 0.0000000000000000000, 0.0000000000000000000, 0.0000000000000000000, 0.0000000000000000000, 0.0000000000000000000, 0.0000000000000000000 ) ;
#5811 = PRESENTATION_STYLE_ASSIGNMENT (( #4395 ) ) ;
#5812 = CARTESIAN_POINT ( 'NONE',  ( -0.05907086614173251400, 0.1993070866141731000, -0.2419291338582770000 ) ) ;
#5813 = ORIENTED_EDGE ( 'NONE', *, *, #2729, .T. ) ;
#5814 = CARTESIAN_POINT ( 'NONE',  ( 0.4125039370078740200, 0.08999999999999362700, -0.4500000000000007300 ) ) ;
#5815 = ORIENTED_EDGE ( 'NONE', *, *, #4896, .T. ) ;
#5816 = EDGE_LOOP ( 'NONE', ( #4698, #5967, #5860, #1541, #2522 ) ) ;
#5817 = DIRECTION ( 'NONE',  ( 0.0000000000000000000, 6.982962677686265900E-015, 1.000000000000000000 ) ) ;
#5818 = ORIENTED_EDGE ( 'NONE', *, *, #2261, .F. ) ;
#5819 = VECTOR ( 'NONE', #169, 39.37007874015748100 ) ;
#5820 = VERTEX_POINT ( 'NONE', #2840 ) ;
#5821 = DIRECTION ( 'NONE',  ( 0.0000000000000000000, -1.000000000000000000, 6.982962677686265900E-015 ) ) ;
#5822 = VERTEX_POINT ( 'NONE', #779 ) ;
#5823 = CARTESIAN_POINT ( 'NONE',  ( 0.5383137692791075700, 0.009374999999999938900, -0.1849999999999999400 ) ) ;
#5824 = CARTESIAN_POINT ( 'NONE',  ( -0.5811999599358717000, 0.08999999999999946900, 0.3158607219255620800 ) ) ;
#5825 = CARTESIAN_POINT ( 'NONE',  ( -0.5140000000000000100, 0.08999999999999996900, -0.01586072192556194400 ) ) ;
#5826 = LINE ( 'NONE', #1480, #6387 ) ;
#5827 = VERTEX_POINT ( 'NONE', #4430 ) ;
#5828 =( NAMED_UNIT ( * ) SI_UNIT ( $, .STERADIAN. ) SOLID_ANGLE_UNIT ( ) );
#5829 = DIRECTION ( 'NONE',  ( 0.0000000000000000000, -1.000000000000000000, 6.982962677686265900E-015 ) ) ;
#5830 = LINE ( 'NONE', #6674, #1691 ) ;
#5831 = ORIENTED_EDGE ( 'NONE', *, *, #6316, .F. ) ;
#5832 = DIRECTION ( 'NONE',  ( 1.017949417668884000E-016, -1.000000000000000000, 0.0000000000000000000 ) ) ;
#5833 =( NAMED_UNIT ( * ) PLANE_ANGLE_UNIT ( ) SI_UNIT ( $, .RADIAN. ) );
#5834 = DIMENSIONAL_EXPONENTS ( 1.000000000000000000, 0.0000000000000000000, 0.0000000000000000000, 0.0000000000000000000, 0.0000000000000000000, 0.0000000000000000000, 0.0000000000000000000 ) ;
#5835 = VECTOR ( 'NONE', #5064, 39.37007874015748100 ) ;
#5836 = ORIENTED_EDGE ( 'NONE', *, *, #5613, .F. ) ;
#5837 = AXIS2_PLACEMENT_3D ( 'NONE', #5459, #4433, #1344 ) ;
#5838 = CARTESIAN_POINT ( 'NONE',  ( -0.05907086614173251400, 0.1993070866141731500, -0.2419291338582770000 ) ) ;
#5839 = EDGE_CURVE ( 'NONE', #424, #5904, #6291, .T. ) ;
#5840 = VECTOR ( 'NONE', #5862, 39.37007874015748100 ) ;
#5841 = VECTOR ( 'NONE', #3858, 39.37007874015748100 ) ;
#5842 =( NAMED_UNIT ( * ) SI_UNIT ( $, .STERADIAN. ) SOLID_ANGLE_UNIT ( ) );
#5843 = DIRECTION ( 'NONE',  ( -3.491063653003964900E-017, 0.8944271909999171900, -0.4472135954999553200 ) ) ;
#5844 = CARTESIAN_POINT ( 'NONE',  ( -0.6500000000000000200, 0.08999999999999881700, 0.2933937007873867500 ) ) ;
#5845 = DIRECTION ( 'NONE',  ( 0.0000000000000000000, 0.5299989400031777100, -0.8479983040050892400 ) ) ;
#5846 = PRODUCT ( 'I6A4W010A033V-001-R', 'I6A4W010A033V-001-R', '', ( #1734 ) ) ;
#5847 = VECTOR ( 'NONE', #1929, 39.37007874015748100 ) ;
#5848 = EDGE_CURVE ( 'NONE', #6358, #4397, #192, .T. ) ;
#5849 = AXIS2_PLACEMENT_3D ( 'NONE', #4196, #2620, #1635 ) ;
#5850 = VECTOR ( 'NONE', #3316, 39.37007874015748100 ) ;
#5851 = DIRECTION ( 'NONE',  ( 1.000000000000000000, 0.0000000000000000000, -0.0000000000000000000 ) ) ;
#5852 = CARTESIAN_POINT ( 'NONE',  ( -0.5500000000000000400, -8.914056345871103600E-018, 0.3000000000000002100 ) ) ;
#5853 = ORIENTED_EDGE ( 'NONE', *, *, #5086, .T. ) ;
#5854 = PLANE ( 'NONE',  #592 ) ;
#5855 = CARTESIAN_POINT ( 'NONE',  ( -0.5140000000000000100, 0.009999999999999989800, 0.3360000000000003000 ) ) ;
#5856 = FACE_OUTER_BOUND ( 'NONE', #3844, .T. ) ;
#5857 = VECTOR ( 'NONE', #4848, 39.37007874015748100 ) ;
#5858 = DIRECTION ( 'NONE',  ( 0.0000000000000000000, 0.0000000000000000000, 1.000000000000000000 ) ) ;
#5859 =( BOUNDED_CURVE ( )  B_SPLINE_CURVE ( 3, ( #6677, #2499, #5117, #6171 ),
 .UNSPECIFIED., .F., .F. ) 
 B_SPLINE_CURVE_WITH_KNOTS ( ( 4, 4 ),
 ( 3.141592653589793100, 4.104143401474482600 ),
 .UNSPECIFIED. ) 
 CURVE ( )  GEOMETRIC_REPRESENTATION_ITEM ( )  RATIONAL_B_SPLINE_CURVE ( ( 1.000000000000000000, 0.9242701736186118600, 0.9242701736186118600, 1.000000000000000000 ) ) 
 REPRESENTATION_ITEM ( '' )  );
#5860 = ORIENTED_EDGE ( 'NONE', *, *, #6590, .F. ) ;
#5861 = AXIS2_PLACEMENT_3D ( 'NONE', #4918, #5480, #3816 ) ;
#5862 = DIRECTION ( 'NONE',  ( -1.000000000000000000, 1.586636120347364500E-032, -8.326672684688670400E-017 ) ) ;
#5863 = PLANE ( 'NONE',  #1688 ) ;
#5864 = CARTESIAN_POINT ( 'NONE',  ( -0.01662992125984251400, 0.04078740157480196400, 0.2933937007873870800 ) ) ;
#5865 = VECTOR ( 'NONE', #4131, 39.37007874015748100 ) ;
#5866 = ORIENTED_EDGE ( 'NONE', *, *, #1776, .F. ) ;
#5867 = CARTESIAN_POINT ( 'NONE',  ( -0.5750675341375367500, 0.08401010114738492700, -0.02792394578861917900 ) ) ;
#5868 = DIRECTION ( 'NONE',  ( -1.127570259384924600E-016, 1.000000000000000000, 2.220446049250313100E-016 ) ) ;
#5869 = FACE_OUTER_BOUND ( 'NONE', #2537, .T. ) ;
#5870 = EDGE_CURVE ( 'NONE', #5188, #3503, #3194, .T. ) ;
#5871 = ORIENTED_EDGE ( 'NONE', *, *, #2383, .T. ) ;
#5872 = CARTESIAN_POINT ( 'NONE',  ( 0.5500000000000000400, 1.378555900599876600E-016, -0.3309999999999999100 ) ) ;
#5873 =( CONVERSION_BASED_UNIT ( 'INCH', #3701 ) LENGTH_UNIT ( ) NAMED_UNIT ( #1942 ) );
#5874 = LINE ( 'NONE', #3648, #163 ) ;
#5875 = VECTOR ( 'NONE', #60, 39.37007874015748100 ) ;
#5876 = DIRECTION ( 'NONE',  ( 0.0000000000000000000, 0.0000000000000000000, -1.000000000000000000 ) ) ;
#5877 = LINE ( 'NONE', #3234, #3812 ) ;
#5878 = AXIS2_PLACEMENT_3D ( 'NONE', #5374, #238, #2801 ) ;
#5879 = ORIENTED_EDGE ( 'NONE', *, *, #2010, .F. ) ;
#5880 = LINE ( 'NONE', #487, #2525 ) ;
#5881 = CARTESIAN_POINT ( 'NONE',  ( -0.5750675341375366400, 0.08401010114738506600, -0.3279239457886192800 ) ) ;
#5882 = EDGE_CURVE ( 'NONE', #4343, #3331, #3856, .T. ) ;
#5883 = LINE ( 'NONE', #2847, #402 ) ;
#5884 = DIRECTION ( 'NONE',  ( 1.034689081976639900E-014, -0.0000000000000000000, -1.000000000000000000 ) ) ;
#5885 = CARTESIAN_POINT ( 'NONE',  ( 0.2324960629921259100, 0.08999999999999362700, -0.4500000000000007300 ) ) ;
#5886 = EDGE_LOOP ( 'NONE', ( #584, #5454, #3099, #2712 ) ) ;
#5887 = DIRECTION ( 'NONE',  ( 0.0000000000000000000, 0.0000000000000000000, 1.000000000000000000 ) ) ;
#5888 = EDGE_LOOP ( 'NONE', ( #4693, #932, #3111, #30 ) ) ;
#5889 = CARTESIAN_POINT ( 'NONE',  ( 0.5500000000000021500, 0.0000000000000000000, 0.2999999999999845600 ) ) ;
#5890 = CARTESIAN_POINT ( 'NONE',  ( 0.5500000000000021500, 0.08000000000000008500, 0.2489999999999847100 ) ) ;
#5891 = CARTESIAN_POINT ( 'NONE',  ( -0.5787228132326900400, -4.823730724796561500E-017, -0.02000000000000005900 ) ) ;
#5892 = EDGE_CURVE ( 'NONE', #1244, #743, #5654, .T. ) ;
#5893 = LINE ( 'NONE', #5446, #1826 ) ;
#5894 = EDGE_CURVE ( 'NONE', #2134, #2193, #3687, .T. ) ;
#5895 = DIRECTION ( 'NONE',  ( 1.951319995474471800E-015, 1.817932429810994000E-016, -1.000000000000000000 ) ) ;
#5896 = DIRECTION ( 'NONE',  ( -0.0000000000000000000, -0.0000000000000000000, 1.000000000000000000 ) ) ;
#5897 = CARTESIAN_POINT ( 'NONE',  ( -0.5140000000000000100, 0.08999999999999996900, 0.01586072192556180900 ) ) ;
#5898 = ORIENTED_EDGE ( 'NONE', *, *, #5966, .F. ) ;
#5899 = PLANE ( 'NONE',  #2100 ) ;
#5900 = AXIS2_PLACEMENT_3D ( 'NONE', #4216, #1664, #1176 ) ;
#5901 = DIRECTION ( 'NONE',  ( -1.000000000000000000, -0.0000000000000000000, 0.0000000000000000000 ) ) ;
#5902 = ORIENTED_EDGE ( 'NONE', *, *, #652, .T. ) ;
#5903 =( NAMED_UNIT ( * ) PLANE_ANGLE_UNIT ( ) SI_UNIT ( $, .RADIAN. ) );
#5904 = VERTEX_POINT ( 'NONE', #3897 ) ;
#5905 = VERTEX_POINT ( 'NONE', #1223 ) ;
#5906 = CIRCLE ( 'NONE', #1847, 0.01999999999999992400 ) ;
#5907 = CARTESIAN_POINT ( 'NONE',  ( -0.5500000000000000400, -0.1300000000000000900, -0.02000000000045271800 ) ) ;
#5908 = PLANE ( 'NONE',  #3929 ) ;
#5909 = VERTEX_POINT ( 'NONE', #5927 ) ;
#5910 = CIRCLE ( 'NONE', #1793, 0.03500000000000000300 ) ;
#5911 = EDGE_CURVE ( 'NONE', #3251, #1396, #6463, .T. ) ;
#5912 = FILL_AREA_STYLE_COLOUR ( '', #230 ) ;
#5913 =( NAMED_UNIT ( * ) SI_UNIT ( $, .STERADIAN. ) SOLID_ANGLE_UNIT ( ) );
#5914 = CONICAL_SURFACE ( 'NONE', #5386, 0.01999999999691170700, 0.5235987755586940500 ) ;
#5915 = LINE ( 'NONE', #3952, #127 ) ;
#5916 = DIRECTION ( 'NONE',  ( 0.0000000000000000000, 0.0000000000000000000, 1.000000000000000000 ) ) ;
#5917 = AXIS2_PLACEMENT_3D ( 'NONE', #2373, #5490, #5533 ) ;
#5918 = FACE_OUTER_BOUND ( 'NONE', #664, .T. ) ;
#5919 = VECTOR ( 'NONE', #2917, 39.37007874015748100 ) ;
#5920 = DIRECTION ( 'NONE',  ( -1.711344293466708400E-016, 1.000000000000000000, 2.220446049250313100E-016 ) ) ;
#5921 = AXIS2_PLACEMENT_3D ( 'NONE', #5093, #1415, #5568 ) ;
#5922 = CARTESIAN_POINT ( 'NONE',  ( 0.6500000000000000200, 0.08999999999999362700, -0.4500000000000007300 ) ) ;
#5923 = EDGE_CURVE ( 'NONE', #6676, #5546, #28, .T. ) ;
#5924 = ORIENTED_EDGE ( 'NONE', *, *, #5923, .F. ) ;
#5925 = CARTESIAN_POINT ( 'NONE',  ( -0.3419999999999992500, 0.1559999999999936400, -0.4500000000000011200 ) ) ;
#5926 = LINE ( 'NONE', #2512, #2096 ) ;
#5927 = CARTESIAN_POINT ( 'NONE',  ( 0.5500000000000000400, 0.01000000000000017500, -0.2489999999999998600 ) ) ;
#5928 = LINE ( 'NONE', #2440, #871 ) ;
#5929 = CARTESIAN_POINT ( 'NONE',  ( -0.4679842519685032400, 0.2544251968503936600, 0.2192125984251971100 ) ) ;
#5930 = DIRECTION ( 'NONE',  ( 0.0000000000000000000, 1.000000000000000000, 2.220446049250313100E-016 ) ) ;
#5931 = ORIENTED_EDGE ( 'NONE', *, *, #976, .F. ) ;
#5932 = EDGE_CURVE ( 'NONE', #2875, #3094, #1440, .T. ) ;
#5933 = AXIS2_PLACEMENT_3D ( 'NONE', #636, #6283, #3718 ) ;
#5934 = CARTESIAN_POINT ( 'NONE',  ( 0.3134960629921260100, 0.02700787401574807400, -0.1990000000000108300 ) ) ;
#5935 = VECTOR ( 'NONE', #3276, 39.37007874015748100 ) ;
#5936 = CARTESIAN_POINT ( 'NONE',  ( 0.3134960629921260700, 0.08999999999999538900, -0.1990000000000108300 ) ) ;
#5937 = CARTESIAN_POINT ( 'NONE',  ( 0.3315039370078740600, 0.02700787401574812300, -0.3800000000000132200 ) ) ;
#5938 = DIRECTION ( 'NONE',  ( -0.0000000000000000000, -0.0000000000000000000, -1.000000000000000000 ) ) ;
#5939 = DIRECTION ( 'NONE',  ( 0.0000000000000000000, 1.000000000000000000, 1.905486357431723600E-016 ) ) ;
#5940 = ORIENTED_EDGE ( 'NONE', *, *, #5622, .F. ) ;
#5941 = CARTESIAN_POINT ( 'NONE',  ( 0.5500000000000000400, 1.366340519544186900E-016, -0.01999999999999992400 ) ) ;
#5942 = PRESENTATION_STYLE_ASSIGNMENT (( #1466 ) ) ;
#5943 = DIRECTION ( 'NONE',  ( 0.0000000000000000000, 1.487922068800906600E-016, 1.000000000000000000 ) ) ;
#5944 = ORIENTED_EDGE ( 'NONE', *, *, #3456, .F. ) ;
#5945 = CARTESIAN_POINT ( 'NONE',  ( 0.4754960629921261000, 0.08999999999999412600, -0.3800000000000098300 ) ) ;
#5946 = DIRECTION ( 'NONE',  ( 0.0000000000000000000, 0.0000000000000000000, 1.000000000000000000 ) ) ;
#5947 = LINE ( 'NONE', #2848, #321 ) ;
#5948 = LINE ( 'NONE', #3147, #6185 ) ;
#5949 = ORIENTED_EDGE ( 'NONE', *, *, #4681, .F. ) ;
#5950 = FILL_AREA_STYLE_COLOUR ( '', #3150 ) ;
#5951 = VERTEX_POINT ( 'NONE', #5456 ) ;
#5952 = EDGE_CURVE ( 'NONE', #3918, #1789, #5225, .T. ) ;
#5953 = DIRECTION ( 'NONE',  ( 1.000000000000000000, 0.0000000000000000000, 0.0000000000000000000 ) ) ;
#5954 = VECTOR ( 'NONE', #6580, 39.37007874015748100 ) ;
#5955 = FACE_OUTER_BOUND ( 'NONE', #564, .T. ) ;
#5956 = VERTEX_POINT ( 'NONE', #5998 ) ;
#5957 = EDGE_LOOP ( 'NONE', ( #3955, #4028, #1500, #4435 ) ) ;
#5958 = PLANE ( 'NONE',  #5878 ) ;
#5959 = ORIENTED_EDGE ( 'NONE', *, *, #457, .T. ) ;
#5960 = DIRECTION ( 'NONE',  ( -0.0000000000000000000, 6.982962677686265900E-015, 1.000000000000000000 ) ) ;
#5961 = PRESENTATION_LAYER_ASSIGNMENT (  '', '', ( #6303 ) ) ;
#5962 = ORIENTED_EDGE ( 'NONE', *, *, #1172, .F. ) ;
#5963 = VECTOR ( 'NONE', #4034, 39.37007874015748100 ) ;
#5964 = CARTESIAN_POINT ( 'NONE',  ( -0.5499999999999998200, -0.1299999999999999500, -0.2999999999999999900 ) ) ;
#5965 = ORIENTED_EDGE ( 'NONE', *, *, #5079, .T. ) ;
#5966 = EDGE_CURVE ( 'NONE', #6041, #6280, #3529, .T. ) ;
#5967 = ORIENTED_EDGE ( 'NONE', *, *, #2348, .T. ) ;
#5968 = DIRECTION ( 'NONE',  ( 0.0000000000000000000, 0.0000000000000000000, 1.000000000000000000 ) ) ;
#5969 = DIRECTION ( 'NONE',  ( 0.0000000000000000000, 1.000000000000000000, 0.0000000000000000000 ) ) ;
#5970 = VERTEX_POINT ( 'NONE', #1866 ) ;
#5971 = EDGE_LOOP ( 'NONE', ( #2216, #2293, #5276 ) ) ;
#5972 = ORIENTED_EDGE ( 'NONE', *, *, #1352, .T. ) ;
#5973 = EDGE_LOOP ( 'NONE', ( #6655, #4250, #997, #4427, #197, #2586, #2640, #2878 ) ) ;
#5974 = ADVANCED_FACE ( 'NONE', ( #2148 ), #189, .F. ) ;
#5975 = EDGE_CURVE ( 'NONE', #3405, #3308, #5567, .T. ) ;
#5976 = CARTESIAN_POINT ( 'NONE',  ( -0.3419999999999992500, 0.2544251968503937200, -0.01078740157480294300 ) ) ;
#5977 = ORIENTED_EDGE ( 'NONE', *, *, #4730, .T. ) ;
#5978 = VECTOR ( 'NONE', #3879, 39.37007874015748100 ) ;
#5979 = DIRECTION ( 'NONE',  ( -1.017949417668884000E-016, 1.000000000000000000, 0.0000000000000000000 ) ) ;
#5980 =( BOUNDED_CURVE ( )  B_SPLINE_CURVE ( 3, ( #3119, #1548, #1033, #1592 ),
 .UNSPECIFIED., .F., .F. ) 
 B_SPLINE_CURVE_WITH_KNOTS ( ( 4, 4 ),
 ( 5.182699915743505400, 6.283185307179586200 ),
 .UNSPECIFIED. ) 
 CURVE ( )  GEOMETRIC_REPRESENTATION_ITEM ( )  RATIONAL_B_SPLINE_CURVE ( ( 1.000000000000000000, 0.9015984286673678300, 0.9015984286673678300, 1.000000000000000000 ) ) 
 REPRESENTATION_ITEM ( '' )  );
#5981 = ORIENTED_EDGE ( 'NONE', *, *, #1710, .F. ) ;
#5982 = FILL_AREA_STYLE ('',( #3348 ) ) ;
#5983 = VERTEX_POINT ( 'NONE', #5976 ) ;
#5984 = DIRECTION ( 'NONE',  ( -8.261637078323320300E-016, 1.000000000000000000, 2.275154907130890300E-031 ) ) ;
#5985 = CARTESIAN_POINT ( 'NONE',  ( 0.5720449671064660200, 0.005993953971255683300, -0.1795903263540090700 ) ) ;
#5986 = VECTOR ( 'NONE', #6760, 39.37007874015748100 ) ;
#5987 = SURFACE_STYLE_USAGE ( .BOTH. , #797 ) ;
#5988 = FILL_AREA_STYLE_COLOUR ( '', #315 ) ;
#5989 = LINE ( 'NONE', #1837, #438 ) ;
#5990 = MECHANICAL_DESIGN_GEOMETRIC_PRESENTATION_REPRESENTATION (  '', ( #474 ), #2493 ) ;
#5991 = ORIENTED_EDGE ( 'NONE', *, *, #12, .T. ) ;
#5992 = CLOSED_SHELL ( 'NONE', ( #3960, #3507, #1687, #1999, #1271, #4139 ) ) ;
#5993 = MANIFOLD_SOLID_BREP ( 'I6A4W010A033V-001-R-1-solid18', #1069 ) ;
#5994 = EDGE_CURVE ( 'NONE', #2478, #3405, #1510, .T. ) ;
#5995 = ORIENTED_EDGE ( 'NONE', *, *, #4046, .T. ) ;
#5996 = FACE_OUTER_BOUND ( 'NONE', #178, .T. ) ;
#5997 = VECTOR ( 'NONE', #944, 39.37007874015748100 ) ;
#5998 = CARTESIAN_POINT ( 'NONE',  ( 0.5095030865373668700, 1.373219761527496200E-016, -0.3309999999999999100 ) ) ;
#5999 = FILL_AREA_STYLE ('',( #32 ) ) ;
#6000 = VECTOR ( 'NONE', #5953, 39.37007874015748100 ) ;
#6001 =( LENGTH_UNIT ( ) NAMED_UNIT ( * ) SI_UNIT ( $, .METRE. ) );
#6002 = EDGE_CURVE ( 'NONE', #1994, #4786, #5475, .T. ) ;
#6003 = CARTESIAN_POINT ( 'NONE',  ( 0.5860000000000000800, -3.628235616585349700E-017, -0.1300000000000001200 ) ) ;
#6004 = ADVANCED_FACE ( 'NONE', ( #4104 ), #1431, .T. ) ;
#6005 = FACE_OUTER_BOUND ( 'NONE', #2360, .T. ) ;
#6006 = LINE ( 'NONE', #4919, #5850 ) ;
#6007 =( CONVERSION_BASED_UNIT ( 'INCH', #100 ) LENGTH_UNIT ( ) NAMED_UNIT ( #5588 ) );
#6008 = ORIENTED_EDGE ( 'NONE', *, *, #991, .T. ) ;
#6009 = AXIS2_PLACEMENT_3D ( 'NONE', #1901, #399, #5084 ) ;
#6010 = DIRECTION ( 'NONE',  ( 0.0000000000000000000, -2.220446049250313100E-016, 1.000000000000000000 ) ) ;
#6011 = EDGE_CURVE ( 'NONE', #6532, #2125, #6643, .T. ) ;
#6012 = EDGE_CURVE ( 'NONE', #1422, #4813, #5906, .T. ) ;
#6013 = PLANE ( 'NONE',  #1970 ) ;
#6014 = CONICAL_SURFACE ( 'NONE', #4226, 0.01999999999694968000, 0.5235987755586936100 ) ;
#6015 = EDGE_LOOP ( 'NONE', ( #5566, #4491, #692, #276, #6262 ) ) ;
#6016 = DIRECTION ( 'NONE',  ( -1.127570259384924600E-017, 1.000000000000000000, 2.775557561562891400E-017 ) ) ;
#6017 = CARTESIAN_POINT ( 'NONE',  ( -0.3419999999999992500, 0.2544251968503937800, 0.001787401574803257200 ) ) ;
#6018 = AXIS2_PLACEMENT_3D ( 'NONE', #1133, #4766, #1204 ) ;
#6019 = DIRECTION ( 'NONE',  ( 0.0000000000000000000, -6.982962677686265900E-015, -1.000000000000000000 ) ) ;
#6020 = EDGE_CURVE ( 'NONE', #637, #4602, #3116, .T. ) ;
#6021 = CARTESIAN_POINT ( 'NONE',  ( 0.5193318608793523500, 0.006419919741470021300, -0.3438398394829398400 ) ) ;
#6022 = SURFACE_SIDE_STYLE ('',( #55 ) ) ;
#6023 = CARTESIAN_POINT ( 'NONE',  ( -0.5500000000000000400, 0.08049654212842384500, -0.03499999999999998300 ) ) ;
#6024 = VECTOR ( 'NONE', #4817, 39.37007874015748100 ) ;
#6025 = DIRECTION ( 'NONE',  ( -1.000000000000000000, -1.060325360597061700E-016, 6.627033503731593500E-017 ) ) ;
#6026 = ORIENTED_EDGE ( 'NONE', *, *, #2584, .T. ) ;
#6027 = PLANE ( 'NONE',  #4020 ) ;
#6028 = CIRCLE ( 'NONE', #1586, 0.03099999999999988900 ) ;
#6029 = EDGE_CURVE ( 'NONE', #6498, #1153, #1588, .T. ) ;
#6030 = CYLINDRICAL_SURFACE ( 'NONE', #1808, 0.03500000000000000300 ) ;
#6031 = CARTESIAN_POINT ( 'NONE',  ( 0.4125039370078740200, 0.08999999999999626400, -0.07301574803150028000 ) ) ;
#6032 = CARTESIAN_POINT ( 'NONE',  ( 0.5500000000000000400, -0.1299999999999999500, 2.048885995248197400E-016 ) ) ;
#6033 =( NAMED_UNIT ( * ) SI_UNIT ( $, .STERADIAN. ) SOLID_ANGLE_UNIT ( ) );
#6034 = EDGE_LOOP ( 'NONE', ( #2685, #1707, #4208, #4778 ) ) ;
#6035 = DIRECTION ( 'NONE',  ( 1.000000000000000000, -3.903127820947802900E-018, -4.428646991611383300E-017 ) ) ;
#6036 = ORIENTED_EDGE ( 'NONE', *, *, #3390, .F. ) ;
#6037 = COLOUR_RGB ( '',1.000000000000000000, 0.8117647058823529400, 0.5019607843137254800 ) ;
#6038 = ADVANCED_FACE ( 'NONE', ( #352 ), #2418, .F. ) ;
#6039 = CARTESIAN_POINT ( 'NONE',  ( -0.3420157480314957600, 0.2544251968503935500, -0.2242125984252099900 ) ) ;
#6040 = PLANE ( 'NONE',  #6412 ) ;
#6041 = VERTEX_POINT ( 'NONE', #4985 ) ;
#6042 = CARTESIAN_POINT ( 'NONE',  ( -0.4679842519685034100, 0.1559999999999936400, -0.4500000000000011200 ) ) ;
#6043 = CARTESIAN_POINT ( 'NONE',  ( -0.5500000000000000400, 0.009374999999999951100, 0.03500000000000008000 ) ) ;
#6044 = ORIENTED_EDGE ( 'NONE', *, *, #727, .F. ) ;
#6045 = PLANE ( 'NONE',  #2540 ) ;
#6046 = DIRECTION ( 'NONE',  ( -1.000000000000000000, -0.0000000000000000000, 0.0000000000000000000 ) ) ;
#6047 = ORIENTED_EDGE ( 'NONE', *, *, #1002, .F. ) ;
#6048 = ORIENTED_EDGE ( 'NONE', *, *, #3065, .T. ) ;
#6049 = CARTESIAN_POINT ( 'NONE',  ( -0.5811999599358717000, 0.08999999999999998300, 0.2841392780744383400 ) ) ;
#6050 = LENGTH_MEASURE_WITH_UNIT ( LENGTH_MEASURE( 0.02539999999999999900 ), #4234 );
#6051 = EDGE_CURVE ( 'NONE', #3340, #5970, #2800, .T. ) ;
#6052 = ORIENTED_EDGE ( 'NONE', *, *, #2261, .T. ) ;
#6053 = ORIENTED_EDGE ( 'NONE', *, *, #1064, .T. ) ;
#6054 = DIRECTION ( 'NONE',  ( 1.000000000000000000, 0.0000000000000000000, 0.0000000000000000000 ) ) ;
#6055 = ORIENTED_EDGE ( 'NONE', *, *, #6725, .T. ) ;
#6056 = DIRECTION ( 'NONE',  ( 0.0000000000000000000, 0.0000000000000000000, 1.000000000000000000 ) ) ;
#6057 = CARTESIAN_POINT ( 'NONE',  ( -0.02630708661416861600, 0.4739999999999999800, -0.1911338582677201400 ) ) ;
#6058 = CARTESIAN_POINT ( 'NONE',  ( 0.3944960629921259700, 0.02700787401574811200, -0.1990000000000075600 ) ) ;
#6059 = AXIS2_PLACEMENT_3D ( 'NONE', #3472, #1327, #2930 ) ;
#6060 = UNCERTAINTY_MEASURE_WITH_UNIT (LENGTH_MEASURE( 1.000000000000000100E-005 ), #5103, 'distance_accuracy_value', 'NONE');
#6061 = COLOUR_RGB ( '',0.5882352941176470800, 0.2941176470588235400, 0.0000000000000000000 ) ;
#6062 = EDGE_CURVE ( 'NONE', #6201, #2886, #1419, .T. ) ;
#6063 = AXIS2_PLACEMENT_3D ( 'NONE', #3320, #1250, #234 ) ;
#6064 = CARTESIAN_POINT ( 'NONE',  ( 0.5500000000000000400, 0.009375000000000003100, -0.1149999999999999400 ) ) ;
#6065 = CARTESIAN_POINT ( 'NONE',  ( -0.3419999999999992500, 0.1559999999999936400, -0.4500000000000011200 ) ) ;
#6066 = DIRECTION ( 'NONE',  ( -1.604619215278546300E-017, -1.000000000000000000, -2.775557561562891400E-017 ) ) ;
#6067 = EDGE_LOOP ( 'NONE', ( #6504, #3902, #4917, #1762 ) ) ;
#6068 = LINE ( 'NONE', #1438, #600 ) ;
#6069 = DIRECTION ( 'NONE',  ( 0.0000000000000000000, 1.000000000000000000, 0.0000000000000000000 ) ) ;
#6070 = CARTESIAN_POINT ( 'NONE',  ( -0.5500000000000000400, 0.08049654212842384500, 0.2650000000000002900 ) ) ;
#6071 = FILL_AREA_STYLE ('',( #1806 ) ) ;
#6072 = CIRCLE ( 'NONE', #3565, 0.03500000000000003800 ) ;
#6073 = ORIENTED_EDGE ( 'NONE', *, *, #4290, .F. ) ;
#6074 = ADVANCED_FACE ( 'NONE', ( #575 ), #6618, .F. ) ;
#6075 = VECTOR ( 'NONE', #4580, 39.37007874015748100 ) ;
#6076 = CARTESIAN_POINT ( 'NONE',  ( 0.5500000000000000400, 0.7811982419601926100, -0.2999999999999998800 ) ) ;
#6077 = VECTOR ( 'NONE', #1410, 39.37007874015748100 ) ;
#6078 = EDGE_CURVE ( 'NONE', #4686, #2533, #5720, .T. ) ;
#6079 = FACE_OUTER_BOUND ( 'NONE', #194, .T. ) ;
#6080 = DIRECTION ( 'NONE',  ( -1.000000000000000000, 1.078520768856852200E-032, -5.551115123125782700E-017 ) ) ;
#6081 = CARTESIAN_POINT ( 'NONE',  ( 0.3315039370078740600, 0.02700787401574807400, -0.07301574803150363800 ) ) ;
#6082 = FILL_AREA_STYLE ('',( #286 ) ) ;
#6083 = ORIENTED_EDGE ( 'NONE', *, *, #3673, .F. ) ;
#6084 = PLANE ( 'NONE',  #3071 ) ;
#6085 = LENGTH_MEASURE_WITH_UNIT ( LENGTH_MEASURE( 0.02539999999999999900 ), #1371 );
#6086 = SURFACE_STYLE_FILL_AREA ( #120 ) ;
#6087 = CARTESIAN_POINT ( 'NONE',  ( 0.3315039370078740600, 0.02700787401574812300, -0.3800000000000132200 ) ) ;
#6088 = DIRECTION ( 'NONE',  ( -1.127570259384924600E-017, 1.000000000000000000, 2.775557561562891400E-017 ) ) ;
#6089 = ORIENTED_EDGE ( 'NONE', *, *, #4782, .F. ) ;
#6090 = EDGE_CURVE ( 'NONE', #5598, #2885, #5141, .T. ) ;
#6091 = DIRECTION ( 'NONE',  ( 1.000000000000000000, 1.364528207634579600E-030, 1.954082057455163800E-016 ) ) ;
#6092 = ORIENTED_EDGE ( 'NONE', *, *, #6634, .F. ) ;
#6093 = LENGTH_MEASURE_WITH_UNIT ( LENGTH_MEASURE( 0.02539999999999999900 ), #754 );
#6094 = DIRECTION ( 'NONE',  ( -0.0000000000000000000, 1.000000000000000000, 3.885780586188047400E-016 ) ) ;
#6095 = EDGE_LOOP ( 'NONE', ( #115, #1575, #3188, #5221, #1988 ) ) ;
#6096 = CARTESIAN_POINT ( 'NONE',  ( -0.5500000000000000400, -0.1300000000021914500, -0.01999999999918753900 ) ) ;
#6097 = EDGE_CURVE ( 'NONE', #4640, #3577, #2227, .T. ) ;
#6098 = DIRECTION ( 'NONE',  ( 0.0000000000000000000, -1.000000000000000000, -1.905486357431723600E-016 ) ) ;
#6099 = ADVANCED_FACE ( 'NONE', ( #3350 ), #5058, .T. ) ;
#6100 = ORIENTED_EDGE ( 'NONE', *, *, #2584, .F. ) ;
#6101 = CARTESIAN_POINT ( 'NONE',  ( -0.5140000000000000100, 0.08999999999999998300, 0.2841392780744382800 ) ) ;
#6102 = DIRECTION ( 'NONE',  ( -0.0000000000000000000, 6.982962677686265900E-015, 1.000000000000000000 ) ) ;
#6103 = AXIS2_PLACEMENT_3D ( 'NONE', #4199, #2602, #5772 ) ;
#6104 = DIRECTION ( 'NONE',  ( -5.994498454600499800E-017, 0.8479983040050894600, -0.5299989400031777100 ) ) ;
#6105 = VECTOR ( 'NONE', #4682, 39.37007874015748100 ) ;
#6106 = VECTOR ( 'NONE', #5939, 39.37007874015748100 ) ;
#6107 = VECTOR ( 'NONE', #4373, 39.37007874015748100 ) ;
#6108 = AXIS2_PLACEMENT_3D ( 'NONE', #583, #5287, #5817 ) ;
#6109 = EDGE_LOOP ( 'NONE', ( #6492, #1647, #2366, #184 ) ) ;
#6110 =( NAMED_UNIT ( * ) PLANE_ANGLE_UNIT ( ) SI_UNIT ( $, .RADIAN. ) );
#6111 = ORIENTED_EDGE ( 'NONE', *, *, #3527, .F. ) ;
#6112 = CARTESIAN_POINT ( 'NONE',  ( -0.6500000000000000200, 0.08999999999999479200, -0.2841392780744382800 ) ) ;
#6113 = PRESENTATION_STYLE_ASSIGNMENT (( #4471 ) ) ;
#6114 = FACE_OUTER_BOUND ( 'NONE', #2947, .T. ) ;
#6115 = ORIENTED_EDGE ( 'NONE', *, *, #3085, .F. ) ;
#6116 = ORIENTED_EDGE ( 'NONE', *, *, #5932, .F. ) ;
#6117 = ORIENTED_EDGE ( 'NONE', *, *, #851, .T. ) ;
#6118 = EDGE_CURVE ( 'NONE', #830, #2544, #6549, .T. ) ;
#6119 = DIRECTION ( 'NONE',  ( -6.311662036784699200E-031, 0.8660254037955857900, 0.4999999999806925000 ) ) ;
#6120 = DIRECTION ( 'NONE',  ( 6.123233995500248300E-017, 0.8660254037955862300, -0.4999999999806915600 ) ) ;
#6121 = PLANE ( 'NONE',  #832 ) ;
#6122 = LINE ( 'NONE', #2518, #2867 ) ;
#6123 = EDGE_LOOP ( 'NONE', ( #6142, #2080, #6670, #4264 ) ) ;
#6124 = CARTESIAN_POINT ( 'NONE',  ( -0.5500000000000000400, -0.1449999999978890400, 0.3000000000000003800 ) ) ;
#6125 = ORIENTED_EDGE ( 'NONE', *, *, #128, .T. ) ;
#6126 = CARTESIAN_POINT ( 'NONE',  ( 0.08850393700787395600, 0.02700787401574806700, -0.07301574803149810100 ) ) ;
#6127 = ORIENTED_EDGE ( 'NONE', *, *, #4486, .T. ) ;
#6128 = VERTEX_POINT ( 'NONE', #5606 ) ;
#6129 = ORIENTED_EDGE ( 'NONE', *, *, #5604, .T. ) ;
#6130 = ORIENTED_EDGE ( 'NONE', *, *, #1961, .T. ) ;
#6131 = VECTOR ( 'NONE', #4941, 39.37007874015748100 ) ;
#6132 = DIRECTION ( 'NONE',  ( 1.127570259384924600E-016, -1.000000000000000000, -2.220446049250313100E-016 ) ) ;
#6133 = ORIENTED_EDGE ( 'NONE', *, *, #2155, .F. ) ;
#6134 = AXIS2_PLACEMENT_3D ( 'NONE', #6295, #3219, #59 ) ;
#6135 = ADVANCED_FACE ( 'NONE', ( #3768 ), #1642, .F. ) ;
#6136 = ORIENTED_EDGE ( 'NONE', *, *, #4224, .T. ) ;
#6137 = CARTESIAN_POINT ( 'NONE',  ( 0.5810000000011867900, -0.1299999999999998100, -0.2999999999999998800 ) ) ;
#6138 = EDGE_CURVE ( 'NONE', #581, #167, #6202, .T. ) ;
#6139 =( BOUNDED_CURVE ( )  B_SPLINE_CURVE ( 3, ( #2381, #1830, #3377, #6558 ),
 .UNSPECIFIED., .F., .T. ) 
 B_SPLINE_CURVE_WITH_KNOTS ( ( 4, 4 ),
 ( 6.633915937661474900E-017, 1.100485391436093700 ),
 .UNSPECIFIED. ) 
 CURVE ( )  GEOMETRIC_REPRESENTATION_ITEM ( )  RATIONAL_B_SPLINE_CURVE ( ( 1.000000000000000000, 0.9015984286673655000, 0.9015984286673655000, 1.000000000000000000 ) ) 
 REPRESENTATION_ITEM ( '' )  );
#6140 = LINE ( 'NONE', #2938, #3367 ) ;
#6141 = ADVANCED_FACE ( 'NONE', ( #919 ), #4803, .F. ) ;
#6142 = ORIENTED_EDGE ( 'NONE', *, *, #2340, .T. ) ;
#6143 = VECTOR ( 'NONE', #6132, 39.37007874015748100 ) ;
#6144 = EDGE_CURVE ( 'NONE', #2193, #3763, #5217, .T. ) ;
#6145 = CARTESIAN_POINT ( 'NONE',  ( -0.4679999999999997500, 0.2544251968503935500, -0.3392125984252100100 ) ) ;
#6146 = ADVANCED_FACE ( 'NONE', ( #6281 ), #6340, .F. ) ;
#6147 = LINE ( 'NONE', #6096, #2648 ) ;
#6148 = LINE ( 'NONE', #4062, #5748 ) ;
#6149 = DIRECTION ( 'NONE',  ( 1.000000000000000000, 0.0000000000000000000, -6.808368128483062900E-017 ) ) ;
#6150 = STYLED_ITEM ( 'NONE', ( #3576 ), #3062 ) ;
#6151 = PRESENTATION_STYLE_ASSIGNMENT (( #4360 ) ) ;
#6152 = CARTESIAN_POINT ( 'NONE',  ( 0.3134960629921259600, 0.02700787401574809800, -0.2540157480314970700 ) ) ;
#6153 = ORIENTED_EDGE ( 'NONE', *, *, #3428, .T. ) ;
#6154 = DIRECTION ( 'NONE',  ( 0.0000000000000000000, -2.775557561562874400E-017, 1.000000000000000000 ) ) ;
#6155 = DIRECTION ( 'NONE',  ( 1.604619215278546300E-017, 1.000000000000000000, 2.775557561562891400E-017 ) ) ;
#6156 = LINE ( 'NONE', #3967, #4626 ) ;
#6157 = ORIENTED_EDGE ( 'NONE', *, *, #6144, .F. ) ;
#6158 = ADVANCED_FACE ( 'NONE', ( #183 ), #4307, .F. ) ;
#6159 = DIRECTION ( 'NONE',  ( -0.0000000000000000000, -1.000000000000000000, -0.0000000000000000000 ) ) ;
#6160 = CARTESIAN_POINT ( 'NONE',  ( 0.5364675199559610900, 0.08049654212842374800, -0.1149999999999999100 ) ) ;
#6161 = DIRECTION ( 'NONE',  ( 0.0000000000000000000, 1.000000000000000000, 2.220446049250313100E-016 ) ) ;
#6162 = ORIENTED_EDGE ( 'NONE', *, *, #4003, .F. ) ;
#6163 = AXIS2_PLACEMENT_3D ( 'NONE', #4126, #5679, #4664 ) ;
#6164 = CARTESIAN_POINT ( 'NONE',  ( 0.5500000000000021500, -5.122214988120493500E-017, 0.2999999999999846700 ) ) ;
#6165 = DIRECTION ( 'NONE',  ( 1.000000000000000000, -0.0000000000000000000, 6.866538283325406900E-015 ) ) ;
#6166 = ADVANCED_FACE ( 'NONE', ( #17 ), #599, .F. ) ;
#6167 = CARTESIAN_POINT ( 'NONE',  ( -0.4130000000000000900, 0.08999999999999876200, 0.2855039370078653000 ) ) ;
#6168 = FACE_OUTER_BOUND ( 'NONE', #1568, .T. ) ;
#6169 = EDGE_CURVE ( 'NONE', #3993, #5956, #3845, .T. ) ;
#6170 =( CONVERSION_BASED_UNIT ( 'INCH', #2514 ) LENGTH_UNIT ( ) NAMED_UNIT ( #1605 ) );
#6171 = CARTESIAN_POINT ( 'NONE',  ( -0.5212771867673097200, 1.187118234337860900E-016, -0.2800000000000000800 ) ) ;
#6172 = CARTESIAN_POINT ( 'NONE',  ( -0.5499999999999998200, 0.08049654212842387300, -0.2649999999999999600 ) ) ;
#6173 = LINE ( 'NONE', #3230, #3087 ) ;
#6174 = AXIS2_PLACEMENT_3D ( 'NONE', #267, #5015, #2865 ) ;
#6175 = ORIENTED_EDGE ( 'NONE', *, *, #1439, .F. ) ;
#6176 = ADVANCED_FACE ( 'NONE', ( #834 ), #2705, .F. ) ;
#6177 = FACE_OUTER_BOUND ( 'NONE', #660, .T. ) ;
#6178 = DIRECTION ( 'NONE',  ( 5.551115123125788900E-017, 0.0000000000000000000, -1.000000000000000000 ) ) ;
#6179 = PLANE ( 'NONE',  #5538 ) ;
#6180 = VERTEX_POINT ( 'NONE', #109 ) ;
#6181 = EDGE_CURVE ( 'NONE', #4414, #4613, #6632, .T. ) ;
#6182 = AXIS2_PLACEMENT_3D ( 'NONE', #5825, #6335, #3212 ) ;
#6183 = LENGTH_MEASURE_WITH_UNIT ( LENGTH_MEASURE( 0.02539999999999999900 ), #4550 );
#6184 = PRESENTATION_STYLE_ASSIGNMENT (( #4010 ) ) ;
#6185 = VECTOR ( 'NONE', #4227, 39.37007874015748100 ) ;
#6186 = VERTEX_POINT ( 'NONE', #2247 ) ;
#6187 = CARTESIAN_POINT ( 'NONE',  ( -0.3420157480314957600, 0.2544251968503935500, -0.2407874015748163500 ) ) ;
#6188 = CARTESIAN_POINT ( 'NONE',  ( -0.6500000000000000200, 0.1559999999999960300, -0.1092125984251966600 ) ) ;
#6189 = EDGE_LOOP ( 'NONE', ( #1318, #3397, #4606, #2957 ) ) ;
#6190 = DIMENSIONAL_EXPONENTS ( 1.000000000000000000, 0.0000000000000000000, 0.0000000000000000000, 0.0000000000000000000, 0.0000000000000000000, 0.0000000000000000000, 0.0000000000000000000 ) ;
#6191 = AXIS2_PLACEMENT_3D ( 'NONE', #3481, #6568, #334 ) ;
#6192 = DIRECTION ( 'NONE',  ( -1.000000000000000000, -3.611517186439268300E-017, 0.0000000000000000000 ) ) ;
#6193 = ORIENTED_EDGE ( 'NONE', *, *, #507, .T. ) ;
#6194 = DIRECTION ( 'NONE',  ( -1.000000000000000000, -1.364528207634579600E-030, -1.954082057455163300E-016 ) ) ;
#6195 = ORIENTED_EDGE ( 'NONE', *, *, #1711, .F. ) ;
#6196 = ADVANCED_FACE ( 'NONE', ( #1170 ), #4784, .F. ) ;
#6197 = EDGE_CURVE ( 'NONE', #1671, #5355, #1009, .T. ) ;
#6198 = EDGE_LOOP ( 'NONE', ( #1166, #6456, #6193, #4802, #3530 ) ) ;
#6199 = CARTESIAN_POINT ( 'NONE',  ( -0.5139999999999999000, 0.09000000000000012200, -0.2841392780744382800 ) ) ;
#6200 = DIRECTION ( 'NONE',  ( 0.0000000000000000000, 0.0000000000000000000, 1.000000000000000000 ) ) ;
#6201 = VERTEX_POINT ( 'NONE', #662 ) ;
#6202 = LINE ( 'NONE', #2674, #3679 ) ;
#6203 = ORIENTED_EDGE ( 'NONE', *, *, #3164, .F. ) ;
#6204 = ORIENTED_EDGE ( 'NONE', *, *, #1555, .F. ) ;
#6205 = CARTESIAN_POINT ( 'NONE',  ( 0.3315039370078740600, 0.02700787401574811200, -0.1990000000000075600 ) ) ;
#6206 = CARTESIAN_POINT ( 'NONE',  ( -0.5613397459636734200, -0.1449999999978890100, 0.3000000000000003800 ) ) ;
#6207 = ORIENTED_EDGE ( 'NONE', *, *, #5731, .T. ) ;
#6208 = SURFACE_STYLE_FILL_AREA ( #6360 ) ;
#6209 = EDGE_CURVE ( 'NONE', #1322, #1260, #3214, .T. ) ;
#6210 = ADVANCED_FACE ( 'NONE', ( #2468 ), #3700, .F. ) ;
#6211 = LINE ( 'NONE', #3435, #1757 ) ;
#6212 = DIRECTION ( 'NONE',  ( -1.000000000000000000, -8.537024980563744200E-016, 0.0000000000000000000 ) ) ;
#6213 = DIRECTION ( 'NONE',  ( 1.000000000000000000, 0.0000000000000000000, 6.982962677686265900E-015 ) ) ;
#6214 = ORIENTED_EDGE ( 'NONE', *, *, #2214, .T. ) ;
#6215 = EDGE_LOOP ( 'NONE', ( #663, #4238, #5757, #6207, #3032, #5067, #1461, #3917 ) ) ;
#6216 = AXIS2_PLACEMENT_3D ( 'NONE', #607, #5715, #3645 ) ;
#6217 = CARTESIAN_POINT ( 'NONE',  ( 0.4125039370078740800, 0.02700787401574802200, -0.07301574803150034900 ) ) ;
#6218 = EDGE_CURVE ( 'NONE', #5820, #2869, #4814, .T. ) ;
#6219 = EDGE_CURVE ( 'NONE', #4097, #5647, #3603, .T. ) ;
#6220 = CARTESIAN_POINT ( 'NONE',  ( 0.5635324800440388900, 0.08049654212842373400, -0.1149999999999999200 ) ) ;
#6221 = DIRECTION ( 'NONE',  ( -2.775557561562890700E-017, -6.018531076210116300E-034, 1.000000000000000000 ) ) ;
#6222 = PLANE ( 'NONE',  #4420 ) ;
#6223 = AXIS2_PLACEMENT_3D ( 'NONE', #72, #2696, #3716 ) ;
#6224 = ADVANCED_FACE ( 'NONE', ( #3107 ), #4759, .F. ) ;
#6225 = CIRCLE ( 'NONE', #4816, 0.01999999999999990700 ) ;
#6226 = AXIS2_PLACEMENT_3D ( 'NONE', #5262, #2163, #4747 ) ;
#6227 = CARTESIAN_POINT ( 'NONE',  ( 0.5500000000000000400, 0.08049654212842391500, 0.03500000000000020500 ) ) ;
#6228 = CARTESIAN_POINT ( 'NONE',  ( 0.5603070866141746100, 0.4739999999999999800, 0.2813070866141726400 ) ) ;
#6229 = DIRECTION ( 'NONE',  ( 1.000000000000000000, 0.0000000000000000000, 0.0000000000000000000 ) ) ;
#6230 = LINE ( 'NONE', #6017, #2090 ) ;
#6231 = LINE ( 'NONE', #2899, #5753 ) ;
#6232 = CARTESIAN_POINT ( 'NONE',  ( -0.05785826771653453800, 0.1953700787401574400, 0.1806220472440921400 ) ) ;
#6233 = ADVANCED_FACE ( 'NONE', ( #4901 ), #2659, .F. ) ;
#6234 = ORIENTED_EDGE ( 'NONE', *, *, #5408, .F. ) ;
#6235 = ORIENTED_EDGE ( 'NONE', *, *, #291, .F. ) ;
#6236 = EDGE_CURVE ( 'NONE', #904, #5598, #3332, .T. ) ;
#6237 = FACE_OUTER_BOUND ( 'NONE', #3692, .T. ) ;
#6238 = LINE ( 'NONE', #3443, #3559 ) ;
#6239 = ADVANCED_FACE ( 'NONE', ( #2065 ), #6373, .F. ) ;
#6240 = ORIENTED_EDGE ( 'NONE', *, *, #5975, .F. ) ;
#6241 = PLANE ( 'NONE',  #1482 ) ;
#6242 = CARTESIAN_POINT ( 'NONE',  ( 0.2505039370078740400, 0.02700787401574812300, -0.3800000000000012300 ) ) ;
#6243 = CARTESIAN_POINT ( 'NONE',  ( 0.5138199173461148700, 0.08368936704111791500, 0.3408938891720992800 ) ) ;
#6244 = SURFACE_STYLE_FILL_AREA ( #6407 ) ;
#6245 = ORIENTED_EDGE ( 'NONE', *, *, #2702, .F. ) ;
#6246 = CARTESIAN_POINT ( 'NONE',  ( -0.09537007874015754300, 0.08999999999999362700, -0.4500000000000007300 ) ) ;
#6247 = LENGTH_MEASURE_WITH_UNIT ( LENGTH_MEASURE( 0.02539999999999999900 ), #6001 );
#6248 = VECTOR ( 'NONE', #2497, 39.37007874015748100 ) ;
#6249 =( BOUNDED_CURVE ( )  B_SPLINE_CURVE ( 3, ( #4876, #5985, #1854, #2929 ),
 .UNSPECIFIED., .F., .F. ) 
 B_SPLINE_CURVE_WITH_KNOTS ( ( 4, 4 ),
 ( 2.179041905705107100, 3.141592653589793100 ),
 .UNSPECIFIED. ) 
 CURVE ( )  GEOMETRIC_REPRESENTATION_ITEM ( )  RATIONAL_B_SPLINE_CURVE ( ( 1.000000000000000000, 0.9242701736186124100, 0.9242701736186124100, 1.000000000000000000 ) ) 
 REPRESENTATION_ITEM ( '' )  );
#6250 = MECHANICAL_DESIGN_GEOMETRIC_PRESENTATION_REPRESENTATION (  '', ( #2785 ), #3239 ) ;
#6251 = ORIENTED_EDGE ( 'NONE', *, *, #370, .T. ) ;
#6252 = CARTESIAN_POINT ( 'NONE',  ( -0.01662992125984251400, 0.04078740157480230400, 0.3426062992125839000 ) ) ;
#6253 = AXIS2_PLACEMENT_3D ( 'NONE', #2560, #3083, #4155 ) ;
#6254 = DIRECTION ( 'NONE',  ( -1.034689081976639900E-014, 0.0000000000000000000, 1.000000000000000000 ) ) ;
#6255 = EDGE_CURVE ( 'NONE', #2596, #4990, #3519, .T. ) ;
#6256 = DIRECTION ( 'NONE',  ( -6.938893903907228400E-018, -1.000000000000000000, -2.220446049250313100E-016 ) ) ;
#6257 = MANIFOLD_SOLID_BREP ( 'I6A4W010A033V-001-R-1-solid29', #6415 ) ;
#6258 = LINE ( 'NONE', #992, #5703 ) ;
#6259 = VECTOR ( 'NONE', #3327, 39.37007874015748100 ) ;
#6260 = VECTOR ( 'NONE', #2226, 39.37007874015748100 ) ;
#6261 = CARTESIAN_POINT ( 'NONE',  ( -0.5212771867673097200, -5.503440037320368500E-017, 0.01999999999999999000 ) ) ;
#6262 = ORIENTED_EDGE ( 'NONE', *, *, #1104, .F. ) ;
#6263 = EDGE_LOOP ( 'NONE', ( #5466, #3608, #2715, #5981 ) ) ;
#6264 = CARTESIAN_POINT ( 'NONE',  ( -0.01662992125984251400, 0.04078740157480196400, 0.2933937007873870800 ) ) ;
#6265 = COLOUR_RGB ( '',0.2509803921568627400, 0.2509803921568627400, 0.2509803921568627400 ) ;
#6266 = UNCERTAINTY_MEASURE_WITH_UNIT (LENGTH_MEASURE( 1.000000000000000100E-005 ), #4009, 'distance_accuracy_value', 'NONE');
#6267 = LINE ( 'NONE', #4297, #248 ) ;
#6268 = DIRECTION ( 'NONE',  ( 0.0000000000000000000, 0.0000000000000000000, -1.000000000000000000 ) ) ;
#6269 = EDGE_CURVE ( 'NONE', #1140, #139, #1744, .T. ) ;
#6270 = VERTEX_POINT ( 'NONE', #5283 ) ;
#6271 = VERTEX_POINT ( 'NONE', #3795 ) ;
#6272 = CARTESIAN_POINT ( 'NONE',  ( 0.5500000000000000400, -0.1450000000001269400, 1.365923996832131600E-016 ) ) ;
#6273 = EDGE_LOOP ( 'NONE', ( #4920, #734, #2881, #867 ) ) ;
#6274 = CARTESIAN_POINT ( 'NONE',  ( -0.02630708661416793200, 0.1559999999999936400, -0.4500000000000011200 ) ) ;
#6275 = ORIENTED_EDGE ( 'NONE', *, *, #121, .T. ) ;
#6276 = ORIENTED_EDGE ( 'NONE', *, *, #379, .T. ) ;
#6277 = ADVANCED_FACE ( 'NONE', ( #4168 ), #4333, .F. ) ;
#6278 = CARTESIAN_POINT ( 'NONE',  ( 0.1514960629921259500, 0.02700787401574805700, -0.07301574803149817100 ) ) ;
#6279 = CARTESIAN_POINT ( 'NONE',  ( 0.5500000000000000400, 1.369951672159031700E-016, -0.2999999999999999900 ) ) ;
#6280 = VERTEX_POINT ( 'NONE', #2188 ) ;
#6281 = FACE_OUTER_BOUND ( 'NONE', #3869, .T. ) ;
#6282 = DIRECTION ( 'NONE',  ( -8.998862438468697500E-017, 1.000000000000000000, 1.817932429810993000E-016 ) ) ;
#6283 = DIRECTION ( 'NONE',  ( -4.734729598023121000E-017, 0.8956625937653934800, -0.4447342106578354200 ) ) ;
#6284 = ORIENTED_EDGE ( 'NONE', *, *, #5476, .T. ) ;
#6285 = VERTEX_POINT ( 'NONE', #1720 ) ;
#6286 = ORIENTED_EDGE ( 'NONE', *, *, #3968, .T. ) ;
#6287 = DIRECTION ( 'NONE',  ( -8.261637078323320300E-016, 1.000000000000000000, 2.275154907130890300E-031 ) ) ;
#6288 = ORIENTED_EDGE ( 'NONE', *, *, #2464, .T. ) ;
#6289 = DIRECTION ( 'NONE',  ( -0.0000000000000000000, -1.000000000000000000, 0.0000000000000000000 ) ) ;
#6290 = EDGE_LOOP ( 'NONE', ( #4080, #978, #3319 ) ) ;
#6291 = LINE ( 'NONE', #6424, #3278 ) ;
#6292 = CARTESIAN_POINT ( 'NONE',  ( -0.6500000000000000200, 0.1559999999999950000, -0.2530708661417410700 ) ) ;
#6293 = DIRECTION ( 'NONE',  ( 0.0000000000000000000, 0.0000000000000000000, -1.000000000000000000 ) ) ;
#6294 = EDGE_LOOP ( 'NONE', ( #6245, #1403, #3705, #3267 ) ) ;
#6295 = CARTESIAN_POINT ( 'NONE',  ( -0.5500000000000000400, -1.707404996040164500E-017, 0.3000000000000003200 ) ) ;
#6296 = PLANE ( 'NONE',  #3962 ) ;
#6297 = ORIENTED_EDGE ( 'NONE', *, *, #1574, .T. ) ;
#6298 = EDGE_LOOP ( 'NONE', ( #3030, #1982, #4582, #2961 ) ) ;
#6299 = SURFACE_STYLE_USAGE ( .BOTH. , #1189 ) ;
#6300 = VECTOR ( 'NONE', #143, 39.37007874015748100 ) ;
#6301 = EDGE_LOOP ( 'NONE', ( #374, #667, #3814, #1596 ) ) ;
#6302 = LINE ( 'NONE', #4581, #5663 ) ;
#6303 = STYLED_ITEM ( 'NONE', ( #6113 ), #3847 ) ;
#6304 = DIRECTION ( 'NONE',  ( 0.0000000000000000000, 0.0000000000000000000, -1.000000000000000000 ) ) ;
#6305 = CARTESIAN_POINT ( 'NONE',  ( 0.5904969134626333300, 1.236360925208982700E-016, -0.2690000000000001300 ) ) ;
#6306 = CARTESIAN_POINT ( 'NONE',  ( -0.6500000000000000200, 0.08999999999999991300, 0.4499999999999991800 ) ) ;
#6307 = EDGE_CURVE ( 'NONE', #1150, #729, #2058, .T. ) ;
#6308 = ORIENTED_EDGE ( 'NONE', *, *, #4474, .T. ) ;
#6309 = ORIENTED_EDGE ( 'NONE', *, *, #5255, .T. ) ;
#6310 =( NAMED_UNIT ( * ) SI_UNIT ( $, .STERADIAN. ) SOLID_ANGLE_UNIT ( ) );
#6311 = PLANE ( 'NONE',  #6223 ) ;
#6312 = DIRECTION ( 'NONE',  ( -0.0000000000000000000, -1.000000000000000000, 0.0000000000000000000 ) ) ;
#6313 = AXIS2_PLACEMENT_3D ( 'NONE', #5031, #369, #1935 ) ;
#6314 = CARTESIAN_POINT ( 'NONE',  ( 0.5500000000000021500, -0.1299999999999999500, 0.3310000000008273000 ) ) ;
#6315 = DIRECTION ( 'NONE',  ( 0.0000000000000000000, 6.982962677686265900E-015, 1.000000000000000000 ) ) ;
#6316 = EDGE_CURVE ( 'NONE', #4704, #1077, #6625, .T. ) ;
#6317 = EDGE_CURVE ( 'NONE', #5631, #6537, #3938, .T. ) ;
#6318 = CARTESIAN_POINT ( 'NONE',  ( -0.4679842519685029600, 0.2544251968503936600, 0.3342125984251971300 ) ) ;
#6319 = DIRECTION ( 'NONE',  ( -1.000000000000000000, -1.017949417668884000E-016, 6.808368128483062900E-017 ) ) ;
#6320 = CIRCLE ( 'NONE', #6216, 0.01133974596105147500 ) ;
#6321 = LINE ( 'NONE', #1619, #4301 ) ;
#6322 = ORIENTED_EDGE ( 'NONE', *, *, #4652, .F. ) ;
#6323 = ORIENTED_EDGE ( 'NONE', *, *, #2395, .T. ) ;
#6324 = DIRECTION ( 'NONE',  ( -0.0000000000000000000, 6.982962677686265900E-015, 1.000000000000000000 ) ) ;
#6325 = AXIS2_PLACEMENT_3D ( 'NONE', #4483, #1425, #3501 ) ;
#6326 = CIRCLE ( 'NONE', #5837, 0.01133974596298104900 ) ;
#6327 = DIRECTION ( 'NONE',  ( 0.0000000000000000000, -1.000000000000000000, 0.0000000000000000000 ) ) ;
#6328 = CIRCLE ( 'NONE', #4531, 0.01133974596298118400 ) ;
#6329 = DIRECTION ( 'NONE',  ( 0.0000000000000000000, -1.942890293094024200E-016, 1.000000000000000000 ) ) ;
#6330 = CARTESIAN_POINT ( 'NONE',  ( 0.5500000000000000400, 0.01000000000000017500, -0.2489999999999998600 ) ) ;
#6331 = ORIENTED_EDGE ( 'NONE', *, *, #6344, .T. ) ;
#6332 = CARTESIAN_POINT ( 'NONE',  ( -0.6500000000000000200, 0.1559999999999960300, -0.1080708661417415400 ) ) ;
#6333 = DIRECTION ( 'NONE',  ( 0.0000000000000000000, 1.000000000000000000, 0.0000000000000000000 ) ) ;
#6334 = LENGTH_MEASURE_WITH_UNIT ( LENGTH_MEASURE( 0.02539999999999999900 ), #1775 );
#6335 = DIRECTION ( 'NONE',  ( -6.784821636478712200E-017, 0.8956625937653934800, -0.4447342106578352500 ) ) ;
#6336 = EDGE_CURVE ( 'NONE', #3341, #912, #4655, .T. ) ;
#6337 = PLANE ( 'NONE',  #3703 ) ;
#6338 = ORIENTED_EDGE ( 'NONE', *, *, #1002, .T. ) ;
#6339 = FILL_AREA_STYLE_COLOUR ( '', #901 ) ;
#6340 = PLANE ( 'NONE',  #3004 ) ;
#6341 = DIRECTION ( 'NONE',  ( 1.000000000000000000, 0.0000000000000000000, -0.0000000000000000000 ) ) ;
#6342 = VECTOR ( 'NONE', #3713, 39.37007874015748100 ) ;
#6343 = SURFACE_STYLE_FILL_AREA ( #1902 ) ;
#6344 = EDGE_CURVE ( 'NONE', #5282, #4804, #2378, .T. ) ;
#6345 = ORIENTED_EDGE ( 'NONE', *, *, #4634, .F. ) ;
#6346 = UNCERTAINTY_MEASURE_WITH_UNIT (LENGTH_MEASURE( 1.000000000000000100E-005 ), #6007, 'distance_accuracy_value', 'NONE');
#6347 = CIRCLE ( 'NONE', #3865, 0.05100000000000001800 ) ;
#6348 = ORIENTED_EDGE ( 'NONE', *, *, #2084, .F. ) ;
#6349 = CARTESIAN_POINT ( 'NONE',  ( 0.5095030865373687500, 2.827884352710575400E-017, 0.3309999999999844200 ) ) ;
#6350 = CARTESIAN_POINT ( 'NONE',  ( -0.5500000000000000400, -5.394409372124896300E-017, -6.829619984160658000E-017 ) ) ;
#6351 = PLANE ( 'NONE',  #4326 ) ;
#6352 = SURFACE_STYLE_FILL_AREA ( #498 ) ;
#6353 = VECTOR ( 'NONE', #3872, 39.37007874015748100 ) ;
#6354 = SURFACE_STYLE_USAGE ( .BOTH. , #4792 ) ;
#6355 = ORIENTED_EDGE ( 'NONE', *, *, #6357, .T. ) ;
#6356 = SURFACE_STYLE_USAGE ( .BOTH. , #4961 ) ;
#6357 = EDGE_CURVE ( 'NONE', #6532, #5396, #2510, .T. ) ;
#6358 = VERTEX_POINT ( 'NONE', #6421 ) ;
#6359 = EDGE_CURVE ( 'NONE', #3185, #21, #263, .T. ) ;
#6360 = FILL_AREA_STYLE ('',( #101 ) ) ;
#6361 = CARTESIAN_POINT ( 'NONE',  ( -0.3419999999999991400, 0.2544251968503937800, 0.001787401574803257200 ) ) ;
#6362 = EDGE_LOOP ( 'NONE', ( #6348, #5145, #2543, #1578 ) ) ;
#6363 = CARTESIAN_POINT ( 'NONE',  ( 0.3315039370078740100, 0.08999999999999538900, -0.1990000000000075600 ) ) ;
#6364 = VECTOR ( 'NONE', #2388, 39.37007874015748100 ) ;
#6365 = CARTESIAN_POINT ( 'NONE',  ( 0.5500000000000021500, 0.7811982419601925000, 0.3309999999999845300 ) ) ;
#6366 = ORIENTED_EDGE ( 'NONE', *, *, #5583, .F. ) ;
#6367 = CARTESIAN_POINT ( 'NONE',  ( -0.6500000000000000200, 0.1559999999999959500, 0.4499999999999989600 ) ) ;
#6368 = VERTEX_POINT ( 'NONE', #4933 ) ;
#6369 = CARTESIAN_POINT ( 'NONE',  ( 0.4125039370078740800, 0.02700787401574807400, -0.1990000000000042800 ) ) ;
#6370 = EDGE_CURVE ( 'NONE', #5458, #3763, #3932, .T. ) ;
#6371 = AXIS2_PLACEMENT_3D ( 'NONE', #2199, #3719, #5845 ) ;
#6372 = EDGE_LOOP ( 'NONE', ( #1433, #4001, #3416, #4587 ) ) ;
#6373 = PLANE ( 'NONE',  #3571 ) ;
#6374 = EDGE_LOOP ( 'NONE', ( #921, #6251, #2898, #1631, #5059 ) ) ;
#6375 = CLOSED_SHELL ( 'NONE', ( #5203, #2836, #4575, #4033, #1030, #985, #5180, #1473, #5, #2534, #2061, #1638, #4189, #968 ) ) ;
#6376 = ORIENTED_EDGE ( 'NONE', *, *, #4176, .F. ) ;
#6377 = PLANE ( 'NONE',  #606 ) ;
#6378 = ORIENTED_EDGE ( 'NONE', *, *, #299, .T. ) ;
#6379 = SURFACE_STYLE_FILL_AREA ( #2165 ) ;
#6380 = DIRECTION ( 'NONE',  ( -1.000000000000000000, -1.505681874721021400E-015, 0.0000000000000000000 ) ) ;
#6381 = VERTEX_POINT ( 'NONE', #222 ) ;
#6382 = EDGE_CURVE ( 'NONE', #2625, #1246, #422, .T. ) ;
#6383 = ORIENTED_EDGE ( 'NONE', *, *, #3943, .T. ) ;
#6384 = DIRECTION ( 'NONE',  ( 0.0000000000000000000, 2.765994050435929900E-017, 1.000000000000000000 ) ) ;
#6385 = CARTESIAN_POINT ( 'NONE',  ( -0.5500000000000000400, -0.1300000000044293800, 0.3000000000000003800 ) ) ;
#6386 = VERTEX_POINT ( 'NONE', #2325 ) ;
#6387 = VECTOR ( 'NONE', #5092, 39.37007874015748100 ) ;
#6388 = VECTOR ( 'NONE', #6094, 39.37007874015748100 ) ;
#6389 = DIRECTION ( 'NONE',  ( 0.0000000000000000000, -1.905486357431723600E-016, 1.000000000000000000 ) ) ;
#6390 = DIRECTION ( 'NONE',  ( -0.0000000000000000000, -1.000000000000000000, -0.0000000000000000000 ) ) ;
#6391 = DIRECTION ( 'NONE',  ( 1.000000000000000000, -1.078520768856852200E-032, 5.551115123125782700E-017 ) ) ;
#6392 = CARTESIAN_POINT ( 'NONE',  ( 0.5952071620431901300, 0.08999999999999451500, -0.3236074670390690100 ) ) ;
#6393 = CARTESIAN_POINT ( 'NONE',  ( 0.5249324658624632300, 0.08401010114738498300, -0.1779239457886191100 ) ) ;
#6394 = VECTOR ( 'NONE', #2846, 39.37007874015748100 ) ;
#6395 = AXIS2_PLACEMENT_3D ( 'NONE', #4534, #3951, #2986 ) ;
#6396 = DIRECTION ( 'NONE',  ( 6.982962677686265900E-015, 0.0000000000000000000, -1.000000000000000000 ) ) ;
#6397 = CARTESIAN_POINT ( 'NONE',  ( -0.5499999999999998200, 1.228926345138046200E-016, -0.3200000000000002300 ) ) ;
#6398 = CARTESIAN_POINT ( 'NONE',  ( -0.05785826771653453800, 0.1953700787401574400, 0.1806220472440921400 ) ) ;
#6399 = EDGE_CURVE ( 'NONE', #2976, #2869, #2217, .T. ) ;
#6400 =( BOUNDED_CURVE ( )  B_SPLINE_CURVE ( 3, ( #6576, #2374, #824, #6043 ),
 .UNSPECIFIED., .F., .F. ) 
 B_SPLINE_CURVE_WITH_KNOTS ( ( 4, 4 ),
 ( 2.179041905705100900, 3.141592653589793100 ),
 .UNSPECIFIED. ) 
 CURVE ( )  GEOMETRIC_REPRESENTATION_ITEM ( )  RATIONAL_B_SPLINE_CURVE ( ( 1.000000000000000000, 0.9242701736186114100, 0.9242701736186114100, 1.000000000000000000 ) ) 
 REPRESENTATION_ITEM ( '' )  );
#6401 = CARTESIAN_POINT ( 'NONE',  ( 0.5500000000000000400, 1.707404996040164500E-017, -0.1499999999999999100 ) ) ;
#6402 = VECTOR ( 'NONE', #3269, 39.37007874015748100 ) ;
#6403 = CIRCLE ( 'NONE', #2887, 0.03500000000000000300 ) ;
#6404 = CARTESIAN_POINT ( 'NONE',  ( 0.5212771867673100500, 1.739476653254607500E-017, -0.1699999999999999000 ) ) ;
#6405 = CARTESIAN_POINT ( 'NONE',  ( 0.5500000000000000400, 0.08000000000000014000, -0.2489999999999998600 ) ) ;
#6406 = CARTESIAN_POINT ( 'NONE',  ( -0.5212771867673098300, 1.253635388800586400E-016, -0.3200000000000002300 ) ) ;
#6407 = FILL_AREA_STYLE ('',( #5950 ) ) ;
#6408 =( GEOMETRIC_REPRESENTATION_CONTEXT ( 3 ) GLOBAL_UNCERTAINTY_ASSIGNED_CONTEXT ( ( #4138 ) ) GLOBAL_UNIT_ASSIGNED_CONTEXT ( ( #5873, #1206, #5913 ) ) REPRESENTATION_CONTEXT ( 'NONE', 'WORKASPACE' ) );
#6409 = CARTESIAN_POINT ( 'NONE',  ( -0.5750675341375368600, 0.08401010114738483000, 0.3279239457886195500 ) ) ;
#6410 = LINE ( 'NONE', #6065, #4457 ) ;
#6411 = EDGE_CURVE ( 'NONE', #1220, #5281, #1903, .T. ) ;
#6412 = AXIS2_PLACEMENT_3D ( 'NONE', #6575, #1365, #4513 ) ;
#6413 = SURFACE_STYLE_FILL_AREA ( #1453 ) ;
#6414 = DIRECTION ( 'NONE',  ( 1.000000000000000000, 4.240720192543166200E-017, -2.105696230455102600E-017 ) ) ;
#6415 = CLOSED_SHELL ( 'NONE', ( #6772, #2386, #3582, #2526, #2487, #3650, #3442, #3136, #5775, #4201, #3992, #5035, #1032, #6158 ) ) ;
#6416 = CARTESIAN_POINT ( 'NONE',  ( -0.05785826771653467000, 0.1559999999999989700, 0.1806220472440921400 ) ) ;
#6417 = ORIENTED_EDGE ( 'NONE', *, *, #4552, .T. ) ;
#6418 = CARTESIAN_POINT ( 'NONE',  ( 0.5811999599358713700, 0.08999999999999851200, 0.01586072192556194400 ) ) ;
#6419 = CARTESIAN_POINT ( 'NONE',  ( -0.6500000000000000200, 0.1559999999999939800, -0.4000000000000009700 ) ) ;
#6420 = COLOUR_RGB ( '',0.5882352941176470800, 0.2941176470588235400, 0.0000000000000000000 ) ;
#6421 = CARTESIAN_POINT ( 'NONE',  ( -0.4130000000000000900, 0.02700787401574796700, 0.3484960629921173300 ) ) ;
#6422 = ORIENTED_EDGE ( 'NONE', *, *, #1794, .F. ) ;
#6423 = LINE ( 'NONE', #1056, #3005 ) ;
#6424 = CARTESIAN_POINT ( 'NONE',  ( -0.6500000000000000200, 0.08999999999999869200, 0.2763925329609275800 ) ) ;
#6425 = SURFACE_STYLE_USAGE ( .BOTH. , #2794 ) ;
#6426 = COLOUR_RGB ( '',0.5882352941176470800, 0.2941176470588235400, 0.0000000000000000000 ) ;
#6427 = EDGE_CURVE ( 'NONE', #262, #5983, #2710, .T. ) ;
#6428 = VECTOR ( 'NONE', #6091, 39.37007874015748100 ) ;
#6429 = DIRECTION ( 'NONE',  ( 1.000000000000000000, 0.0000000000000000000, 0.0000000000000000000 ) ) ;
#6430 = ORIENTED_EDGE ( 'NONE', *, *, #5662, .T. ) ;
#6431 = CARTESIAN_POINT ( 'NONE',  ( -0.5212771867673097200, -1.480184211551335700E-017, 0.3200000000000001200 ) ) ;
#6432 =( CONVERSION_BASED_UNIT ( 'INCH', #3096 ) LENGTH_UNIT ( ) NAMED_UNIT ( #3810 ) );
#6433 = CARTESIAN_POINT ( 'NONE',  ( 0.5188000400641285000, 0.08999999999999792900, -0.1341392780744382300 ) ) ;
#6434 = LINE ( 'NONE', #936, #2362 ) ;
#6435 = LINE ( 'NONE', #3894, #4709 ) ;
#6436 = PLANE ( 'NONE',  #674 ) ;
#6437 = ORIENTED_EDGE ( 'NONE', *, *, #2224, .T. ) ;
#6438 = VERTEX_POINT ( 'NONE', #6462 ) ;
#6439 = VERTEX_POINT ( 'NONE', #3867 ) ;
#6440 =( LENGTH_UNIT ( ) NAMED_UNIT ( * ) SI_UNIT ( $, .METRE. ) );
#6441 = EDGE_CURVE ( 'NONE', #2387, #1175, #5893, .T. ) ;
#6442 = LINE ( 'NONE', #2787, #6353 ) ;
#6443 = ORIENTED_EDGE ( 'NONE', *, *, #4939, .T. ) ;
#6444 = CARTESIAN_POINT ( 'NONE',  ( -0.5500000000000000400, -0.1450000000001269400, 0.01133974596298111800 ) ) ;
#6445 = EDGE_LOOP ( 'NONE', ( #5561, #1504, #576, #1894 ) ) ;
#6446 = DIRECTION ( 'NONE',  ( -5.551115123125788900E-017, 0.0000000000000000000, 1.000000000000000000 ) ) ;
#6447 = EDGE_LOOP ( 'NONE', ( #644, #5429, #1421, #4508 ) ) ;
#6448 = AXIS2_PLACEMENT_3D ( 'NONE', #2675, #3809, #690 ) ;
#6449 = DIRECTION ( 'NONE',  ( -0.0000000000000000000, -1.000000000000000000, -0.0000000000000000000 ) ) ;
#6450 = LINE ( 'NONE', #2911, #5286 ) ;
#6451 = EDGE_CURVE ( 'NONE', #6438, #2070, #4425, .T. ) ;
#6452 = DIRECTION ( 'NONE',  ( 6.123233995683902500E-017, 0.8660254037869308300, -0.4999999999956834000 ) ) ;
#6453 = ORIENTED_EDGE ( 'NONE', *, *, #5233, .T. ) ;
#6454 = DIRECTION ( 'NONE',  ( -0.0000000000000000000, 1.000000000000000000, 2.220446049250313100E-016 ) ) ;
#6455 = ORIENTED_EDGE ( 'NONE', *, *, #633, .T. ) ;
#6456 = ORIENTED_EDGE ( 'NONE', *, *, #4496, .T. ) ;
#6457 = VERTEX_POINT ( 'NONE', #694 ) ;
#6458 = DIRECTION ( 'NONE',  ( 1.000000000000000000, 1.540743955509788400E-032, -1.110223024625156500E-016 ) ) ;
#6459 = ORIENTED_EDGE ( 'NONE', *, *, #3047, .T. ) ;
#6460 = ORIENTED_EDGE ( 'NONE', *, *, #4011, .T. ) ;
#6461 = ORIENTED_EDGE ( 'NONE', *, *, #1725, .T. ) ;
#6462 = CARTESIAN_POINT ( 'NONE',  ( 0.4125039370078741900, 0.02700787401574881300, -0.2540157480315059500 ) ) ;
#6463 = LINE ( 'NONE', #4925, #4914 ) ;
#6464 = EDGE_LOOP ( 'NONE', ( #3039, #566, #1838, #3471 ) ) ;
#6465 = DIRECTION ( 'NONE',  ( 0.0000000000000000000, 0.0000000000000000000, -1.000000000000000000 ) ) ;
#6466 = CARTESIAN_POINT ( 'NONE',  ( -0.5499999999999999300, -0.1299999999999999500, -0.2800000000000000800 ) ) ;
#6467 = CARTESIAN_POINT ( 'NONE',  ( -0.1929291338582590800, 0.1993070866141732300, -0.3869291338582765400 ) ) ;
#6468 = DIRECTION ( 'NONE',  ( 2.543303155352535000E-032, 1.000000000000000000, 2.079730490656586000E-016 ) ) ;
#6469 = ORIENTED_EDGE ( 'NONE', *, *, #4400, .F. ) ;
#6470 = ORIENTED_EDGE ( 'NONE', *, *, #158, .F. ) ;
#6471 = EDGE_CURVE ( 'NONE', #1900, #1169, #90, .T. ) ;
#6472 = CARTESIAN_POINT ( 'NONE',  ( 0.5500000000000021500, -0.1449999999978890100, 0.2999999999999847200 ) ) ;
#6473 = CARTESIAN_POINT ( 'NONE',  ( -0.6500000000000000200, 0.08999999999999626400, -0.07301574803151011900 ) ) ;
#6474 =( BOUNDED_CURVE ( )  B_SPLINE_CURVE ( 3, ( #2509, #3596, #3534, #6649 ),
 .UNSPECIFIED., .F., .F. ) 
 B_SPLINE_CURVE_WITH_KNOTS ( ( 4, 4 ),
 ( 3.141592653589793100, 4.104143401474487100 ),
 .UNSPECIFIED. ) 
 CURVE ( )  GEOMETRIC_REPRESENTATION_ITEM ( )  RATIONAL_B_SPLINE_CURVE ( ( 1.000000000000000000, 0.9242701736186110800, 0.9242701736186110800, 1.000000000000000000 ) ) 
 REPRESENTATION_ITEM ( '' )  );
#6475 = VERTEX_POINT ( 'NONE', #4858 ) ;
#6476 = LINE ( 'NONE', #2823, #3290 ) ;
#6477 = CARTESIAN_POINT ( 'NONE',  ( 0.5500000000000000400, -0.1300000000066672500, -0.2999999999999998800 ) ) ;
#6478 = CARTESIAN_POINT ( 'NONE',  ( -0.6500000000000000200, 0.1559999999999943900, -0.3392125984252100100 ) ) ;
#6479 = MANIFOLD_SOLID_BREP ( 'I6A4W010A033V-001-R-1-solid1', #2113 ) ;
#6480 = DIRECTION ( 'NONE',  ( -2.168404344971011000E-017, 1.000000000000000000, 0.0000000000000000000 ) ) ;
#6481 = DIRECTION ( 'NONE',  ( 6.938893903907228400E-018, 1.000000000000000000, 2.220446049250313100E-016 ) ) ;
#6482 = LINE ( 'NONE', #5122, #4039 ) ;
#6483 = VECTOR ( 'NONE', #4021, 39.37007874015748100 ) ;
#6484 = ADVANCED_FACE ( 'NONE', ( #1335 ), #1240, .F. ) ;
#6485 = DIRECTION ( 'NONE',  ( -1.127570259384924600E-016, 1.000000000000000000, 2.220446049250313100E-016 ) ) ;
#6486 = MANIFOLD_SOLID_BREP ( 'I6A4W010A033V-001-R-1-solid11', #5992 ) ;
#6487 = AXIS2_PLACEMENT_3D ( 'NONE', #4190, #4700, #3113 ) ;
#6488 = DIRECTION ( 'NONE',  ( 0.0000000000000000000, 0.0000000000000000000, 1.000000000000000000 ) ) ;
#6489 = CIRCLE ( 'NONE', #6499, 0.03500000000000000300 ) ;
#6490 = CARTESIAN_POINT ( 'NONE',  ( -0.4679999999999999200, 0.2544251968503935500, -0.1257874015748162700 ) ) ;
#6491 = EDGE_CURVE ( 'NONE', #1485, #6285, #4012, .T. ) ;
#6492 = ORIENTED_EDGE ( 'NONE', *, *, #1000, .T. ) ;
#6493 = CARTESIAN_POINT ( 'NONE',  ( 0.5304984987125785900, 0.08000000000000014000, -0.2489999999999998600 ) ) ;
#6494 = FACE_OUTER_BOUND ( 'NONE', #1503, .T. ) ;
#6495 = CARTESIAN_POINT ( 'NONE',  ( 0.3134960629921259600, 0.02700787401574809800, -0.2540157480314970700 ) ) ;
#6496 = CARTESIAN_POINT ( 'NONE',  ( 0.5212771867673100500, 1.739476653254607500E-017, -0.1699999999999999000 ) ) ;
#6497 = CARTESIAN_POINT ( 'NONE',  ( -0.2870157480314961000, 0.02700787401574797000, 0.3484960629921173300 ) ) ;
#6498 = VERTEX_POINT ( 'NONE', #3408 ) ;
#6499 = AXIS2_PLACEMENT_3D ( 'NONE', #3901, #193, #1777 ) ;
#6500 = FACE_OUTER_BOUND ( 'NONE', #329, .T. ) ;
#6501 = CARTESIAN_POINT ( 'NONE',  ( 0.5500000000000000400, 0.08049654212842391500, 0.03500000000000020500 ) ) ;
#6502 = CARTESIAN_POINT ( 'NONE',  ( 0.5500000000000000400, 0.08049654212842391500, 0.03500000000000020500 ) ) ;
#6503 = CARTESIAN_POINT ( 'NONE',  ( -0.5212771867673097200, 1.187118234337860900E-016, -0.2800000000000000800 ) ) ;
#6504 = ORIENTED_EDGE ( 'NONE', *, *, #4708, .T. ) ;
#6505 = DIRECTION ( 'NONE',  ( -8.998862438468697500E-017, 1.000000000000000000, 1.817932429810993000E-016 ) ) ;
#6506 = CYLINDRICAL_SURFACE ( 'NONE', #5585, 0.03500000000000003800 ) ;
#6507 = AXIS2_PLACEMENT_3D ( 'NONE', #6278, #3208, #97 ) ;
#6508 = CARTESIAN_POINT ( 'NONE',  ( 0.5500000000000021500, 0.08999999999999999700, 0.2999999999999846700 ) ) ;
#6509 = ORIENTED_EDGE ( 'NONE', *, *, #598, .T. ) ;
#6510 = DIRECTION ( 'NONE',  ( 0.0000000000000000000, -1.000000000000000000, -1.942890293094024200E-016 ) ) ;
#6511 = DIRECTION ( 'NONE',  ( -1.000000000000000000, -0.0000000000000000000, -0.0000000000000000000 ) ) ;
#6512 = CARTESIAN_POINT ( 'NONE',  ( 0.3315039370078740600, 0.02700787401574807400, -0.07301574803150363800 ) ) ;
#6513 = FACE_OUTER_BOUND ( 'NONE', #2215, .T. ) ;
#6514 = LINE ( 'NONE', #6768, #1559 ) ;
#6515 = EDGE_LOOP ( 'NONE', ( #924, #757, #2051 ) ) ;
#6516 = VECTOR ( 'NONE', #4026, 39.37007874015748100 ) ;
#6517 = ADVANCED_FACE ( 'NONE', ( #5714 ), #6027, .F. ) ;
#6518 = ORIENTED_EDGE ( 'NONE', *, *, #1817, .F. ) ;
#6519 =( NAMED_UNIT ( * ) SI_UNIT ( $, .STERADIAN. ) SOLID_ANGLE_UNIT ( ) );
#6520 = DIRECTION ( 'NONE',  ( -0.0000000000000000000, -1.000000000000000000, -1.387778780781445400E-016 ) ) ;
#6521 = VECTOR ( 'NONE', #4886, 39.37007874015748100 ) ;
#6522 = DIRECTION ( 'NONE',  ( 1.000000000000000000, 0.0000000000000000000, 0.0000000000000000000 ) ) ;
#6523 = FACE_OUTER_BOUND ( 'NONE', #837, .T. ) ;
#6524 = LINE ( 'NONE', #2592, #83 ) ;
#6525 = CLOSED_SHELL ( 'NONE', ( #6196, #1625, #6141, #2456, #6074, #6665 ) ) ;
#6526 = CARTESIAN_POINT ( 'NONE',  ( -0.01662992125984251400, 0.04078740157480196400, 0.2933937007873870800 ) ) ;
#6527 = ORIENTED_EDGE ( 'NONE', *, *, #906, .F. ) ;
#6528 = DIRECTION ( 'NONE',  ( -1.000000000000000000, -2.168404344971011000E-017, 0.0000000000000000000 ) ) ;
#6529 = ORIENTED_EDGE ( 'NONE', *, *, #1904, .T. ) ;
#6530 = AXIS2_PLACEMENT_3D ( 'NONE', #2591, #1050, #5178 ) ;
#6531 = CARTESIAN_POINT ( 'NONE',  ( -0.5499999999999998200, 0.08049654212842398400, -0.3350000000000000200 ) ) ;
#6532 = VERTEX_POINT ( 'NONE', #6049 ) ;
#6533 = EDGE_CURVE ( 'NONE', #1558, #645, #2370, .T. ) ;
#6534 = ORIENTED_EDGE ( 'NONE', *, *, #3635, .F. ) ;
#6535 = CARTESIAN_POINT ( 'NONE',  ( -0.3420157480314957600, 0.2544251968503935500, -0.3392125984252100100 ) ) ;
#6536 = DIRECTION ( 'NONE',  ( 0.0000000000000000000, 0.0000000000000000000, 1.000000000000000000 ) ) ;
#6537 = VERTEX_POINT ( 'NONE', #6531 ) ;
#6538 = COLOUR_RGB ( '',0.0000000000000000000, 0.5019607843137254800, 0.0000000000000000000 ) ;
#6539 = DIRECTION ( 'NONE',  ( 1.000000000000000000, 0.0000000000000000000, -0.0000000000000000000 ) ) ;
#6540 = ORIENTED_EDGE ( 'NONE', *, *, #4872, .T. ) ;
#6541 = ORIENTED_EDGE ( 'NONE', *, *, #4954, .T. ) ;
#6542 = AXIS2_PLACEMENT_3D ( 'NONE', #5768, #6282, #3631 ) ;
#6543 = ORIENTED_EDGE ( 'NONE', *, *, #4325, .T. ) ;
#6544 = ORIENTED_EDGE ( 'NONE', *, *, #3653, .T. ) ;
#6545 = EDGE_CURVE ( 'NONE', #4735, #3373, #488, .T. ) ;
#6546 = EDGE_CURVE ( 'NONE', #4974, #253, #1521, .T. ) ;
#6547 = FILL_AREA_STYLE ('',( #364 ) ) ;
#6548 = ORIENTED_EDGE ( 'NONE', *, *, #5024, .T. ) ;
#6549 = CIRCLE ( 'NONE', #2527, 0.01999999999999992400 ) ;
#6550 = CARTESIAN_POINT ( 'NONE',  ( -0.5500000000000000400, 0.7811982419601923900, 0.2800000000000004200 ) ) ;
#6551 = CARTESIAN_POINT ( 'NONE',  ( -0.1929291338582590800, 0.1559999999999955600, -0.3869291338582761000 ) ) ;
#6552 = VERTEX_POINT ( 'NONE', #2410 ) ;
#6553 = ORIENTED_EDGE ( 'NONE', *, *, #6682, .T. ) ;
#6554 = AXIS2_PLACEMENT_3D ( 'NONE', #273, #6485, #715 ) ;
#6555 = CARTESIAN_POINT ( 'NONE',  ( -0.6500000000000000200, 0.08999999999999583300, -0.1341392780744381500 ) ) ;
#6556 = ORIENTED_EDGE ( 'NONE', *, *, #5349, .T. ) ;
#6557 = VECTOR ( 'NONE', #4115, 39.37007874015748100 ) ;
#6558 = CARTESIAN_POINT ( 'NONE',  ( -0.5188000400641281700, 0.09000000000000012200, -0.3158607219255620300 ) ) ;
#6559 =( NAMED_UNIT ( * ) PLANE_ANGLE_UNIT ( ) SI_UNIT ( $, .RADIAN. ) );
#6560 = VECTOR ( 'NONE', #2548, 39.37007874015748100 ) ;
#6561 = PRESENTATION_LAYER_ASSIGNMENT (  '', '', ( #474 ) ) ;
#6562 = ADVANCED_FACE ( 'NONE', ( #4724 ), #1917, .F. ) ;
#6563 = ORIENTED_EDGE ( 'NONE', *, *, #3148, .F. ) ;
#6564 = CARTESIAN_POINT ( 'NONE',  ( -0.6500000000000000200, 0.08999999999999991300, 0.4499999999999991800 ) ) ;
#6565 = ORIENTED_EDGE ( 'NONE', *, *, #361, .T. ) ;
#6566 = COLOUR_RGB ( '',0.5882352941176470800, 0.2941176470588235400, 0.0000000000000000000 ) ;
#6567 = ORIENTED_EDGE ( 'NONE', *, *, #5622, .T. ) ;
#6568 = DIRECTION ( 'NONE',  ( -4.510281037539699100E-017, 1.000000000000000000, 5.551115123125782700E-017 ) ) ;
#6569 = CARTESIAN_POINT ( 'NONE',  ( 0.1695039370078740000, 0.02700787401574806700, -0.07301574803151018900 ) ) ;
#6570 = EDGE_CURVE ( 'NONE', #3891, #5450, #6706, .T. ) ;
#6571 = UNCERTAINTY_MEASURE_WITH_UNIT (LENGTH_MEASURE( 1.000000000000000100E-005 ), #4412, 'distance_accuracy_value', 'NONE');
#6572 = CIRCLE ( 'NONE', #4657, 0.03500000000000003800 ) ;
#6573 = LINE ( 'NONE', #6126, #5158 ) ;
#6574 = DIRECTION ( 'NONE',  ( -8.998862438468697500E-017, 1.000000000000000000, 1.817932429810993000E-016 ) ) ;
#6575 = CARTESIAN_POINT ( 'NONE',  ( -0.6500000000000000200, 0.1559999999999959500, 0.4499999999999989600 ) ) ;
#6576 = CARTESIAN_POINT ( 'NONE',  ( -0.5787228132326903700, -6.303040764195585100E-017, 0.01999999999999999000 ) ) ;
#6577 = LINE ( 'NONE', #2508, #47 ) ;
#6578 = CARTESIAN_POINT ( 'NONE',  ( -0.5999999999999999800, 0.08999999999999362700, -0.4500000000000007300 ) ) ;
#6579 = ORIENTED_EDGE ( 'NONE', *, *, #5233, .F. ) ;
#6580 = DIRECTION ( 'NONE',  ( 1.000000000000000000, 0.0000000000000000000, 0.0000000000000000000 ) ) ;
#6581 = CARTESIAN_POINT ( 'NONE',  ( -0.05907086614172500600, 0.1993070866141732300, -0.2530708661417404000 ) ) ;
#6582 = EDGE_CURVE ( 'NONE', #5359, #6128, #1980, .T. ) ;
#6583 = CARTESIAN_POINT ( 'NONE',  ( -0.3420157480314957600, 0.2544251968503935500, -0.3392125984252100100 ) ) ;
#6584 = SURFACE_STYLE_FILL_AREA ( #3575 ) ;
#6585 = VECTOR ( 'NONE', #4955, 39.37007874015748100 ) ;
#6586 = DIRECTION ( 'NONE',  ( -4.428646991611383300E-017, -0.0000000000000000000, -1.000000000000000000 ) ) ;
#6587 = EDGE_LOOP ( 'NONE', ( #6345, #2375, #4739, #1470 ) ) ;
#6588 = AXIS2_PLACEMENT_3D ( 'NONE', #5314, #3292, #2254 ) ;
#6589 = CARTESIAN_POINT ( 'NONE',  ( -0.5787228132326900400, -4.823730724796561500E-017, -0.02000000000000005900 ) ) ;
#6590 = EDGE_CURVE ( 'NONE', #1068, #1649, #6450, .T. ) ;
#6591 = LINE ( 'NONE', #2576, #1464 ) ;
#6592 = EDGE_CURVE ( 'NONE', #3040, #6498, #3255, .T. ) ;
#6593 = DIRECTION ( 'NONE',  ( 0.0000000000000000000, 0.0000000000000000000, -1.000000000000000000 ) ) ;
#6594 = FACE_OUTER_BOUND ( 'NONE', #4576, .T. ) ;
#6595 = ORIENTED_EDGE ( 'NONE', *, *, #1673, .T. ) ;
#6596 = ADVANCED_FACE ( 'NONE', ( #2209 ), #5474, .F. ) ;
#6597 = DIRECTION ( 'NONE',  ( 0.0000000000000000000, 0.4447342106578351400, 0.8956625937653934800 ) ) ;
#6598 = PRESENTATION_LAYER_ASSIGNMENT (  '', '', ( #3090 ) ) ;
#6599 = COLOUR_RGB ( '',0.5882352941176470800, 0.2941176470588235400, 0.0000000000000000000 ) ;
#6600 = DIRECTION ( 'NONE',  ( 0.0000000000000000000, 1.000000000000000000, 1.387778780781445400E-016 ) ) ;
#6601 = AXIS2_PLACEMENT_3D ( 'NONE', #2009, #4659, #2587 ) ;
#6602 = AXIS2_PLACEMENT_3D ( 'NONE', #4390, #5412, #1930 ) ;
#6603 = DIRECTION ( 'NONE',  ( -1.000000000000000000, -0.0000000000000000000, -0.0000000000000000000 ) ) ;
#6604 = DIRECTION ( 'NONE',  ( 0.0000000000000000000, 0.0000000000000000000, 1.000000000000000000 ) ) ;
#6605 = LINE ( 'NONE', #3295, #4235 ) ;
#6606 = VECTOR ( 'NONE', #800, 39.37007874015748100 ) ;
#6607 = CARTESIAN_POINT ( 'NONE',  ( 0.4754960629921260500, 0.02700787401574881000, -0.3800000000000098300 ) ) ;
#6608 = ORIENTED_EDGE ( 'NONE', *, *, #6471, .F. ) ;
#6609 = FACE_OUTER_BOUND ( 'NONE', #4267, .T. ) ;
#6610 = EDGE_CURVE ( 'NONE', #4181, #6628, #2298, .T. ) ;
#6611 = FACE_OUTER_BOUND ( 'NONE', #988, .T. ) ;
#6612 =( LENGTH_UNIT ( ) NAMED_UNIT ( * ) SI_UNIT ( $, .METRE. ) );
#6613 = CARTESIAN_POINT ( 'NONE',  ( -0.4679842519685032400, 0.2544251968503937800, 0.001787401574803257200 ) ) ;
#6614 = VERTEX_POINT ( 'NONE', #833 ) ;
#6615 = CARTESIAN_POINT ( 'NONE',  ( 0.5500000000000021500, -0.1300000000021914500, 0.3309999999995620300 ) ) ;
#6616 = ORIENTED_EDGE ( 'NONE', *, *, #3618, .F. ) ;
#6617 = FACE_OUTER_BOUND ( 'NONE', #3205, .T. ) ;
#6618 = PLANE ( 'NONE',  #2651 ) ;
#6619 = ORIENTED_EDGE ( 'NONE', *, *, #3477, .T. ) ;
#6620 = CARTESIAN_POINT ( 'NONE',  ( 0.5500000000000000400, -0.1299999999999998100, -0.3309999999999996800 ) ) ;
#6621 = ORIENTED_EDGE ( 'NONE', *, *, #5671, .F. ) ;
#6622 = CARTESIAN_POINT ( 'NONE',  ( -0.5499999999999998200, 0.009375000000000036100, -0.3350000000000000200 ) ) ;
#6623 = CARTESIAN_POINT ( 'NONE',  ( -0.4679842519685032400, 0.2544251968503937800, 0.001787401574803257200 ) ) ;
#6624 = ORIENTED_EDGE ( 'NONE', *, *, #495, .T. ) ;
#6625 = CIRCLE ( 'NONE', #6730, 0.01999999999999992400 ) ;
#6626 = DIRECTION ( 'NONE',  ( 2.168404344971011000E-017, -1.000000000000000000, 0.0000000000000000000 ) ) ;
#6627 =( NAMED_UNIT ( * ) PLANE_ANGLE_UNIT ( ) SI_UNIT ( $, .RADIAN. ) );
#6628 = VERTEX_POINT ( 'NONE', #3546 ) ;
#6629 = AXIS2_PLACEMENT_3D ( 'NONE', #4589, #3051, #6686 ) ;
#6630 = ADVANCED_FACE ( 'NONE', ( #3753 ), #3587, .F. ) ;
#6631 = FILL_AREA_STYLE ('',( #2955 ) ) ;
#6632 = LINE ( 'NONE', #6318, #341 ) ;
#6633 = AXIS2_PLACEMENT_3D ( 'NONE', #3583, #4653, #1552 ) ;
#6634 = EDGE_CURVE ( 'NONE', #3828, #5904, #569, .T. ) ;
#6635 = ORIENTED_EDGE ( 'NONE', *, *, #5340, .F. ) ;
#6636 = ORIENTED_EDGE ( 'NONE', *, *, #6427, .T. ) ;
#6637 = ORIENTED_EDGE ( 'NONE', *, *, #464, .F. ) ;
#6638 = ORIENTED_EDGE ( 'NONE', *, *, #4798, .F. ) ;
#6639 = CARTESIAN_POINT ( 'NONE',  ( 0.5500000000000000400, 0.009375000000000155800, 0.03500000000000020500 ) ) ;
#6640 = DIRECTION ( 'NONE',  ( -1.000000000000000000, -0.0000000000000000000, -0.0000000000000000000 ) ) ;
#6641 = CARTESIAN_POINT ( 'NONE',  ( -0.5499999999999998200, 0.009375000000000036100, -0.3350000000000000200 ) ) ;
#6642 = ORIENTED_EDGE ( 'NONE', *, *, #6743, .F. ) ;
#6643 = LINE ( 'NONE', #6101, #4511 ) ;
#6644 = VERTEX_POINT ( 'NONE', #6137 ) ;
#6645 = VERTEX_POINT ( 'NONE', #1553 ) ;
#6646 = EDGE_CURVE ( 'NONE', #3308, #5909, #301, .T. ) ;
#6647 = DIRECTION ( 'NONE',  ( 0.0000000000000000000, -1.817932429810995400E-016, 1.000000000000000000 ) ) ;
#6648 = AXIS2_PLACEMENT_3D ( 'NONE', #2245, #3304, #5930 ) ;
#6649 = CARTESIAN_POINT ( 'NONE',  ( -0.5212771867673097200, -1.480184211551335700E-017, 0.3200000000000001200 ) ) ;
#6650 = FACE_OUTER_BOUND ( 'NONE', #2458, .T. ) ;
#6651 = DIRECTION ( 'NONE',  ( 0.0000000000000000000, -0.0000000000000000000, -1.000000000000000000 ) ) ;
#6652 =( NAMED_UNIT ( * ) SI_UNIT ( $, .STERADIAN. ) SOLID_ANGLE_UNIT ( ) );
#6653 = CARTESIAN_POINT ( 'NONE',  ( -0.5699999999969497200, -0.1300000000044293500, 0.3000000000000003800 ) ) ;
#6654 = DIRECTION ( 'NONE',  ( -1.000000000000000000, 0.0000000000000000000, 0.0000000000000000000 ) ) ;
#6655 = ORIENTED_EDGE ( 'NONE', *, *, #5369, .T. ) ;
#6656 = LINE ( 'NONE', #2270, #938 ) ;
#6657 = AXIS2_PLACEMENT_3D ( 'NONE', #6693, #6069, #925 ) ;
#6658 = CARTESIAN_POINT ( 'NONE',  ( 0.3944960629921259700, 0.08999999999999538900, -0.1990000000000075600 ) ) ;
#6659 = DIRECTION ( 'NONE',  ( 0.0000000000000000000, 1.000000000000000000, 3.885780586188047400E-016 ) ) ;
#6660 = DIRECTION ( 'NONE',  ( 1.127570259384924600E-016, -1.000000000000000000, -2.220446049250313100E-016 ) ) ;
#6661 = FACE_OUTER_BOUND ( 'NONE', #1598, .T. ) ;
#6662 = DIRECTION ( 'NONE',  ( 0.0000000000000000000, 1.000000000000000000, -0.0000000000000000000 ) ) ;
#6663 = LINE ( 'NONE', #1869, #4448 ) ;
#6664 = DIRECTION ( 'NONE',  ( 1.000000000000000000, -0.0000000000000000000, 0.0000000000000000000 ) ) ;
#6665 = ADVANCED_FACE ( 'NONE', ( #3920 ), #3611, .F. ) ;
#6666 = LINE ( 'NONE', #5838, #5840 ) ;
#6667 = CARTESIAN_POINT ( 'NONE',  ( 0.4125039370078740800, 0.02700787401574802200, -0.07301574803150034900 ) ) ;
#6668 = VECTOR ( 'NONE', #2265, 39.37007874015748100 ) ;
#6669 = CARTESIAN_POINT ( 'NONE',  ( -0.5300000000004930800, -0.1300000000000000900, 0.3000000000000003800 ) ) ;
#6670 = ORIENTED_EDGE ( 'NONE', *, *, #5613, .T. ) ;
#6671 = CARTESIAN_POINT ( 'NONE',  ( -0.6500000000000000200, 0.08999999999999991300, 0.4499999999999991800 ) ) ;
#6672 = ORIENTED_EDGE ( 'NONE', *, *, #6681, .F. ) ;
#6673 = CIRCLE ( 'NONE', #2568, 0.01133974596367343400 ) ;
#6674 = CARTESIAN_POINT ( 'NONE',  ( 0.5859999999999999700, 1.301896309480625500E-016, 0.02000000000000005900 ) ) ;
#6675 = EDGE_CURVE ( 'NONE', #2885, #713, #5859, .T. ) ;
#6676 = VERTEX_POINT ( 'NONE', #481 ) ;
#6677 = CARTESIAN_POINT ( 'NONE',  ( -0.5499999999999998200, 0.009375000000000122800, -0.2650000000000000100 ) ) ;
#6678 = AXIS2_PLACEMENT_3D ( 'NONE', #3561, #6088, #2451 ) ;
#6679 = ADVANCED_FACE ( 'NONE', ( #647 ), #1986, .F. ) ;
#6680 = DIRECTION ( 'NONE',  ( 0.0000000000000000000, -1.000000000000000000, 6.982962677686265900E-015 ) ) ;
#6681 = EDGE_CURVE ( 'NONE', #6368, #1485, #4085, .T. ) ;
#6682 = EDGE_CURVE ( 'NONE', #6271, #2698, #4583, .T. ) ;
#6683 = AXIS2_PLACEMENT_3D ( 'NONE', #1432, #1499, #887 ) ;
#6684 = EDGE_LOOP ( 'NONE', ( #4106, #1870, #969, #6642 ) ) ;
#6685 = PLANE ( 'NONE',  #2019 ) ;
#6686 = DIRECTION ( 'NONE',  ( 0.0000000000000000000, 0.0000000000000000000, 1.000000000000000000 ) ) ;
#6687 = DIRECTION ( 'NONE',  ( 4.510281037539699100E-017, -1.000000000000000000, -5.551115123125782700E-017 ) ) ;
#6688 = LINE ( 'NONE', #610, #6342 ) ;
#6689 = FACE_OUTER_BOUND ( 'NONE', #3672, .T. ) ;
#6690 = EDGE_LOOP ( 'NONE', ( #1819, #533, #4463, #3594, #4144 ) ) ;
#6691 = VECTOR ( 'NONE', #439, 39.37007874015748100 ) ;
#6692 = PRESENTATION_LAYER_ASSIGNMENT (  '', '', ( #3793 ) ) ;
#6693 = CARTESIAN_POINT ( 'NONE',  ( 0.5500000000000021500, -0.1299999999999999500, 0.2999999999999847200 ) ) ;
#6694 = ORIENTED_EDGE ( 'NONE', *, *, #2185, .F. ) ;
#6695 = CARTESIAN_POINT ( 'NONE',  ( 0.4754960629921260500, 0.02700787401574881300, -0.2540157480315059500 ) ) ;
#6696 = ORIENTED_EDGE ( 'NONE', *, *, #3166, .F. ) ;
#6697 = DIRECTION ( 'NONE',  ( -5.551115123125782700E-017, -2.220446049250313100E-016, 1.000000000000000000 ) ) ;
#6698 = VECTOR ( 'NONE', #858, 39.37007874015748100 ) ;
#6699 = VECTOR ( 'NONE', #6754, 39.37007874015748100 ) ;
#6700 = ADVANCED_FACE ( 'NONE', ( #817 ), #5643, .F. ) ;
#6701 = EDGE_LOOP ( 'NONE', ( #2436, #2142, #6089 ) ) ;
#6702 = ORIENTED_EDGE ( 'NONE', *, *, #457, .F. ) ;
#6703 = EDGE_CURVE ( 'NONE', #3405, #3993, #2131, .T. ) ;
#6704 = CARTESIAN_POINT ( 'NONE',  ( 0.5500000000000000400, 8.537024980200822600E-017, 2.048885995248197400E-016 ) ) ;
#6705 = DIRECTION ( 'NONE',  ( 1.000000000000000000, 0.0000000000000000000, 2.775557561562890700E-017 ) ) ;
#6706 = LINE ( 'NONE', #1876, #6364 ) ;
#6707 = EDGE_LOOP ( 'NONE', ( #4222, #1331, #6153, #3822 ) ) ;
#6708 = VERTEX_POINT ( 'NONE', #6658 ) ;
#6709 = MANIFOLD_SOLID_BREP ( 'I6A4W010A033V-001-R-1-solid12', #2776 ) ;
#6710 = EDGE_LOOP ( 'NONE', ( #1488, #2942, #4810, #6469 ) ) ;
#6711 = PLANE ( 'NONE',  #803 ) ;
#6712 = CARTESIAN_POINT ( 'NONE',  ( -0.4130000000000000900, 0.02700787401574797000, 0.3484960629921173300 ) ) ;
#6713 = EDGE_LOOP ( 'NONE', ( #5563, #2108, #922, #3983 ) ) ;
#6714 = ORIENTED_EDGE ( 'NONE', *, *, #2839, .F. ) ;
#6715 = ORIENTED_EDGE ( 'NONE', *, *, #2605, .T. ) ;
#6716 = EDGE_CURVE ( 'NONE', #5605, #497, #6122, .T. ) ;
#6717 = VERTEX_POINT ( 'NONE', #446 ) ;
#6718 = ADVANCED_FACE ( 'NONE', ( #5210 ), #3144, .T. ) ;
#6719 = CARTESIAN_POINT ( 'NONE',  ( -0.6500000000000000200, 0.1559999999999939800, 0.4499999999999989600 ) ) ;
#6720 = VECTOR ( 'NONE', #5021, 39.37007874015748100 ) ;
#6721 = PLANE ( 'NONE',  #6313 ) ;
#6722 = EDGE_LOOP ( 'NONE', ( #5836, #3478, #5564, #2055 ) ) ;
#6723 = EDGE_LOOP ( 'NONE', ( #6769, #3249, #2201, #6092 ) ) ;
#6724 = DIRECTION ( 'NONE',  ( 0.0000000000000000000, -2.775557561562882100E-017, 1.000000000000000000 ) ) ;
#6725 = EDGE_CURVE ( 'NONE', #338, #262, #1897, .T. ) ;
#6726 = EDGE_CURVE ( 'NONE', #5804, #77, #1074, .T. ) ;
#6727 = ORIENTED_EDGE ( 'NONE', *, *, #6770, .F. ) ;
#6728 = VECTOR ( 'NONE', #5161, 39.37007874015748100 ) ;
#6729 = DIRECTION ( 'NONE',  ( -1.000000000000000000, -1.711344293466708400E-016, -3.799947675335221100E-032 ) ) ;
#6730 = AXIS2_PLACEMENT_3D ( 'NONE', #4311, #5311, #5858 ) ;
#6731 = ORIENTED_EDGE ( 'NONE', *, *, #6427, .F. ) ;
#6732 = VECTOR ( 'NONE', #6391, 39.37007874015748100 ) ;
#6733 = ADVANCED_FACE ( 'NONE', ( #2462 ), #414, .T. ) ;
#6734 = PRESENTATION_LAYER_ASSIGNMENT (  '', '', ( #1368 ) ) ;
#6735 = STYLED_ITEM ( 'NONE', ( #5675 ), #2141 ) ;
#6736 = DIRECTION ( 'NONE',  ( -4.836559219299864000E-017, 1.000000000000000000, 0.0000000000000000000 ) ) ;
#6737 = DIRECTION ( 'NONE',  ( 1.000000000000000000, 0.0000000000000000000, 0.0000000000000000000 ) ) ;
#6738 = FACE_OUTER_BOUND ( 'NONE', #3620, .T. ) ;
#6739 = VECTOR ( 'NONE', #881, 39.37007874015748100 ) ;
#6740 = CARTESIAN_POINT ( 'NONE',  ( 0.6500000000000000200, 0.08999999999999991300, 0.4499999999999993400 ) ) ;
#6741 = DIRECTION ( 'NONE',  ( -1.000000000000000000, -0.0000000000000000000, -0.0000000000000000000 ) ) ;
#6742 = ADVANCED_FACE ( 'NONE', ( #4416 ), #2626, .F. ) ;
#6743 = EDGE_CURVE ( 'NONE', #1727, #3021, #1228, .T. ) ;
#6744 = FACE_OUTER_BOUND ( 'NONE', #6362, .T. ) ;
#6745 = CARTESIAN_POINT ( 'NONE',  ( -0.3420157480314957600, 0.2544251968503935500, -0.3392125984252100100 ) ) ;
#6746 = ADVANCED_FACE ( 'NONE', ( #5053 ), #1621, .F. ) ;
#6747 = DIRECTION ( 'NONE',  ( 1.000000000000000000, -1.097892830587222400E-017, 5.551115123125788900E-017 ) ) ;
#6748 = LINE ( 'NONE', #6550, #695 ) ;
#6749 = VECTOR ( 'NONE', #4862, 39.37007874015748100 ) ;
#6750 = ORIENTED_EDGE ( 'NONE', *, *, #3390, .T. ) ;
#6751 = PRESENTATION_STYLE_ASSIGNMENT (( #6356 ) ) ;
#6752 = PLANE ( 'NONE',  #6756 ) ;
#6753 = VECTOR ( 'NONE', #1407, 39.37007874015748900 ) ;
#6754 = DIRECTION ( 'NONE',  ( -1.000000000000000000, 1.232595164407830900E-032, -5.551115123125782700E-017 ) ) ;
#6755 = ORIENTED_EDGE ( 'NONE', *, *, #6533, .F. ) ;
#6756 = AXIS2_PLACEMENT_3D ( 'NONE', #1974, #435, #409 ) ;
#6757 = FILL_AREA_STYLE_COLOUR ( '', #2204 ) ;
#6758 = DIRECTION ( 'NONE',  ( 3.197460410711471300E-015, 0.0000000000000000000, -1.000000000000000000 ) ) ;
#6759 = PRESENTATION_LAYER_ASSIGNMENT (  '', '', ( #5572 ) ) ;
#6760 = DIRECTION ( 'NONE',  ( -0.0000000000000000000, -1.000000000000000000, 0.0000000000000000000 ) ) ;
#6761 = SURFACE_STYLE_FILL_AREA ( #5667 ) ;
#6762 = EDGE_CURVE ( 'NONE', #1749, #139, #5801, .T. ) ;
#6763 =( NAMED_UNIT ( * ) PLANE_ANGLE_UNIT ( ) SI_UNIT ( $, .RADIAN. ) );
#6764 = ADVANCED_FACE ( 'NONE', ( #5455 ), #547, .F. ) ;
#6765 = LINE ( 'NONE', #18, #1804 ) ;
#6766 = AXIS2_PLACEMENT_3D ( 'NONE', #971, #4043, #2476 ) ;
#6767 = LINE ( 'NONE', #1394, #4322 ) ;
#6768 = CARTESIAN_POINT ( 'NONE',  ( 0.5500000000000000400, 0.7811982419601926100, -0.2690000000000000200 ) ) ;
#6769 = ORIENTED_EDGE ( 'NONE', *, *, #906, .T. ) ;
#6770 = EDGE_CURVE ( 'NONE', #503, #1164, #740, .T. ) ;
#6771 = AXIS2_PLACEMENT_3D ( 'NONE', #5101, #4533, #4557 ) ;
#6772 = ADVANCED_FACE ( 'NONE', ( #3335 ), #1484, .T. ) ;
#6773 = DIRECTION ( 'NONE',  ( 0.0000000000000000000, 1.000000000000000000, -0.0000000000000000000 ) ) ;
#6774 = FACE_OUTER_BOUND ( 'NONE', #1618, .T. ) ;
#6775 = CIRCLE ( 'NONE', #2082, 0.01999999999999992400 ) ;
#6776 = VECTOR ( 'NONE', #4327, 39.37007874015748100 ) ;
ENDSEC;
END-ISO-10303-21;
